lead_id,event_id,event_date,event_type
1,evt_00000004,2026-03-08,email_open
1,evt_00000012,2026-03-09,email_open
1,evt_00000009,2026-03-22,website_visit
1,evt_00000007,2026-03-29,email_open
1,evt_00000002,2026-04-11,website_visit
1,evt_00000010,2026-04-26,website_visit
1,evt_00000008,2026-05-26,email_open
1,evt_00000003,2026-06-09,website_visit
1,evt_00000001,2026-06-20,email_open
1,evt_00000006,2026-06-30,website_visit
1,evt_00000011,2026-08-03,email_open
1,evt_00000005,2026-08-04,website_visit
2,evt_00000014,2026-05-06,website_visit
2,evt_00000021,2026-05-13,email_click
2,evt_00000019,2026-06-16,email_open
2,evt_00000015,2026-06-19,website_visit
2,evt_00000017,2026-06-23,email_open
2,evt_00000018,2026-06-29,email_open
2,evt_00000020,2026-07-08,email_open
2,evt_00000016,2026-07-11,website_visit
2,evt_00000022,2026-07-17,email_click
2,evt_00000013,2026-07-21,email_open
3,evt_00000025,2026-04-19,email_open
3,evt_00000031,2026-05-02,email_open
3,evt_00000030,2026-05-20,website_visit
3,evt_00000023,2026-06-03,website_visit
3,evt_00000026,2026-06-03,email_open
3,evt_00000027,2026-06-30,email_click
3,evt_00000029,2026-06-30,email_open
3,evt_00000032,2026-07-13,email_open
3,evt_00000024,2026-07-18,email_open
3,evt_00000028,2026-08-08,website_visit
4,evt_00000036,2026-06-03,form_fill
4,evt_00000037,2026-06-03,website_visit
4,evt_00000033,2026-06-10,email_open
4,evt_00000035,2026-06-21,website_visit
4,evt_00000038,2026-07-14,email_open
4,evt_00000034,2026-08-05,form_fill
5,evt_00000040,2026-06-23,email_click
5,evt_00000039,2026-06-26,email_open
5,evt_00000043,2026-07-08,email_open
5,evt_00000041,2026-07-17,email_click
5,evt_00000042,2026-07-26,email_open
6,evt_00000055,2026-03-14,website_visit
6,evt_00000047,2026-03-22,website_visit
6,evt_00000048,2026-03-25,email_click
6,evt_00000058,2026-03-29,website_visit
6,evt_00000045,2026-04-04,email_open
6,evt_00000052,2026-04-21,email_open
6,evt_00000057,2026-04-29,email_click
6,evt_00000049,2026-05-17,email_click
6,evt_00000054,2026-05-17,email_open
6,evt_00000044,2026-06-08,email_click
6,evt_00000051,2026-07-11,email_click
6,evt_00000053,2026-07-17,email_click
6,evt_00000056,2026-07-24,email_open
6,evt_00000050,2026-07-30,email_click
6,evt_00000046,2026-08-02,email_click
7,evt_00000059,2026-04-21,email_open
7,evt_00000061,2026-04-28,email_open
7,evt_00000060,2026-04-30,form_fill
7,evt_00000067,2026-05-16,website_visit
7,evt_00000068,2026-05-28,website_visit
7,evt_00000066,2026-06-04,email_click
7,evt_00000064,2026-07-21,website_visit
7,evt_00000065,2026-07-26,website_visit
7,evt_00000062,2026-08-05,email_open
7,evt_00000063,2026-08-08,website_visit
8,evt_00000083,2026-04-09,website_visit
8,evt_00000078,2026-04-15,website_visit
8,evt_00000087,2026-04-15,email_open
8,evt_00000076,2026-04-17,email_open
8,evt_00000070,2026-04-18,email_open
8,evt_00000082,2026-04-24,website_visit
8,evt_00000077,2026-05-05,email_open
8,evt_00000079,2026-05-07,email_open
8,evt_00000081,2026-05-23,email_click
8,evt_00000075,2026-05-25,email_click
8,evt_00000080,2026-06-04,website_visit
8,evt_00000085,2026-06-12,email_open
8,evt_00000071,2026-07-02,email_click
8,evt_00000084,2026-07-05,email_open
8,evt_00000074,2026-07-10,demo_request
8,evt_00000072,2026-07-23,email_open
8,evt_00000069,2026-07-25,website_visit
8,evt_00000086,2026-07-30,email_open
8,evt_00000073,2026-08-08,email_open
9,evt_00000107,2026-04-10,email_click
9,evt_00000090,2026-04-25,email_click
9,evt_00000108,2026-04-26,email_open
9,evt_00000102,2026-05-07,website_visit
9,evt_00000094,2026-05-09,email_open
9,evt_00000096,2026-05-15,email_open
9,evt_00000089,2026-05-26,form_fill
9,evt_00000101,2026-05-26,email_click
9,evt_00000103,2026-05-30,email_open
9,evt_00000097,2026-06-09,email_click
9,evt_00000099,2026-06-18,email_open
9,evt_00000092,2026-06-22,email_open
9,evt_00000088,2026-07-07,email_open
9,evt_00000105,2026-07-07,website_visit
9,evt_00000098,2026-07-08,website_visit
9,evt_00000093,2026-07-12,email_open
9,evt_00000095,2026-07-17,website_visit
9,evt_00000109,2026-07-17,email_open
9,evt_00000106,2026-07-24,email_open
9,evt_00000100,2026-07-30,email_open
9,evt_00000091,2026-07-31,website_visit
9,evt_00000104,2026-08-08,email_open
10,evt_00000112,2026-05-28,email_click
10,evt_00000110,2026-06-04,email_open
10,evt_00000114,2026-06-23,email_open
10,evt_00000117,2026-06-30,email_open
10,evt_00000115,2026-07-19,email_click
10,evt_00000113,2026-07-24,website_visit
10,evt_00000111,2026-07-26,email_open
10,evt_00000116,2026-07-30,website_visit
11,evt_00000119,2026-05-30,website_visit
11,evt_00000127,2026-06-02,email_click
11,evt_00000134,2026-06-18,email_open
11,evt_00000135,2026-06-20,email_open
11,evt_00000137,2026-06-21,website_visit
11,evt_00000120,2026-06-23,email_open
11,evt_00000132,2026-06-25,email_open
11,evt_00000136,2026-06-25,email_open
11,evt_00000133,2026-06-29,email_open
11,evt_00000124,2026-07-07,website_visit
11,evt_00000131,2026-07-11,email_open
11,evt_00000130,2026-07-15,email_open
11,evt_00000126,2026-07-19,website_visit
11,evt_00000125,2026-07-22,email_click
11,evt_00000138,2026-07-23,email_open
11,evt_00000122,2026-07-24,website_visit
11,evt_00000129,2026-07-28,email_open
11,evt_00000118,2026-07-31,email_click
11,evt_00000123,2026-08-01,demo_request
11,evt_00000121,2026-08-03,email_open
11,evt_00000128,2026-08-06,email_click
12,evt_00000164,2026-04-20,email_click
12,evt_00000146,2026-04-21,website_visit
12,evt_00000161,2026-04-26,email_click
12,evt_00000149,2026-04-30,form_fill
12,evt_00000155,2026-04-30,email_click
12,evt_00000156,2026-04-30,email_click
12,evt_00000141,2026-05-01,email_open
12,evt_00000170,2026-05-24,email_open
12,evt_00000158,2026-06-05,email_click
12,evt_00000157,2026-06-06,email_click
12,evt_00000143,2026-06-09,website_visit
12,evt_00000147,2026-06-12,email_open
12,evt_00000140,2026-06-13,email_click
12,evt_00000139,2026-06-15,website_visit
12,evt_00000154,2026-06-20,email_open
12,evt_00000145,2026-06-25,email_click
12,evt_00000153,2026-07-06,email_open
12,evt_00000163,2026-07-06,email_open
12,evt_00000142,2026-07-07,email_open
12,evt_00000167,2026-07-08,email_open
12,evt_00000166,2026-07-12,website_visit
12,evt_00000150,2026-07-15,email_click
12,evt_00000152,2026-07-15,form_fill
12,evt_00000160,2026-07-15,email_click
12,evt_00000169,2026-07-15,email_open
12,evt_00000144,2026-07-23,email_open
12,evt_00000168,2026-07-27,website_visit
12,evt_00000159,2026-07-30,website_visit
12,evt_00000165,2026-07-30,email_open
12,evt_00000162,2026-07-31,email_open
12,evt_00000148,2026-08-01,email_open
12,evt_00000171,2026-08-04,email_open
12,evt_00000151,2026-08-08,website_visit
13,evt_00000174,2026-04-22,email_click
13,evt_00000178,2026-05-24,email_open
13,evt_00000179,2026-06-07,email_open
13,evt_00000173,2026-06-29,email_open
13,evt_00000175,2026-07-04,email_open
13,evt_00000176,2026-07-08,email_open
13,evt_00000177,2026-07-20,email_open
13,evt_00000172,2026-07-26,website_visit
14,evt_00000186,2026-02-25,email_click
14,evt_00000185,2026-03-16,email_open
14,evt_00000183,2026-04-07,form_fill
14,evt_00000184,2026-06-10,email_open
14,evt_00000182,2026-07-01,email_open
14,evt_00000181,2026-07-14,email_open
14,evt_00000180,2026-07-19,email_open
14,evt_00000187,2026-08-02,website_visit
15,evt_00000190,2026-07-07,email_click
15,evt_00000189,2026-07-22,website_visit
15,evt_00000188,2026-07-29,email_open
15,evt_00000191,2026-08-03,email_open
16,evt_00000194,2026-05-29,email_open
16,evt_00000193,2026-06-19,website_visit
16,evt_00000192,2026-08-07,website_visit
17,evt_00000196,2026-05-25,email_click
17,evt_00000195,2026-06-20,website_visit
17,evt_00000198,2026-06-28,email_click
17,evt_00000197,2026-07-31,email_open
18,evt_00000204,2026-03-11,email_open
18,evt_00000225,2026-03-16,email_open
18,evt_00000215,2026-03-26,website_visit
18,evt_00000205,2026-03-29,email_click
18,evt_00000211,2026-04-05,email_click
18,evt_00000202,2026-04-08,email_click
18,evt_00000206,2026-04-10,email_click
18,evt_00000229,2026-04-12,email_open
18,evt_00000217,2026-04-16,email_click
18,evt_00000210,2026-04-24,website_visit
18,evt_00000224,2026-04-27,email_open
18,evt_00000219,2026-05-04,website_visit
18,evt_00000199,2026-05-07,email_click
18,evt_00000212,2026-05-12,email_click
18,evt_00000220,2026-05-22,email_open
18,evt_00000214,2026-05-24,website_visit
18,evt_00000223,2026-06-02,email_open
18,evt_00000207,2026-06-05,email_click
18,evt_00000209,2026-06-10,email_click
18,evt_00000200,2026-06-13,email_open
18,evt_00000208,2026-06-23,email_click
18,evt_00000227,2026-06-24,website_visit
18,evt_00000226,2026-06-29,email_open
18,evt_00000218,2026-07-08,email_open
18,evt_00000201,2026-07-15,email_open
18,evt_00000222,2026-07-15,email_open
18,evt_00000228,2026-07-17,email_open
18,evt_00000221,2026-07-19,email_open
18,evt_00000203,2026-07-27,email_open
18,evt_00000216,2026-07-27,email_click
18,evt_00000213,2026-08-03,email_open
19,evt_00000230,2026-08-02,website_visit
20,evt_00000239,2026-02-13,email_click
20,evt_00000236,2026-02-18,email_open
20,evt_00000240,2026-02-26,email_open
20,evt_00000234,2026-03-09,email_open
20,evt_00000237,2026-03-17,email_open
20,evt_00000238,2026-05-09,email_click
20,evt_00000232,2026-06-26,email_open
20,evt_00000231,2026-07-10,email_open
20,evt_00000233,2026-07-25,email_open
20,evt_00000235,2026-07-29,form_fill
21,evt_00000242,2026-07-02,email_open
21,evt_00000247,2026-07-02,form_fill
21,evt_00000245,2026-07-08,email_open
21,evt_00000246,2026-07-11,email_open
21,evt_00000251,2026-07-12,website_visit
21,evt_00000249,2026-07-13,email_click
21,evt_00000244,2026-07-16,email_click
21,evt_00000243,2026-07-17,form_fill
21,evt_00000248,2026-07-17,email_open
21,evt_00000250,2026-07-17,email_open
21,evt_00000252,2026-07-29,email_click
21,evt_00000241,2026-07-30,email_click
21,evt_00000253,2026-08-08,email_click
22,evt_00000264,2026-04-06,email_open
22,evt_00000259,2026-04-11,email_open
22,evt_00000263,2026-05-02,website_visit
22,evt_00000265,2026-05-19,email_open
22,evt_00000258,2026-05-31,demo_request
22,evt_00000255,2026-06-06,email_open
22,evt_00000261,2026-06-10,email_click
22,evt_00000256,2026-07-11,email_click
22,evt_00000260,2026-07-13,email_open
22,evt_00000262,2026-07-14,form_fill
22,evt_00000257,2026-07-21,demo_request
22,evt_00000254,2026-08-04,email_open
23,evt_00000266,2026-07-03,email_open
23,evt_00000267,2026-07-24,website_visit
24,evt_00000275,2026-06-28,email_click
24,evt_00000278,2026-07-01,email_open
24,evt_00000273,2026-07-04,email_click
24,evt_00000277,2026-07-11,email_click
24,evt_00000279,2026-07-11,email_open
24,evt_00000268,2026-07-13,email_open
24,evt_00000272,2026-07-13,email_open
24,evt_00000276,2026-07-13,form_fill
24,evt_00000269,2026-07-14,website_visit
24,evt_00000271,2026-07-30,email_open
24,evt_00000270,2026-07-31,demo_request
24,evt_00000274,2026-08-08,website_visit
25,evt_00000282,2026-06-18,website_visit
25,evt_00000285,2026-06-19,email_open
25,evt_00000283,2026-07-12,email_click
25,evt_00000284,2026-07-30,email_open
25,evt_00000280,2026-08-01,email_open
25,evt_00000281,2026-08-02,email_click
26,evt_00000298,2026-05-30,email_open
26,evt_00000296,2026-06-02,email_open
26,evt_00000322,2026-06-05,form_fill
26,evt_00000290,2026-06-08,email_click
26,evt_00000324,2026-06-09,email_open
26,evt_00000304,2026-06-10,email_open
26,evt_00000305,2026-06-12,email_open
26,evt_00000313,2026-06-12,email_open
26,evt_00000317,2026-06-13,email_open
26,evt_00000287,2026-06-14,website_visit
26,evt_00000309,2026-06-15,email_click
26,evt_00000300,2026-06-18,email_open
26,evt_00000321,2026-06-18,email_open
26,evt_00000314,2026-06-19,email_open
26,evt_00000302,2026-06-23,email_open
26,evt_00000306,2026-06-26,email_open
26,evt_00000307,2026-06-26,email_open
26,evt_00000291,2026-06-27,email_open
26,evt_00000294,2026-06-27,email_open
26,evt_00000303,2026-06-28,website_visit
26,evt_00000289,2026-06-30,website_visit
26,evt_00000310,2026-07-01,email_open
26,evt_00000311,2026-07-06,email_open
26,evt_00000297,2026-07-07,email_open
26,evt_00000326,2026-07-11,email_open
26,evt_00000301,2026-07-12,email_open
26,evt_00000292,2026-07-13,form_fill
26,evt_00000316,2026-07-16,email_open
26,evt_00000325,2026-07-17,email_open
26,evt_00000320,2026-07-18,email_open
26,evt_00000295,2026-07-20,form_fill
26,evt_00000286,2026-07-23,demo_request
26,evt_00000312,2026-07-23,website_visit
26,evt_00000299,2026-07-24,email_click
26,evt_00000288,2026-07-26,form_fill
26,evt_00000308,2026-07-29,email_open
26,evt_00000315,2026-07-29,email_click
26,evt_00000319,2026-07-29,email_open
26,evt_00000318,2026-08-03,email_open
26,evt_00000323,2026-08-03,email_open
26,evt_00000293,2026-08-04,email_click
27,evt_00000329,2026-06-18,demo_request
27,evt_00000330,2026-07-05,email_open
27,evt_00000327,2026-07-20,form_fill
27,evt_00000328,2026-08-04,email_open
28,evt_00000332,2026-05-31,email_open
28,evt_00000341,2026-06-06,email_click
28,evt_00000337,2026-06-08,website_visit
28,evt_00000334,2026-06-09,website_visit
28,evt_00000335,2026-06-19,website_visit
28,evt_00000338,2026-07-10,email_open
28,evt_00000339,2026-07-16,email_open
28,evt_00000340,2026-07-17,email_open
28,evt_00000333,2026-07-18,email_open
28,evt_00000336,2026-07-21,email_open
28,evt_00000331,2026-07-30,email_open
28,evt_00000342,2026-08-08,email_open
29,evt_00000358,2026-05-26,email_open
29,evt_00000345,2026-05-27,email_click
29,evt_00000348,2026-05-27,email_open
29,evt_00000361,2026-05-31,website_visit
29,evt_00000377,2026-05-31,email_open
29,evt_00000356,2026-06-04,demo_request
29,evt_00000362,2026-06-05,email_open
29,evt_00000365,2026-06-06,email_open
29,evt_00000351,2026-06-12,email_click
29,evt_00000364,2026-06-13,form_fill
29,evt_00000346,2026-06-19,email_open
29,evt_00000353,2026-06-23,website_visit
29,evt_00000370,2026-06-24,email_open
29,evt_00000357,2026-06-25,email_click
29,evt_00000376,2026-07-01,website_visit
29,evt_00000371,2026-07-02,website_visit
29,evt_00000352,2026-07-03,email_click
29,evt_00000372,2026-07-04,website_visit
29,evt_00000355,2026-07-06,website_visit
29,evt_00000349,2026-07-08,email_open
29,evt_00000347,2026-07-14,website_visit
29,evt_00000363,2026-07-15,email_open
29,evt_00000344,2026-07-18,email_open
29,evt_00000369,2026-07-19,website_visit
29,evt_00000354,2026-07-21,website_visit
29,evt_00000374,2026-07-22,email_open
29,evt_00000373,2026-07-23,email_click
29,evt_00000359,2026-07-24,email_click
29,evt_00000350,2026-07-27,website_visit
29,evt_00000368,2026-07-30,email_open
29,evt_00000343,2026-08-01,email_click
29,evt_00000375,2026-08-01,website_visit
29,evt_00000367,2026-08-02,email_open
29,evt_00000360,2026-08-04,email_open
29,evt_00000366,2026-08-07,website_visit
30,evt_00000381,2026-07-05,website_visit
30,evt_00000384,2026-07-07,website_visit
30,evt_00000380,2026-07-08,email_open
30,evt_00000383,2026-07-11,email_open
30,evt_00000386,2026-07-14,email_open
30,evt_00000382,2026-07-16,form_fill
30,evt_00000385,2026-07-16,website_visit
30,evt_00000378,2026-07-29,email_open
30,evt_00000379,2026-07-31,email_open
31,evt_00000387,2026-03-12,website_visit
31,evt_00000390,2026-04-29,demo_request
31,evt_00000388,2026-07-04,website_visit
31,evt_00000389,2026-07-24,demo_request
31,evt_00000392,2026-07-30,email_open
31,evt_00000391,2026-08-01,email_open
32,evt_00000393,2026-07-24,email_open
33,evt_00000395,2026-06-26,email_open
33,evt_00000397,2026-06-30,email_open
33,evt_00000398,2026-06-30,email_open
33,evt_00000399,2026-07-03,website_visit
33,evt_00000396,2026-07-21,website_visit
33,evt_00000394,2026-07-26,website_visit
34,evt_00000421,2026-04-16,email_click
34,evt_00000411,2026-04-18,email_click
34,evt_00000405,2026-04-27,form_fill
34,evt_00000406,2026-04-29,email_click
34,evt_00000407,2026-04-29,email_open
34,evt_00000409,2026-04-29,email_open
34,evt_00000403,2026-05-02,email_open
34,evt_00000414,2026-05-02,demo_request
34,evt_00000400,2026-05-09,email_click
34,evt_00000408,2026-05-10,email_open
34,evt_00000420,2026-05-21,website_visit
34,evt_00000402,2026-06-01,email_open
34,evt_00000412,2026-06-05,email_open
34,evt_00000413,2026-06-28,email_click
34,evt_00000416,2026-07-08,email_open
34,evt_00000415,2026-07-17,website_visit
34,evt_00000401,2026-07-18,email_click
34,evt_00000417,2026-07-19,email_open
34,evt_00000410,2026-07-29,email_open
34,evt_00000418,2026-07-30,email_open
34,evt_00000419,2026-07-31,email_open
34,evt_00000404,2026-08-03,email_click
35,evt_00000425,2026-07-27,email_open
35,evt_00000446,2026-07-28,email_open
35,evt_00000422,2026-07-29,demo_request
35,evt_00000423,2026-07-29,email_open
35,evt_00000433,2026-07-30,email_open
35,evt_00000436,2026-07-30,email_open
35,evt_00000427,2026-07-31,form_fill
35,evt_00000428,2026-07-31,email_open
35,evt_00000440,2026-07-31,email_open
35,evt_00000442,2026-07-31,website_visit
35,evt_00000443,2026-07-31,email_click
35,evt_00000426,2026-08-01,email_click
35,evt_00000438,2026-08-01,demo_request
35,evt_00000448,2026-08-01,email_open
35,evt_00000432,2026-08-02,form_fill
35,evt_00000439,2026-08-02,email_click
35,evt_00000445,2026-08-02,form_fill
35,evt_00000431,2026-08-03,email_click
35,evt_00000444,2026-08-03,website_visit
35,evt_00000430,2026-08-04,email_click
35,evt_00000447,2026-08-04,email_open
35,evt_00000429,2026-08-05,email_open
35,evt_00000424,2026-08-06,email_open
35,evt_00000435,2026-08-06,email_open
35,evt_00000437,2026-08-07,website_visit
35,evt_00000434,2026-08-08,website_visit
35,evt_00000441,2026-08-08,email_open
36,evt_00000450,2026-06-21,website_visit
36,evt_00000452,2026-06-24,website_visit
36,evt_00000454,2026-06-26,email_open
36,evt_00000455,2026-06-26,email_open
36,evt_00000458,2026-07-12,website_visit
36,evt_00000459,2026-07-14,form_fill
36,evt_00000460,2026-07-16,email_open
36,evt_00000456,2026-07-20,form_fill
36,evt_00000451,2026-07-25,website_visit
36,evt_00000449,2026-07-28,email_open
36,evt_00000453,2026-08-01,email_open
36,evt_00000457,2026-08-06,email_open
37,evt_00000480,2026-05-03,email_open
37,evt_00000482,2026-05-23,website_visit
37,evt_00000467,2026-05-24,form_fill
37,evt_00000475,2026-05-29,email_open
37,evt_00000478,2026-05-29,website_visit
37,evt_00000468,2026-05-31,form_fill
37,evt_00000481,2026-06-02,website_visit
37,evt_00000476,2026-06-05,email_click
37,evt_00000477,2026-06-10,email_open
37,evt_00000473,2026-06-15,email_open
37,evt_00000465,2026-06-18,email_click
37,evt_00000472,2026-07-02,email_click
37,evt_00000474,2026-07-03,email_click
37,evt_00000461,2026-07-08,email_open
37,evt_00000464,2026-07-10,email_click
37,evt_00000471,2026-07-16,website_visit
37,evt_00000466,2026-07-20,email_open
37,evt_00000462,2026-07-24,form_fill
37,evt_00000469,2026-07-24,demo_request
37,evt_00000463,2026-07-25,email_open
37,evt_00000479,2026-07-25,email_open
37,evt_00000470,2026-08-08,website_visit
38,evt_00000483,2026-07-26,email_click
38,evt_00000484,2026-08-01,demo_request
39,evt_00000486,2026-05-09,demo_request
39,evt_00000488,2026-05-17,website_visit
39,evt_00000490,2026-05-22,email_open
39,evt_00000491,2026-06-15,email_open
39,evt_00000487,2026-06-24,email_open
39,evt_00000492,2026-07-17,website_visit
39,evt_00000485,2026-07-29,demo_request
39,evt_00000489,2026-08-06,email_open
40,evt_00000496,2026-07-09,email_open
40,evt_00000497,2026-07-09,email_open
40,evt_00000494,2026-07-10,email_open
40,evt_00000495,2026-07-16,email_click
40,evt_00000493,2026-08-06,website_visit
41,evt_00000500,2026-06-19,website_visit
41,evt_00000502,2026-06-26,email_open
41,evt_00000503,2026-06-30,email_open
41,evt_00000501,2026-07-08,website_visit
41,evt_00000498,2026-07-11,email_open
41,evt_00000499,2026-07-23,email_open
42,evt_00000510,2026-04-14,email_open
42,evt_00000504,2026-05-02,email_open
42,evt_00000513,2026-05-12,email_open
42,evt_00000506,2026-05-15,website_visit
42,evt_00000511,2026-05-25,email_click
42,evt_00000509,2026-06-05,website_visit
42,evt_00000512,2026-06-08,email_open
42,evt_00000508,2026-06-16,website_visit
42,evt_00000507,2026-07-09,email_click
42,evt_00000514,2026-07-10,website_visit
42,evt_00000505,2026-08-02,email_click
43,evt_00000515,2026-04-27,email_open
43,evt_00000517,2026-06-16,email_open
43,evt_00000516,2026-07-05,website_visit
44,evt_00000519,2026-05-08,website_visit
44,evt_00000529,2026-05-09,website_visit
44,evt_00000531,2026-05-10,email_open
44,evt_00000518,2026-05-11,email_open
44,evt_00000526,2026-05-11,email_open
44,evt_00000521,2026-05-15,email_open
44,evt_00000532,2026-05-16,email_click
44,evt_00000533,2026-05-24,email_open
44,evt_00000520,2026-05-26,email_open
44,evt_00000525,2026-05-29,email_open
44,evt_00000522,2026-06-15,email_open
44,evt_00000536,2026-06-24,demo_request
44,evt_00000528,2026-07-02,email_open
44,evt_00000523,2026-07-06,email_open
44,evt_00000535,2026-07-10,website_visit
44,evt_00000534,2026-07-25,website_visit
44,evt_00000524,2026-07-26,email_open
44,evt_00000527,2026-08-02,email_open
44,evt_00000530,2026-08-02,email_open
45,evt_00000543,2026-04-18,email_open
45,evt_00000551,2026-04-20,email_open
45,evt_00000548,2026-04-28,email_click
45,evt_00000541,2026-05-01,email_click
45,evt_00000547,2026-05-03,email_open
45,evt_00000539,2026-05-17,form_fill
45,evt_00000538,2026-05-23,email_click
45,evt_00000537,2026-05-31,demo_request
45,evt_00000542,2026-06-13,email_open
45,evt_00000546,2026-06-15,email_open
45,evt_00000550,2026-07-02,email_open
45,evt_00000544,2026-07-06,email_open
45,evt_00000540,2026-07-07,email_open
45,evt_00000545,2026-07-17,email_click
45,evt_00000549,2026-07-27,form_fill
46,evt_00000554,2026-05-11,email_click
46,evt_00000552,2026-05-23,website_visit
46,evt_00000553,2026-07-24,email_open
47,evt_00000558,2026-04-05,website_visit
47,evt_00000560,2026-05-19,email_open
47,evt_00000557,2026-06-05,email_open
47,evt_00000555,2026-06-10,email_open
47,evt_00000559,2026-07-18,email_click
47,evt_00000556,2026-07-27,website_visit
48,evt_00000561,2026-07-21,website_visit
48,evt_00000562,2026-07-28,email_click
49,evt_00000564,2026-07-30,email_click
49,evt_00000563,2026-08-03,website_visit
50,evt_00000568,2026-06-14,website_visit
50,evt_00000567,2026-06-18,email_click
50,evt_00000565,2026-07-11,email_open
50,evt_00000566,2026-07-26,email_open
51,evt_00000569,2026-03-12,email_open
51,evt_00000572,2026-05-09,website_visit
51,evt_00000570,2026-05-24,email_open
51,evt_00000571,2026-07-31,email_open
52,evt_00000576,2026-07-16,website_visit
52,evt_00000581,2026-07-16,email_open
52,evt_00000583,2026-07-17,email_click
52,evt_00000573,2026-07-20,email_open
52,evt_00000574,2026-07-28,demo_request
52,evt_00000577,2026-07-28,email_open
52,evt_00000575,2026-07-31,form_fill
52,evt_00000579,2026-08-03,form_fill
52,evt_00000580,2026-08-05,email_open
52,evt_00000582,2026-08-05,email_open
52,evt_00000578,2026-08-06,email_open
52,evt_00000584,2026-08-06,email_click
53,evt_00000592,2026-05-08,email_open
53,evt_00000585,2026-05-12,form_fill
53,evt_00000591,2026-06-03,email_open
53,evt_00000590,2026-07-09,website_visit
53,evt_00000587,2026-07-13,email_click
53,evt_00000589,2026-07-26,demo_request
53,evt_00000586,2026-07-30,email_open
53,evt_00000588,2026-08-04,email_click
54,evt_00000594,2026-02-28,email_open
54,evt_00000600,2026-03-03,email_open
54,evt_00000593,2026-03-09,email_click
54,evt_00000601,2026-03-19,email_open
54,evt_00000602,2026-03-27,email_click
54,evt_00000610,2026-04-01,email_open
54,evt_00000603,2026-04-07,form_fill
54,evt_00000595,2026-04-11,email_open
54,evt_00000609,2026-05-12,email_open
54,evt_00000605,2026-05-18,email_open
54,evt_00000604,2026-05-23,email_click
54,evt_00000599,2026-05-28,email_open
54,evt_00000607,2026-06-07,website_visit
54,evt_00000597,2026-06-13,email_click
54,evt_00000606,2026-07-06,email_click
54,evt_00000598,2026-07-29,demo_request
54,evt_00000608,2026-07-31,email_open
54,evt_00000596,2026-08-04,email_open
55,evt_00000612,2026-04-30,email_click
55,evt_00000617,2026-05-03,email_click
55,evt_00000614,2026-05-07,demo_request
55,evt_00000611,2026-05-16,email_click
55,evt_00000615,2026-06-16,email_click
55,evt_00000613,2026-06-18,email_open
55,evt_00000619,2026-07-02,email_open
55,evt_00000618,2026-07-10,email_open
55,evt_00000616,2026-08-06,email_open
56,evt_00000620,2026-06-22,website_visit
56,evt_00000633,2026-06-24,email_click
56,evt_00000636,2026-06-24,form_fill
56,evt_00000632,2026-06-25,email_open
56,evt_00000646,2026-06-25,email_click
56,evt_00000644,2026-06-26,email_open
56,evt_00000647,2026-06-26,website_visit
56,evt_00000642,2026-06-27,email_open
56,evt_00000639,2026-06-28,email_click
56,evt_00000638,2026-06-29,email_open
56,evt_00000637,2026-07-03,email_open
56,evt_00000623,2026-07-04,email_click
56,evt_00000624,2026-07-06,website_visit
56,evt_00000631,2026-07-06,website_visit
56,evt_00000645,2026-07-08,email_open
56,evt_00000621,2026-07-12,email_open
56,evt_00000630,2026-07-12,email_open
56,evt_00000629,2026-07-13,website_visit
56,evt_00000635,2026-07-17,email_open
56,evt_00000622,2026-07-21,website_visit
56,evt_00000627,2026-07-21,email_open
56,evt_00000634,2026-07-27,website_visit
56,evt_00000643,2026-07-29,email_click
56,evt_00000628,2026-07-30,email_click
56,evt_00000641,2026-07-31,website_visit
56,evt_00000640,2026-08-03,website_visit
56,evt_00000625,2026-08-05,website_visit
56,evt_00000626,2026-08-06,email_open
57,evt_00000654,2026-06-24,email_open
57,evt_00000652,2026-07-02,website_visit
57,evt_00000653,2026-07-08,email_open
57,evt_00000648,2026-07-09,email_open
57,evt_00000650,2026-07-09,email_open
57,evt_00000649,2026-07-10,email_open
57,evt_00000651,2026-07-12,email_open
57,evt_00000655,2026-07-14,email_open
57,evt_00000656,2026-08-04,email_open
58,evt_00000662,2026-05-30,website_visit
58,evt_00000657,2026-06-21,email_click
58,evt_00000658,2026-06-23,email_open
58,evt_00000660,2026-06-29,website_visit
58,evt_00000661,2026-07-13,email_open
58,evt_00000659,2026-07-18,email_click
58,evt_00000663,2026-07-19,website_visit
58,evt_00000664,2026-08-08,website_visit
59,evt_00000670,2026-07-07,website_visit
59,evt_00000685,2026-07-07,email_click
59,evt_00000675,2026-07-11,website_visit
59,evt_00000667,2026-07-12,email_open
59,evt_00000666,2026-07-14,email_open
59,evt_00000672,2026-07-14,email_open
59,evt_00000677,2026-07-14,email_open
59,evt_00000679,2026-07-15,email_open
59,evt_00000681,2026-07-15,website_visit
59,evt_00000683,2026-07-19,website_visit
59,evt_00000676,2026-07-20,website_visit
59,evt_00000678,2026-07-25,form_fill
59,evt_00000682,2026-07-26,website_visit
59,evt_00000665,2026-07-27,email_click
59,evt_00000668,2026-07-27,email_open
59,evt_00000671,2026-07-29,email_open
59,evt_00000684,2026-07-29,email_open
59,evt_00000680,2026-07-30,email_open
59,evt_00000674,2026-08-01,form_fill
59,evt_00000673,2026-08-02,email_open
59,evt_00000686,2026-08-05,demo_request
59,evt_00000669,2026-08-07,email_open
60,evt_00000690,2026-07-19,form_fill
60,evt_00000693,2026-07-19,email_open
60,evt_00000689,2026-07-27,email_open
60,evt_00000688,2026-07-29,demo_request
60,evt_00000687,2026-07-30,email_click
60,evt_00000692,2026-07-30,website_visit
60,evt_00000691,2026-08-08,email_open
61,evt_00000695,2026-06-11,email_open
61,evt_00000697,2026-06-11,email_open
61,evt_00000694,2026-06-22,form_fill
61,evt_00000696,2026-07-04,website_visit
61,evt_00000699,2026-07-05,website_visit
61,evt_00000698,2026-07-19,email_open
62,evt_00000701,2026-03-21,website_visit
62,evt_00000700,2026-04-02,website_visit
62,evt_00000704,2026-04-03,email_click
62,evt_00000709,2026-04-12,website_visit
62,evt_00000705,2026-05-18,email_click
62,evt_00000706,2026-05-31,email_open
62,evt_00000710,2026-06-16,email_click
62,evt_00000702,2026-06-28,email_open
62,evt_00000708,2026-07-25,email_open
62,evt_00000707,2026-08-02,website_visit
62,evt_00000703,2026-08-06,email_open
63,evt_00000718,2026-07-13,website_visit
63,evt_00000719,2026-07-17,email_click
63,evt_00000713,2026-07-20,website_visit
63,evt_00000716,2026-07-22,demo_request
63,evt_00000714,2026-07-23,email_open
63,evt_00000712,2026-07-26,email_open
63,evt_00000715,2026-08-01,email_open
63,evt_00000721,2026-08-03,email_open
63,evt_00000717,2026-08-05,email_open
63,evt_00000711,2026-08-06,demo_request
63,evt_00000720,2026-08-06,email_click
63,evt_00000722,2026-08-06,email_open
64,evt_00000732,2026-02-23,form_fill
64,evt_00000739,2026-02-28,website_visit
64,evt_00000746,2026-03-06,email_open
64,evt_00000735,2026-03-08,email_click
64,evt_00000733,2026-03-09,website_visit
64,evt_00000745,2026-03-13,email_open
64,evt_00000738,2026-03-25,website_visit
64,evt_00000726,2026-04-04,website_visit
64,evt_00000741,2026-04-04,email_open
64,evt_00000737,2026-04-13,email_click
64,evt_00000744,2026-04-16,email_open
64,evt_00000740,2026-04-19,email_click
64,evt_00000731,2026-04-29,email_open
64,evt_00000729,2026-04-30,email_click
64,evt_00000723,2026-05-01,email_open
64,evt_00000736,2026-05-11,email_open
64,evt_00000725,2026-05-22,website_visit
64,evt_00000734,2026-06-07,website_visit
64,evt_00000727,2026-06-24,website_visit
64,evt_00000730,2026-07-02,email_open
64,evt_00000743,2026-07-10,form_fill
64,evt_00000728,2026-07-20,email_open
64,evt_00000724,2026-07-30,email_open
64,evt_00000742,2026-08-04,form_fill
65,evt_00000776,2026-05-19,email_click
65,evt_00000752,2026-05-21,email_open
65,evt_00000759,2026-05-22,website_visit
65,evt_00000778,2026-05-23,email_click
65,evt_00000762,2026-05-25,form_fill
65,evt_00000755,2026-05-29,email_open
65,evt_00000766,2026-05-29,email_click
65,evt_00000753,2026-05-30,website_visit
65,evt_00000761,2026-06-03,website_visit
65,evt_00000773,2026-06-03,email_open
65,evt_00000775,2026-06-05,website_visit
65,evt_00000763,2026-06-10,email_click
65,evt_00000748,2026-06-11,website_visit
65,evt_00000757,2026-06-13,website_visit
65,evt_00000764,2026-06-13,email_open
65,evt_00000750,2026-06-20,website_visit
65,evt_00000754,2026-06-20,email_open
65,evt_00000771,2026-06-22,email_open
65,evt_00000751,2026-06-23,email_open
65,evt_00000765,2026-07-02,email_click
65,evt_00000768,2026-07-07,website_visit
65,evt_00000767,2026-07-08,email_open
65,evt_00000749,2026-07-09,email_click
65,evt_00000769,2026-07-12,website_visit
65,evt_00000756,2026-07-13,website_visit
65,evt_00000760,2026-07-18,email_open
65,evt_00000770,2026-07-18,email_open
65,evt_00000777,2026-07-19,email_click
65,evt_00000774,2026-07-20,website_visit
65,evt_00000747,2026-07-25,email_click
65,evt_00000758,2026-07-29,website_visit
65,evt_00000772,2026-08-08,email_open
66,evt_00000779,2026-06-28,email_click
66,evt_00000780,2026-08-02,email_click
67,evt_00000785,2026-05-13,form_fill
67,evt_00000781,2026-05-19,email_open
67,evt_00000790,2026-05-22,email_open
67,evt_00000788,2026-05-29,email_click
67,evt_00000786,2026-06-07,email_open
67,evt_00000789,2026-06-08,website_visit
67,evt_00000782,2026-06-22,website_visit
67,evt_00000787,2026-07-01,email_open
67,evt_00000783,2026-07-12,email_open
67,evt_00000791,2026-07-30,email_click
67,evt_00000784,2026-08-06,email_click
68,evt_00000793,2026-06-20,demo_request
68,evt_00000803,2026-06-21,email_open
68,evt_00000792,2026-07-04,email_click
68,evt_00000797,2026-07-08,email_open
68,evt_00000800,2026-07-11,demo_request
68,evt_00000798,2026-07-16,website_visit
68,evt_00000795,2026-07-26,email_click
68,evt_00000796,2026-08-01,form_fill
68,evt_00000801,2026-08-04,demo_request
68,evt_00000802,2026-08-04,website_visit
68,evt_00000799,2026-08-05,email_open
68,evt_00000794,2026-08-08,email_click
69,evt_00000808,2026-05-20,email_open
69,evt_00000813,2026-06-04,email_open
69,evt_00000811,2026-06-08,email_open
69,evt_00000805,2026-06-09,email_open
69,evt_00000804,2026-06-18,email_open
69,evt_00000806,2026-06-27,email_open
69,evt_00000809,2026-07-18,email_click
69,evt_00000807,2026-07-26,email_open
69,evt_00000812,2026-07-30,email_click
69,evt_00000814,2026-08-02,email_open
69,evt_00000810,2026-08-06,email_open
70,evt_00000827,2026-03-25,email_open
70,evt_00000821,2026-03-30,email_click
70,evt_00000820,2026-03-31,email_open
70,evt_00000818,2026-04-05,form_fill
70,evt_00000829,2026-04-27,email_open
70,evt_00000828,2026-05-01,website_visit
70,evt_00000826,2026-05-03,email_open
70,evt_00000830,2026-05-15,email_click
70,evt_00000815,2026-05-17,email_open
70,evt_00000824,2026-05-23,email_open
70,evt_00000817,2026-05-31,email_open
70,evt_00000819,2026-06-21,email_click
70,evt_00000822,2026-06-27,email_click
70,evt_00000825,2026-07-05,email_click
70,evt_00000816,2026-07-09,website_visit
70,evt_00000823,2026-07-20,form_fill
71,evt_00000831,2026-03-07,website_visit
71,evt_00000833,2026-03-24,form_fill
71,evt_00000834,2026-04-11,email_open
71,evt_00000832,2026-05-03,form_fill
71,evt_00000837,2026-06-29,form_fill
71,evt_00000836,2026-07-18,email_open
71,evt_00000835,2026-07-27,form_fill
72,evt_00000840,2026-05-12,email_click
72,evt_00000839,2026-05-21,website_visit
72,evt_00000838,2026-07-14,website_visit
72,evt_00000841,2026-07-27,email_open
72,evt_00000842,2026-08-03,website_visit
72,evt_00000843,2026-08-03,email_open
73,evt_00000848,2026-08-02,email_open
73,evt_00000849,2026-08-03,website_visit
73,evt_00000850,2026-08-03,email_open
73,evt_00000844,2026-08-05,website_visit
73,evt_00000846,2026-08-05,email_open
73,evt_00000847,2026-08-05,email_open
73,evt_00000845,2026-08-08,email_open
74,evt_00000858,2026-07-14,email_open
74,evt_00000852,2026-07-15,email_open
74,evt_00000851,2026-07-24,email_open
74,evt_00000853,2026-07-26,email_open
74,evt_00000854,2026-07-26,email_open
74,evt_00000856,2026-07-28,email_open
74,evt_00000855,2026-07-30,email_open
74,evt_00000857,2026-08-02,email_click
75,evt_00000862,2026-02-28,email_open
75,evt_00000861,2026-04-13,email_open
75,evt_00000859,2026-04-19,email_open
75,evt_00000865,2026-05-29,website_visit
75,evt_00000860,2026-06-26,email_click
75,evt_00000866,2026-06-28,email_open
75,evt_00000863,2026-07-01,form_fill
75,evt_00000867,2026-07-01,email_click
75,evt_00000870,2026-08-01,email_open
75,evt_00000864,2026-08-05,email_open
75,evt_00000868,2026-08-05,form_fill
75,evt_00000869,2026-08-05,email_open
76,evt_00000871,2026-08-06,email_open
76,evt_00000872,2026-08-06,form_fill
76,evt_00000875,2026-08-06,email_open
76,evt_00000874,2026-08-07,email_open
76,evt_00000873,2026-08-08,email_open
77,evt_00000877,2026-04-01,email_open
77,evt_00000876,2026-04-23,email_open
77,evt_00000881,2026-05-02,email_open
77,evt_00000882,2026-05-07,email_open
77,evt_00000880,2026-05-16,website_visit
77,evt_00000879,2026-06-27,email_open
77,evt_00000878,2026-07-01,email_open
78,evt_00000884,2026-07-16,email_open
78,evt_00000885,2026-07-22,website_visit
78,evt_00000883,2026-07-27,email_click
79,evt_00000887,2026-05-31,form_fill
79,evt_00000889,2026-06-01,email_open
79,evt_00000888,2026-06-17,email_open
79,evt_00000891,2026-06-18,email_open
79,evt_00000890,2026-06-22,email_open
79,evt_00000886,2026-06-23,email_click
80,evt_00000892,2026-08-06,email_open
81,evt_00000902,2026-02-26,email_open
81,evt_00000906,2026-02-26,email_click
81,evt_00000901,2026-04-04,email_open
81,evt_00000899,2026-04-30,email_open
81,evt_00000905,2026-05-02,email_open
81,evt_00000900,2026-05-08,email_open
81,evt_00000893,2026-05-15,email_click
81,evt_00000896,2026-05-18,email_click
81,evt_00000894,2026-06-13,email_open
81,evt_00000895,2026-06-30,website_visit
81,evt_00000897,2026-07-15,email_open
81,evt_00000903,2026-07-19,email_open
81,evt_00000904,2026-07-25,website_visit
81,evt_00000898,2026-08-05,email_open
82,evt_00000913,2026-03-10,website_visit
82,evt_00000912,2026-03-18,email_click
82,evt_00000914,2026-03-19,email_click
82,evt_00000915,2026-03-19,email_open
82,evt_00000910,2026-03-26,email_click
82,evt_00000911,2026-04-17,website_visit
82,evt_00000907,2026-04-24,website_visit
82,evt_00000908,2026-06-06,email_open
82,evt_00000916,2026-06-18,email_open
82,evt_00000909,2026-07-30,form_fill
83,evt_00000925,2026-03-13,email_open
83,evt_00000921,2026-05-13,email_open
83,evt_00000922,2026-05-29,email_open
83,evt_00000917,2026-06-04,email_open
83,evt_00000924,2026-06-08,website_visit
83,evt_00000918,2026-06-15,form_fill
83,evt_00000920,2026-06-19,email_open
83,evt_00000923,2026-07-23,email_open
83,evt_00000919,2026-07-31,email_open
84,evt_00000935,2026-07-03,website_visit
84,evt_00000945,2026-07-04,website_visit
84,evt_00000940,2026-07-05,email_open
84,evt_00000951,2026-07-06,email_open
84,evt_00000930,2026-07-12,email_open
84,evt_00000932,2026-07-12,email_click
84,evt_00000933,2026-07-12,email_open
84,evt_00000928,2026-07-13,email_open
84,evt_00000937,2026-07-14,form_fill
84,evt_00000934,2026-07-15,email_click
84,evt_00000939,2026-07-16,website_visit
84,evt_00000936,2026-07-17,email_click
84,evt_00000943,2026-07-19,email_open
84,evt_00000927,2026-07-20,email_click
84,evt_00000946,2026-07-21,website_visit
84,evt_00000938,2026-07-22,form_fill
84,evt_00000941,2026-07-22,website_visit
84,evt_00000929,2026-07-23,email_open
84,evt_00000944,2026-07-23,email_open
84,evt_00000952,2026-07-23,email_open
84,evt_00000949,2026-07-24,website_visit
84,evt_00000947,2026-07-25,website_visit
84,evt_00000948,2026-07-26,email_click
84,evt_00000931,2026-07-28,email_open
84,evt_00000953,2026-07-30,website_visit
84,evt_00000950,2026-08-03,website_visit
84,evt_00000926,2026-08-07,email_open
84,evt_00000942,2026-08-08,email_open
85,evt_00000954,2026-07-05,website_visit
86,evt_00000959,2026-08-03,email_open
86,evt_00000957,2026-08-04,website_visit
86,evt_00000958,2026-08-05,email_click
86,evt_00000956,2026-08-07,form_fill
86,evt_00000955,2026-08-08,email_open
87,evt_00000962,2026-05-29,email_open
87,evt_00000966,2026-06-06,email_open
87,evt_00000963,2026-06-26,email_open
87,evt_00000964,2026-06-26,email_open
87,evt_00000960,2026-07-11,email_click
87,evt_00000961,2026-08-03,email_open
87,evt_00000965,2026-08-07,email_open
88,evt_00000973,2026-04-18,website_visit
88,evt_00000970,2026-04-25,email_open
88,evt_00000974,2026-04-25,website_visit
88,evt_00000975,2026-04-26,website_visit
88,evt_00000976,2026-04-28,email_open
88,evt_00000967,2026-05-11,website_visit
88,evt_00000971,2026-06-15,email_open
88,evt_00000977,2026-06-18,email_open
88,evt_00000969,2026-06-30,email_click
88,evt_00000972,2026-07-09,email_open
88,evt_00000979,2026-07-13,email_click
88,evt_00000978,2026-07-23,email_open
88,evt_00000968,2026-07-25,email_open
89,evt_00000980,2026-05-21,website_visit
89,evt_00000993,2026-05-24,email_open
89,evt_00000987,2026-06-02,email_open
89,evt_00000984,2026-06-03,email_click
89,evt_00000994,2026-06-06,email_open
89,evt_00000996,2026-06-10,email_open
89,evt_00000998,2026-06-10,email_click
89,evt_00000983,2026-06-17,email_open
89,evt_00000992,2026-06-19,email_open
89,evt_00000990,2026-06-20,email_open
89,evt_00000985,2026-06-21,email_open
89,evt_00000981,2026-07-09,website_visit
89,evt_00000991,2026-07-12,website_visit
89,evt_00000997,2026-07-17,email_open
89,evt_00000986,2026-07-18,email_open
89,evt_00000995,2026-07-18,demo_request
89,evt_00000988,2026-07-22,email_open
89,evt_00000982,2026-07-24,email_open
89,evt_00000989,2026-07-28,email_click
90,evt_00001006,2026-06-04,email_open
90,evt_00001005,2026-06-22,email_click
90,evt_00001004,2026-06-27,email_click
90,evt_00001003,2026-07-03,demo_request
90,evt_00000999,2026-07-05,email_open
90,evt_00001001,2026-07-05,email_open
90,evt_00001000,2026-07-07,email_open
90,evt_00001002,2026-08-04,website_visit
91,evt_00001007,2026-03-31,website_visit
91,evt_00001008,2026-04-10,email_click
91,evt_00001009,2026-06-30,website_visit
91,evt_00001010,2026-07-20,website_visit
92,evt_00001015,2026-08-01,email_click
92,evt_00001016,2026-08-01,email_open
92,evt_00001023,2026-08-01,email_open
92,evt_00001019,2026-08-02,website_visit
92,evt_00001024,2026-08-03,email_click
92,evt_00001011,2026-08-04,website_visit
92,evt_00001014,2026-08-05,email_click
92,evt_00001018,2026-08-05,email_click
92,evt_00001022,2026-08-05,email_click
92,evt_00001025,2026-08-05,website_visit
92,evt_00001013,2026-08-06,email_open
92,evt_00001020,2026-08-06,website_visit
92,evt_00001017,2026-08-07,email_click
92,evt_00001012,2026-08-08,email_open
92,evt_00001021,2026-08-08,email_click
93,evt_00001028,2026-03-26,website_visit
93,evt_00001036,2026-03-26,email_open
93,evt_00001031,2026-03-28,email_open
93,evt_00001051,2026-03-28,form_fill
93,evt_00001052,2026-03-28,form_fill
93,evt_00001032,2026-04-12,email_open
93,evt_00001035,2026-04-23,email_open
93,evt_00001026,2026-05-01,email_click
93,evt_00001030,2026-05-06,email_open
93,evt_00001027,2026-05-07,email_open
93,evt_00001033,2026-05-12,form_fill
93,evt_00001047,2026-05-30,email_open
93,evt_00001053,2026-06-04,email_click
93,evt_00001045,2026-06-06,email_open
93,evt_00001046,2026-06-24,website_visit
93,evt_00001054,2026-06-25,email_open
93,evt_00001029,2026-06-30,email_click
93,evt_00001048,2026-07-07,website_visit
93,evt_00001038,2026-07-11,website_visit
93,evt_00001039,2026-07-12,email_open
93,evt_00001037,2026-07-14,email_open
93,evt_00001050,2026-07-18,email_open
93,evt_00001040,2026-07-26,email_click
93,evt_00001043,2026-07-29,website_visit
93,evt_00001049,2026-08-02,website_visit
93,evt_00001041,2026-08-03,email_open
93,evt_00001042,2026-08-04,email_open
93,evt_00001034,2026-08-06,email_click
93,evt_00001044,2026-08-07,email_click
94,evt_00001055,2026-08-08,email_click
95,evt_00001061,2026-04-18,form_fill
95,evt_00001083,2026-04-21,email_open
95,evt_00001056,2026-04-22,form_fill
95,evt_00001062,2026-05-06,email_click
95,evt_00001072,2026-05-14,email_click
95,evt_00001076,2026-05-14,email_open
95,evt_00001080,2026-05-15,website_visit
95,evt_00001077,2026-05-16,email_open
95,evt_00001075,2026-05-19,website_visit
95,evt_00001071,2026-05-23,email_open
95,evt_00001074,2026-05-24,form_fill
95,evt_00001067,2026-05-25,email_open
95,evt_00001069,2026-05-29,form_fill
95,evt_00001082,2026-06-10,email_open
95,evt_00001073,2026-06-12,email_click
95,evt_00001065,2026-06-14,email_click
95,evt_00001081,2026-06-14,email_click
95,evt_00001066,2026-06-15,email_open
95,evt_00001060,2026-06-16,website_visit
95,evt_00001058,2026-06-17,email_click
95,evt_00001059,2026-06-26,email_click
95,evt_00001070,2026-06-26,email_open
95,evt_00001079,2026-06-26,website_visit
95,evt_00001063,2026-07-15,email_open
95,evt_00001064,2026-07-17,email_open
95,evt_00001078,2026-07-19,email_open
95,evt_00001068,2026-07-27,email_click
95,evt_00001057,2026-07-28,website_visit
96,evt_00001088,2026-06-06,website_visit
96,evt_00001093,2026-06-10,email_open
96,evt_00001090,2026-06-17,email_open
96,evt_00001092,2026-06-26,email_open
96,evt_00001087,2026-06-29,form_fill
96,evt_00001094,2026-07-01,website_visit
96,evt_00001096,2026-07-17,email_open
96,evt_00001089,2026-07-21,email_open
96,evt_00001097,2026-07-22,email_open
96,evt_00001084,2026-07-23,email_click
96,evt_00001095,2026-07-25,website_visit
96,evt_00001085,2026-07-27,website_visit
96,evt_00001101,2026-07-29,email_open
96,evt_00001086,2026-07-30,email_open
96,evt_00001091,2026-07-31,email_open
96,evt_00001098,2026-08-03,email_open
96,evt_00001099,2026-08-04,email_open
96,evt_00001100,2026-08-05,form_fill
97,evt_00001111,2026-03-01,email_click
97,evt_00001109,2026-04-15,email_open
97,evt_00001108,2026-04-16,email_click
97,evt_00001102,2026-05-23,website_visit
97,evt_00001107,2026-05-25,email_open
97,evt_00001103,2026-07-09,form_fill
97,evt_00001106,2026-07-22,form_fill
97,evt_00001104,2026-07-24,website_visit
97,evt_00001105,2026-08-01,email_open
97,evt_00001110,2026-08-07,email_open
98,evt_00001113,2026-04-03,website_visit
98,evt_00001120,2026-04-27,email_click
98,evt_00001125,2026-05-03,email_open
98,evt_00001117,2026-05-07,email_open
98,evt_00001121,2026-05-17,website_visit
98,evt_00001123,2026-05-17,email_click
98,evt_00001115,2026-05-20,email_open
98,evt_00001114,2026-05-26,form_fill
98,evt_00001112,2026-05-27,website_visit
98,evt_00001124,2026-05-28,email_click
98,evt_00001116,2026-06-10,email_open
98,evt_00001119,2026-06-10,email_open
98,evt_00001118,2026-07-18,email_open
98,evt_00001122,2026-07-25,email_open
99,evt_00001130,2026-05-16,email_open
99,evt_00001132,2026-05-27,website_visit
99,evt_00001127,2026-06-01,website_visit
99,evt_00001126,2026-06-12,website_visit
99,evt_00001128,2026-06-23,email_open
99,evt_00001129,2026-06-26,form_fill
99,evt_00001131,2026-07-28,demo_request
100,evt_00001136,2026-05-06,website_visit
100,evt_00001137,2026-05-27,email_open
100,evt_00001139,2026-06-06,email_open
100,evt_00001138,2026-06-15,demo_request
100,evt_00001140,2026-06-21,email_click
100,evt_00001133,2026-07-18,email_click
100,evt_00001135,2026-07-21,email_open
100,evt_00001134,2026-08-05,email_open
101,evt_00001142,2026-03-31,email_click
101,evt_00001143,2026-05-11,email_open
101,evt_00001141,2026-07-05,email_open
101,evt_00001144,2026-07-12,email_open
102,evt_00001161,2026-05-28,website_visit
102,evt_00001152,2026-05-30,website_visit
102,evt_00001158,2026-05-31,email_open
102,evt_00001151,2026-06-01,website_visit
102,evt_00001170,2026-06-02,email_open
102,evt_00001148,2026-06-07,email_click
102,evt_00001165,2026-06-09,email_open
102,evt_00001171,2026-06-09,email_click
102,evt_00001150,2026-06-10,website_visit
102,evt_00001173,2026-06-11,website_visit
102,evt_00001163,2026-06-16,email_open
102,evt_00001146,2026-06-20,website_visit
102,evt_00001172,2026-06-20,email_open
102,evt_00001169,2026-06-29,email_open
102,evt_00001168,2026-07-02,email_open
102,evt_00001156,2026-07-03,email_click
102,evt_00001167,2026-07-05,email_click
102,evt_00001155,2026-07-06,website_visit
102,evt_00001159,2026-07-08,email_open
102,evt_00001157,2026-07-10,form_fill
102,evt_00001174,2026-07-15,email_click
102,evt_00001166,2026-07-21,email_open
102,evt_00001147,2026-07-22,email_open
102,evt_00001164,2026-07-24,website_visit
102,evt_00001162,2026-07-27,demo_request
102,evt_00001145,2026-07-29,website_visit
102,evt_00001154,2026-07-29,website_visit
102,evt_00001153,2026-08-01,website_visit
102,evt_00001149,2026-08-04,email_open
102,evt_00001160,2026-08-04,email_open
103,evt_00001178,2026-05-05,email_open
103,evt_00001181,2026-05-06,email_open
103,evt_00001179,2026-05-07,website_visit
103,evt_00001184,2026-05-13,email_open
103,evt_00001183,2026-05-30,email_click
103,evt_00001180,2026-06-13,website_visit
103,evt_00001182,2026-06-23,email_click
103,evt_00001176,2026-06-28,email_open
103,evt_00001177,2026-07-13,email_open
103,evt_00001175,2026-07-14,email_open
103,evt_00001185,2026-08-01,email_open
104,evt_00001194,2026-07-27,website_visit
104,evt_00001199,2026-07-27,email_open
104,evt_00001187,2026-07-28,website_visit
104,evt_00001188,2026-07-29,email_open
104,evt_00001189,2026-07-29,email_open
104,evt_00001197,2026-07-31,email_open
104,evt_00001196,2026-08-01,email_open
104,evt_00001193,2026-08-03,email_open
104,evt_00001195,2026-08-03,email_open
104,evt_00001198,2026-08-03,email_open
104,evt_00001192,2026-08-04,email_open
104,evt_00001186,2026-08-05,website_visit
104,evt_00001190,2026-08-06,website_visit
104,evt_00001191,2026-08-08,email_click
105,evt_00001201,2026-05-10,email_open
105,evt_00001207,2026-05-10,email_open
105,evt_00001208,2026-05-12,email_open
105,evt_00001202,2026-05-28,email_click
105,evt_00001209,2026-06-08,email_click
105,evt_00001205,2026-06-14,email_open
105,evt_00001200,2026-07-22,email_open
105,evt_00001204,2026-07-28,email_click
105,evt_00001206,2026-07-31,email_open
105,evt_00001203,2026-08-01,email_open
106,evt_00001210,2026-05-17,form_fill
106,evt_00001211,2026-07-03,email_open
107,evt_00001255,2026-06-07,email_click
107,evt_00001222,2026-06-09,website_visit
107,evt_00001228,2026-06-09,email_open
107,evt_00001215,2026-06-11,demo_request
107,evt_00001221,2026-06-11,email_click
107,evt_00001247,2026-06-11,website_visit
107,evt_00001251,2026-06-11,email_open
107,evt_00001258,2026-06-11,email_open
107,evt_00001241,2026-06-16,website_visit
107,evt_00001239,2026-06-17,email_open
107,evt_00001224,2026-06-18,email_open
107,evt_00001230,2026-06-18,email_click
107,evt_00001243,2026-06-20,email_open
107,evt_00001214,2026-06-22,form_fill
107,evt_00001232,2026-06-24,email_open
107,evt_00001213,2026-06-29,email_open
107,evt_00001218,2026-06-29,email_open
107,evt_00001223,2026-07-02,email_open
107,evt_00001237,2026-07-03,email_open
107,evt_00001248,2026-07-03,email_open
107,evt_00001244,2026-07-08,email_open
107,evt_00001257,2026-07-08,email_open
107,evt_00001212,2026-07-09,email_click
107,evt_00001235,2026-07-09,website_visit
107,evt_00001217,2026-07-15,form_fill
107,evt_00001242,2026-07-16,email_open
107,evt_00001216,2026-07-17,email_open
107,evt_00001229,2026-07-17,email_open
107,evt_00001252,2026-07-17,email_open
107,evt_00001231,2026-07-18,email_click
107,evt_00001250,2026-07-18,email_open
107,evt_00001233,2026-07-19,email_click
107,evt_00001226,2026-07-24,website_visit
107,evt_00001236,2026-07-25,website_visit
107,evt_00001245,2026-07-26,form_fill
107,evt_00001240,2026-07-28,demo_request
107,evt_00001225,2026-07-29,email_open
107,evt_00001220,2026-07-31,website_visit
107,evt_00001254,2026-08-02,form_fill
107,evt_00001219,2026-08-03,email_click
107,evt_00001234,2026-08-03,email_open
107,evt_00001238,2026-08-03,email_open
107,evt_00001249,2026-08-03,email_click
107,evt_00001253,2026-08-03,website_visit
107,evt_00001256,2026-08-03,email_open
107,evt_00001246,2026-08-04,website_visit
107,evt_00001227,2026-08-08,email_open
108,evt_00001260,2026-06-11,email_open
108,evt_00001259,2026-06-19,email_click
108,evt_00001262,2026-07-11,email_open
108,evt_00001266,2026-07-11,email_click
108,evt_00001263,2026-07-15,email_click
108,evt_00001264,2026-07-26,website_visit
108,evt_00001267,2026-07-28,email_click
108,evt_00001265,2026-08-03,email_open
108,evt_00001261,2026-08-06,email_open
109,evt_00001268,2026-03-10,website_visit
109,evt_00001269,2026-03-12,website_visit
109,evt_00001271,2026-03-17,email_open
109,evt_00001283,2026-03-22,email_open
109,evt_00001279,2026-04-06,email_open
109,evt_00001272,2026-04-10,website_visit
109,evt_00001273,2026-04-15,website_visit
109,evt_00001282,2026-05-05,email_open
109,evt_00001278,2026-05-09,email_open
109,evt_00001274,2026-05-11,website_visit
109,evt_00001281,2026-05-15,email_click
109,evt_00001270,2026-05-25,email_click
109,evt_00001280,2026-06-03,website_visit
109,evt_00001275,2026-06-20,email_open
109,evt_00001276,2026-07-02,website_visit
109,evt_00001277,2026-07-31,email_open
110,evt_00001284,2026-04-26,email_open
110,evt_00001285,2026-06-22,email_open
110,evt_00001286,2026-06-29,email_open
110,evt_00001287,2026-07-03,form_fill
111,evt_00001292,2026-06-14,email_open
111,evt_00001291,2026-06-22,email_click
111,evt_00001288,2026-07-04,email_click
111,evt_00001290,2026-07-07,email_open
111,evt_00001289,2026-07-15,email_open
112,evt_00001294,2026-05-02,form_fill
112,evt_00001319,2026-05-03,email_open
112,evt_00001309,2026-05-13,form_fill
112,evt_00001307,2026-05-17,website_visit
112,evt_00001301,2026-05-25,email_open
112,evt_00001300,2026-05-27,email_open
112,evt_00001326,2026-05-28,email_open
112,evt_00001293,2026-06-01,email_open
112,evt_00001304,2026-06-01,email_open
112,evt_00001311,2026-06-02,email_open
112,evt_00001298,2026-06-03,email_click
112,evt_00001318,2026-06-03,email_click
112,evt_00001328,2026-06-03,email_open
112,evt_00001321,2026-06-07,email_open
112,evt_00001312,2026-06-09,email_open
112,evt_00001310,2026-06-16,email_open
112,evt_00001323,2026-06-17,email_open
112,evt_00001295,2026-06-23,website_visit
112,evt_00001303,2026-06-23,website_visit
112,evt_00001306,2026-06-24,form_fill
112,evt_00001317,2026-06-27,website_visit
112,evt_00001324,2026-07-03,email_open
112,evt_00001297,2026-07-05,form_fill
112,evt_00001302,2026-07-05,website_visit
112,evt_00001315,2026-07-10,form_fill
112,evt_00001322,2026-07-11,email_click
112,evt_00001296,2026-07-12,website_visit
112,evt_00001305,2026-07-14,email_open
112,evt_00001316,2026-07-16,email_click
112,evt_00001299,2026-07-17,email_click
112,evt_00001325,2026-07-21,website_visit
112,evt_00001308,2026-07-31,website_visit
112,evt_00001327,2026-07-31,email_open
112,evt_00001313,2026-08-02,email_open
112,evt_00001320,2026-08-02,email_open
112,evt_00001314,2026-08-04,email_open
113,evt_00001334,2026-03-29,email_open
113,evt_00001338,2026-03-31,email_click
113,evt_00001333,2026-04-03,website_visit
113,evt_00001337,2026-04-04,website_visit
113,evt_00001336,2026-04-05,demo_request
113,evt_00001329,2026-04-13,email_open
113,evt_00001341,2026-04-20,email_open
113,evt_00001330,2026-05-03,email_open
113,evt_00001340,2026-05-05,website_visit
113,evt_00001335,2026-05-06,email_open
113,evt_00001342,2026-05-06,email_click
113,evt_00001343,2026-05-13,email_open
113,evt_00001332,2026-06-10,website_visit
113,evt_00001331,2026-07-02,website_visit
113,evt_00001339,2026-07-04,website_visit
114,evt_00001345,2026-07-02,email_open
114,evt_00001346,2026-07-07,email_open
114,evt_00001347,2026-07-11,email_click
114,evt_00001344,2026-08-05,website_visit
114,evt_00001348,2026-08-08,website_visit
115,evt_00001352,2026-03-09,email_open
115,evt_00001353,2026-03-14,email_open
115,evt_00001354,2026-03-27,website_visit
115,evt_00001357,2026-04-04,email_open
115,evt_00001351,2026-04-14,email_click
115,evt_00001356,2026-04-19,email_open
115,evt_00001358,2026-05-20,email_click
115,evt_00001359,2026-06-22,email_click
115,evt_00001350,2026-07-02,form_fill
115,evt_00001355,2026-07-18,email_open
115,evt_00001349,2026-07-19,email_click
116,evt_00001362,2026-05-23,email_open
116,evt_00001361,2026-05-29,email_open
116,evt_00001364,2026-05-30,email_open
116,evt_00001374,2026-06-02,website_visit
116,evt_00001377,2026-06-05,email_click
116,evt_00001373,2026-06-06,website_visit
116,evt_00001376,2026-06-07,email_click
116,evt_00001370,2026-06-13,email_open
116,evt_00001378,2026-06-26,email_open
116,evt_00001375,2026-06-28,website_visit
116,evt_00001371,2026-07-04,email_open
116,evt_00001368,2026-07-20,email_open
116,evt_00001366,2026-07-23,email_click
116,evt_00001369,2026-07-25,email_open
116,evt_00001372,2026-07-25,website_visit
116,evt_00001367,2026-07-28,email_open
116,evt_00001360,2026-08-03,form_fill
116,evt_00001365,2026-08-06,website_visit
116,evt_00001363,2026-08-07,email_open
117,evt_00001380,2026-07-11,email_click
117,evt_00001379,2026-08-04,form_fill
118,evt_00001385,2026-06-02,email_open
118,evt_00001383,2026-06-11,email_open
118,evt_00001381,2026-06-12,email_open
118,evt_00001384,2026-07-05,email_open
118,evt_00001386,2026-07-15,email_open
118,evt_00001382,2026-07-24,email_open
119,evt_00001388,2026-08-05,website_visit
119,evt_00001391,2026-08-05,website_visit
119,evt_00001389,2026-08-06,email_click
119,evt_00001387,2026-08-08,website_visit
119,evt_00001390,2026-08-08,email_open
120,evt_00001400,2026-07-10,form_fill
120,evt_00001399,2026-07-13,email_click
120,evt_00001402,2026-07-17,demo_request
120,evt_00001394,2026-07-20,website_visit
120,evt_00001397,2026-07-21,form_fill
120,evt_00001393,2026-07-23,email_open
120,evt_00001401,2026-07-23,email_open
120,evt_00001396,2026-07-24,email_click
120,evt_00001395,2026-07-26,email_click
120,evt_00001392,2026-07-29,email_open
120,evt_00001398,2026-08-01,email_click
121,evt_00001405,2026-05-11,website_visit
121,evt_00001414,2026-05-11,email_open
121,evt_00001416,2026-05-12,email_open
121,evt_00001407,2026-05-13,email_open
121,evt_00001412,2026-05-13,email_open
121,evt_00001406,2026-05-14,email_open
121,evt_00001417,2026-05-28,email_open
121,evt_00001418,2026-06-06,email_open
121,evt_00001409,2026-06-15,website_visit
121,evt_00001404,2026-06-20,email_open
121,evt_00001421,2026-06-23,email_open
121,evt_00001419,2026-06-24,website_visit
121,evt_00001410,2026-06-26,website_visit
121,evt_00001403,2026-07-01,email_click
121,evt_00001411,2026-07-02,website_visit
121,evt_00001413,2026-07-25,email_click
121,evt_00001420,2026-07-30,email_open
121,evt_00001415,2026-08-03,email_open
121,evt_00001408,2026-08-06,email_open
122,evt_00001425,2026-05-04,email_open
122,evt_00001424,2026-05-05,email_open
122,evt_00001429,2026-05-19,website_visit
122,evt_00001431,2026-05-29,email_open
122,evt_00001426,2026-06-03,email_click
122,evt_00001434,2026-06-03,website_visit
122,evt_00001435,2026-06-10,email_click
122,evt_00001427,2026-06-26,email_open
122,evt_00001428,2026-06-26,email_click
122,evt_00001432,2026-06-28,email_click
122,evt_00001422,2026-07-07,website_visit
122,evt_00001430,2026-07-07,email_open
122,evt_00001433,2026-07-09,email_open
122,evt_00001423,2026-07-29,email_open
123,evt_00001437,2026-02-17,form_fill
123,evt_00001438,2026-04-08,email_open
123,evt_00001440,2026-05-10,website_visit
123,evt_00001442,2026-05-24,email_open
123,evt_00001436,2026-06-02,email_open
123,evt_00001443,2026-06-15,email_click
123,evt_00001441,2026-07-26,email_click
123,evt_00001439,2026-08-01,email_open
124,evt_00001459,2026-04-28,email_click
124,evt_00001446,2026-04-30,email_open
124,evt_00001466,2026-05-01,website_visit
124,evt_00001463,2026-05-03,email_click
124,evt_00001456,2026-05-06,email_click
124,evt_00001461,2026-05-22,website_visit
124,evt_00001458,2026-05-24,email_open
124,evt_00001464,2026-06-04,email_open
124,evt_00001467,2026-06-07,form_fill
124,evt_00001449,2026-06-08,website_visit
124,evt_00001457,2026-06-12,email_open
124,evt_00001447,2026-06-13,website_visit
124,evt_00001454,2026-06-16,email_open
124,evt_00001450,2026-06-18,form_fill
124,evt_00001448,2026-07-01,email_open
124,evt_00001465,2026-07-04,email_click
124,evt_00001444,2026-07-07,website_visit
124,evt_00001460,2026-07-16,email_open
124,evt_00001451,2026-07-19,website_visit
124,evt_00001452,2026-07-19,email_click
124,evt_00001445,2026-07-23,form_fill
124,evt_00001462,2026-07-24,email_open
124,evt_00001453,2026-07-26,email_open
124,evt_00001455,2026-08-08,email_click
125,evt_00001468,2026-08-06,email_click
125,evt_00001469,2026-08-06,email_open
125,evt_00001470,2026-08-08,email_open
126,evt_00001471,2026-06-21,email_open
126,evt_00001473,2026-06-23,form_fill
126,evt_00001474,2026-08-03,email_open
126,evt_00001472,2026-08-08,website_visit
127,evt_00001488,2026-05-14,website_visit
127,evt_00001506,2026-05-17,demo_request
127,evt_00001475,2026-05-21,email_click
127,evt_00001484,2026-05-21,email_click
127,evt_00001477,2026-05-24,form_fill
127,evt_00001496,2026-05-27,website_visit
127,evt_00001480,2026-05-31,email_open
127,evt_00001497,2026-06-02,website_visit
127,evt_00001482,2026-06-06,website_visit
127,evt_00001502,2026-06-06,email_click
127,evt_00001479,2026-06-08,email_click
127,evt_00001485,2026-06-08,website_visit
127,evt_00001476,2026-06-12,email_open
127,evt_00001478,2026-06-14,email_open
127,evt_00001491,2026-06-14,email_click
127,evt_00001504,2026-06-16,email_open
127,evt_00001481,2026-06-20,email_open
127,evt_00001487,2026-06-21,website_visit
127,evt_00001494,2026-06-22,email_open
127,evt_00001499,2026-06-22,email_open
127,evt_00001490,2026-06-27,email_open
127,evt_00001489,2026-07-04,website_visit
127,evt_00001501,2026-07-08,email_click
127,evt_00001503,2026-07-18,website_visit
127,evt_00001495,2026-07-19,website_visit
127,evt_00001493,2026-07-24,email_click
127,evt_00001483,2026-07-29,form_fill
127,evt_00001486,2026-07-29,website_visit
127,evt_00001508,2026-07-30,website_visit
127,evt_00001492,2026-08-04,email_open
127,evt_00001505,2026-08-04,website_visit
127,evt_00001498,2026-08-05,email_open
127,evt_00001500,2026-08-05,email_click
127,evt_00001507,2026-08-05,form_fill
128,evt_00001512,2026-06-27,email_click
128,evt_00001509,2026-07-13,email_open
128,evt_00001513,2026-07-23,email_open
128,evt_00001510,2026-08-02,email_click
128,evt_00001511,2026-08-08,email_open
129,evt_00001519,2026-06-04,website_visit
129,evt_00001518,2026-06-07,demo_request
129,evt_00001529,2026-06-09,demo_request
129,evt_00001532,2026-06-12,website_visit
129,evt_00001522,2026-06-16,email_click
129,evt_00001523,2026-06-17,website_visit
129,evt_00001517,2026-06-30,email_click
129,evt_00001526,2026-07-04,email_click
129,evt_00001514,2026-07-05,email_click
129,evt_00001524,2026-07-05,email_click
129,evt_00001521,2026-07-06,email_open
129,evt_00001520,2026-07-13,website_visit
129,evt_00001516,2026-07-14,email_open
129,evt_00001527,2026-07-18,email_click
129,evt_00001530,2026-07-24,website_visit
129,evt_00001531,2026-07-29,email_click
129,evt_00001515,2026-07-31,email_open
129,evt_00001528,2026-07-31,form_fill
129,evt_00001525,2026-08-03,email_click
130,evt_00001534,2026-05-26,website_visit
130,evt_00001533,2026-06-23,website_visit
130,evt_00001537,2026-07-08,email_click
130,evt_00001538,2026-07-12,email_open
130,evt_00001536,2026-07-15,email_open
130,evt_00001535,2026-07-27,form_fill
131,evt_00001539,2026-04-03,email_click
131,evt_00001542,2026-04-30,email_open
131,evt_00001543,2026-04-30,email_open
131,evt_00001544,2026-05-15,email_open
131,evt_00001540,2026-05-26,email_open
131,evt_00001541,2026-07-31,email_open
132,evt_00001545,2026-07-25,email_open
132,evt_00001546,2026-08-08,email_click
133,evt_00001549,2026-04-24,form_fill
133,evt_00001556,2026-04-25,email_open
133,evt_00001548,2026-05-06,email_open
133,evt_00001563,2026-05-07,email_open
133,evt_00001561,2026-05-11,website_visit
133,evt_00001560,2026-05-14,email_open
133,evt_00001565,2026-05-19,email_open
133,evt_00001551,2026-05-31,email_click
133,evt_00001554,2026-06-11,website_visit
133,evt_00001555,2026-06-14,email_open
133,evt_00001547,2026-06-17,email_click
133,evt_00001552,2026-06-18,email_open
133,evt_00001558,2026-06-30,email_open
133,evt_00001559,2026-07-10,email_open
133,evt_00001564,2026-07-11,email_open
133,evt_00001550,2026-07-13,email_click
133,evt_00001553,2026-07-18,email_open
133,evt_00001557,2026-07-18,email_open
133,evt_00001566,2026-07-26,email_open
133,evt_00001562,2026-08-02,email_open
134,evt_00001567,2026-04-04,email_open
134,evt_00001570,2026-05-01,email_open
134,evt_00001568,2026-06-09,email_open
134,evt_00001569,2026-07-02,email_click
134,evt_00001571,2026-07-09,website_visit
135,evt_00001583,2026-04-04,email_open
135,evt_00001587,2026-04-08,email_open
135,evt_00001579,2026-04-12,email_click
135,evt_00001584,2026-04-12,website_visit
135,evt_00001585,2026-05-02,email_click
135,evt_00001588,2026-05-02,email_open
135,evt_00001575,2026-05-16,form_fill
135,evt_00001576,2026-05-16,email_click
135,evt_00001577,2026-05-20,email_open
135,evt_00001594,2026-05-20,website_visit
135,evt_00001581,2026-05-26,email_open
135,evt_00001597,2026-06-01,email_click
135,evt_00001582,2026-06-02,email_open
135,evt_00001573,2026-06-03,email_open
135,evt_00001586,2026-06-09,website_visit
135,evt_00001602,2026-06-13,email_open
135,evt_00001592,2026-06-15,demo_request
135,evt_00001596,2026-06-16,form_fill
135,evt_00001574,2026-06-17,email_open
135,evt_00001578,2026-06-21,email_click
135,evt_00001589,2026-06-27,email_open
135,evt_00001598,2026-06-27,email_click
135,evt_00001603,2026-07-02,website_visit
135,evt_00001590,2026-07-03,website_visit
135,evt_00001572,2026-07-04,email_open
135,evt_00001595,2026-07-04,website_visit
135,evt_00001593,2026-07-08,website_visit
135,evt_00001600,2026-07-11,website_visit
135,evt_00001601,2026-07-13,form_fill
135,evt_00001599,2026-07-20,email_open
135,evt_00001591,2026-07-22,website_visit
135,evt_00001580,2026-08-07,website_visit
136,evt_00001604,2026-07-25,email_open
136,evt_00001605,2026-07-25,website_visit
136,evt_00001608,2026-07-25,email_open
136,evt_00001606,2026-07-26,website_visit
136,evt_00001611,2026-07-28,email_open
136,evt_00001610,2026-07-30,website_visit
136,evt_00001607,2026-08-01,email_open
136,evt_00001609,2026-08-04,email_click
137,evt_00001614,2026-07-29,email_open
137,evt_00001616,2026-07-31,form_fill
137,evt_00001612,2026-08-01,email_open
137,evt_00001615,2026-08-04,email_click
137,evt_00001613,2026-08-06,email_click
137,evt_00001617,2026-08-08,website_visit
138,evt_00001623,2026-06-01,email_open
138,evt_00001624,2026-06-02,email_open
138,evt_00001632,2026-06-02,email_open
138,evt_00001618,2026-06-06,email_click
138,evt_00001625,2026-06-09,email_click
138,evt_00001619,2026-06-14,form_fill
138,evt_00001630,2026-06-15,email_open
138,evt_00001629,2026-06-19,email_open
138,evt_00001631,2026-06-19,email_open
138,evt_00001628,2026-06-29,email_open
138,evt_00001621,2026-07-13,email_open
138,evt_00001634,2026-07-14,form_fill
138,evt_00001627,2026-07-15,website_visit
138,evt_00001626,2026-07-16,email_click
138,evt_00001622,2026-07-19,email_open
138,evt_00001633,2026-07-25,website_visit
138,evt_00001620,2026-08-06,email_open
139,evt_00001635,2026-03-29,email_open
139,evt_00001642,2026-04-08,email_open
139,evt_00001636,2026-04-10,email_open
139,evt_00001643,2026-05-06,form_fill
139,evt_00001638,2026-05-18,website_visit
139,evt_00001647,2026-05-26,email_open
139,evt_00001645,2026-05-27,email_click
139,evt_00001640,2026-06-06,email_open
139,evt_00001646,2026-06-08,email_open
139,evt_00001644,2026-06-15,email_click
139,evt_00001639,2026-06-17,email_click
139,evt_00001637,2026-06-25,website_visit
139,evt_00001648,2026-06-29,email_open
139,evt_00001641,2026-06-30,email_click
140,evt_00001655,2026-04-03,email_open
140,evt_00001653,2026-04-19,website_visit
140,evt_00001650,2026-05-07,email_open
140,evt_00001654,2026-05-27,website_visit
140,evt_00001651,2026-05-28,email_open
140,evt_00001656,2026-06-01,email_open
140,evt_00001649,2026-06-05,email_open
140,evt_00001652,2026-06-18,email_open
141,evt_00001662,2026-04-21,email_open
141,evt_00001659,2026-04-27,email_open
141,evt_00001664,2026-05-17,email_open
141,evt_00001670,2026-05-25,form_fill
141,evt_00001667,2026-05-31,demo_request
141,evt_00001657,2026-06-13,email_open
141,evt_00001660,2026-06-15,email_open
141,evt_00001668,2026-06-15,email_open
141,evt_00001665,2026-07-03,form_fill
141,evt_00001658,2026-07-19,email_open
141,evt_00001666,2026-07-24,website_visit
141,evt_00001663,2026-08-02,email_open
141,evt_00001669,2026-08-07,website_visit
141,evt_00001661,2026-08-08,email_open
142,evt_00001673,2026-05-22,email_click
142,evt_00001674,2026-06-14,website_visit
142,evt_00001675,2026-06-22,website_visit
142,evt_00001671,2026-07-16,email_open
142,evt_00001672,2026-07-23,website_visit
143,evt_00001689,2026-05-16,email_click
143,evt_00001682,2026-05-18,form_fill
143,evt_00001703,2026-05-19,email_click
143,evt_00001693,2026-05-21,email_open
143,evt_00001702,2026-05-22,website_visit
143,evt_00001704,2026-05-24,demo_request
143,evt_00001676,2026-05-28,email_open
143,evt_00001695,2026-05-29,email_click
143,evt_00001683,2026-05-31,email_click
143,evt_00001696,2026-05-31,email_open
143,evt_00001677,2026-06-08,email_click
143,evt_00001700,2026-06-11,email_open
143,evt_00001691,2026-06-12,email_click
143,evt_00001678,2026-06-16,email_click
143,evt_00001690,2026-06-21,email_open
143,evt_00001687,2026-06-28,email_click
143,evt_00001686,2026-07-09,form_fill
143,evt_00001679,2026-07-10,email_open
143,evt_00001688,2026-07-13,email_click
143,evt_00001684,2026-07-17,email_click
143,evt_00001692,2026-07-22,email_click
143,evt_00001685,2026-07-24,email_open
143,evt_00001694,2026-07-24,email_open
143,evt_00001680,2026-07-28,email_open
143,evt_00001681,2026-07-28,email_open
143,evt_00001698,2026-07-28,email_open
143,evt_00001697,2026-07-29,email_open
143,evt_00001699,2026-07-29,email_open
143,evt_00001705,2026-08-04,email_open
143,evt_00001701,2026-08-05,form_fill
144,evt_00001706,2026-08-07,email_click
144,evt_00001707,2026-08-07,email_open
144,evt_00001708,2026-08-07,email_open
144,evt_00001710,2026-08-07,email_click
144,evt_00001712,2026-08-07,email_open
144,evt_00001714,2026-08-07,email_click
144,evt_00001715,2026-08-07,email_click
144,evt_00001709,2026-08-08,form_fill
144,evt_00001711,2026-08-08,email_open
144,evt_00001713,2026-08-08,email_open
145,evt_00001716,2026-04-01,email_open
146,evt_00001718,2026-06-13,email_open
146,evt_00001717,2026-07-24,email_open
147,evt_00001719,2026-05-20,email_open
147,evt_00001721,2026-05-22,email_open
147,evt_00001720,2026-05-25,email_click
148,evt_00001722,2026-06-22,email_open
148,evt_00001725,2026-07-20,email_click
148,evt_00001723,2026-07-22,form_fill
148,evt_00001724,2026-07-26,form_fill
149,evt_00001726,2026-05-17,email_open
149,evt_00001735,2026-06-04,email_open
149,evt_00001734,2026-06-11,email_open
149,evt_00001729,2026-06-14,website_visit
149,evt_00001727,2026-06-15,email_open
149,evt_00001736,2026-06-20,website_visit
149,evt_00001733,2026-06-23,email_open
149,evt_00001730,2026-06-26,email_open
149,evt_00001728,2026-06-28,website_visit
149,evt_00001732,2026-07-17,form_fill
149,evt_00001731,2026-07-18,email_open
149,evt_00001737,2026-08-04,website_visit
150,evt_00001744,2026-04-09,email_open
150,evt_00001738,2026-04-27,website_visit
150,evt_00001742,2026-05-11,email_click
150,evt_00001740,2026-06-25,form_fill
150,evt_00001739,2026-07-01,email_open
150,evt_00001741,2026-07-06,email_open
150,evt_00001743,2026-08-08,email_open
151,evt_00001748,2026-07-28,email_open
151,evt_00001750,2026-07-28,email_click
151,evt_00001749,2026-07-29,email_open
151,evt_00001745,2026-08-01,email_open
151,evt_00001752,2026-08-01,form_fill
151,evt_00001751,2026-08-04,website_visit
151,evt_00001746,2026-08-05,email_open
151,evt_00001747,2026-08-05,website_visit
152,evt_00001756,2026-05-09,email_click
152,evt_00001755,2026-05-15,website_visit
152,evt_00001754,2026-07-11,email_click
152,evt_00001753,2026-07-26,website_visit
152,evt_00001757,2026-08-04,website_visit
153,evt_00001765,2026-07-04,email_open
153,evt_00001760,2026-07-07,email_open
153,evt_00001758,2026-07-08,email_open
153,evt_00001762,2026-07-09,website_visit
153,evt_00001759,2026-07-21,email_click
153,evt_00001761,2026-07-21,website_visit
153,evt_00001763,2026-08-01,email_open
153,evt_00001764,2026-08-01,email_click
154,evt_00001771,2026-07-07,email_open
154,evt_00001770,2026-07-11,website_visit
154,evt_00001766,2026-07-17,form_fill
154,evt_00001768,2026-07-18,email_open
154,evt_00001769,2026-07-25,email_click
154,evt_00001767,2026-07-27,email_open
155,evt_00001777,2026-05-01,website_visit
155,evt_00001783,2026-05-04,email_open
155,evt_00001781,2026-05-05,website_visit
155,evt_00001775,2026-05-07,email_open
155,evt_00001776,2026-05-18,email_click
155,evt_00001772,2026-06-14,email_click
155,evt_00001778,2026-06-27,email_click
155,evt_00001779,2026-07-22,email_open
155,evt_00001784,2026-07-23,website_visit
155,evt_00001782,2026-07-28,email_open
155,evt_00001774,2026-07-30,email_open
155,evt_00001773,2026-07-31,website_visit
155,evt_00001780,2026-08-01,email_click
156,evt_00001789,2026-06-28,email_open
156,evt_00001788,2026-06-30,email_click
156,evt_00001787,2026-07-06,email_open
156,evt_00001791,2026-07-06,demo_request
156,evt_00001794,2026-07-10,email_open
156,evt_00001795,2026-07-20,email_open
156,evt_00001790,2026-07-25,email_open
156,evt_00001792,2026-07-25,email_open
156,evt_00001786,2026-07-26,email_open
156,evt_00001793,2026-07-28,email_open
156,evt_00001785,2026-07-29,email_open
156,evt_00001796,2026-08-03,email_click
156,evt_00001797,2026-08-07,email_open
157,evt_00001798,2026-07-06,email_open
157,evt_00001799,2026-07-16,email_click
158,evt_00001803,2026-05-05,email_click
158,evt_00001802,2026-05-18,email_open
158,evt_00001801,2026-05-31,email_open
158,evt_00001800,2026-06-22,website_visit
159,evt_00001816,2026-05-16,email_open
159,evt_00001819,2026-05-19,form_fill
159,evt_00001813,2026-06-12,website_visit
159,evt_00001806,2026-06-21,email_open
159,evt_00001808,2026-06-22,website_visit
159,evt_00001812,2026-06-22,email_open
159,evt_00001814,2026-06-29,email_open
159,evt_00001817,2026-07-02,email_open
159,evt_00001805,2026-07-09,email_click
159,evt_00001815,2026-07-10,email_open
159,evt_00001810,2026-07-11,website_visit
159,evt_00001807,2026-07-22,website_visit
159,evt_00001811,2026-07-26,email_open
159,evt_00001804,2026-08-02,website_visit
159,evt_00001818,2026-08-02,form_fill
159,evt_00001809,2026-08-08,email_click
160,evt_00001834,2026-03-28,email_click
160,evt_00001840,2026-04-04,email_open
160,evt_00001842,2026-04-04,website_visit
160,evt_00001820,2026-04-05,website_visit
160,evt_00001828,2026-04-13,email_click
160,evt_00001825,2026-04-22,website_visit
160,evt_00001821,2026-04-24,email_open
160,evt_00001827,2026-04-24,email_open
160,evt_00001843,2026-04-27,website_visit
160,evt_00001833,2026-05-04,website_visit
160,evt_00001823,2026-05-07,email_click
160,evt_00001841,2026-05-10,email_click
160,evt_00001822,2026-05-26,email_click
160,evt_00001837,2026-06-14,email_open
160,evt_00001839,2026-06-27,email_click
160,evt_00001824,2026-06-28,email_click
160,evt_00001829,2026-07-09,email_open
160,evt_00001836,2026-07-11,website_visit
160,evt_00001832,2026-07-12,email_open
160,evt_00001835,2026-07-15,form_fill
160,evt_00001838,2026-07-16,email_click
160,evt_00001831,2026-07-23,email_click
160,evt_00001844,2026-07-29,email_open
160,evt_00001830,2026-07-31,email_click
160,evt_00001826,2026-08-08,email_open
161,evt_00001845,2026-06-16,email_click
162,evt_00001854,2026-03-16,email_click
162,evt_00001846,2026-04-04,website_visit
162,evt_00001853,2026-06-03,website_visit
162,evt_00001849,2026-06-08,email_click
162,evt_00001852,2026-06-13,demo_request
162,evt_00001850,2026-06-27,email_open
162,evt_00001847,2026-07-16,website_visit
162,evt_00001851,2026-07-28,email_click
162,evt_00001848,2026-08-01,email_open
163,evt_00001855,2026-07-20,form_fill
163,evt_00001858,2026-07-22,email_open
163,evt_00001859,2026-07-28,website_visit
163,evt_00001857,2026-07-29,email_open
163,evt_00001856,2026-08-08,email_open
164,evt_00001864,2026-03-10,email_open
164,evt_00001863,2026-05-25,website_visit
164,evt_00001860,2026-06-05,website_visit
164,evt_00001862,2026-07-05,website_visit
164,evt_00001861,2026-07-16,email_open
164,evt_00001865,2026-07-25,email_open
165,evt_00001867,2026-07-17,email_click
165,evt_00001869,2026-07-21,email_click
165,evt_00001866,2026-07-23,email_open
165,evt_00001870,2026-07-25,email_open
165,evt_00001871,2026-07-30,email_open
165,evt_00001868,2026-07-31,email_open
166,evt_00001878,2026-08-02,website_visit
166,evt_00001872,2026-08-04,email_open
166,evt_00001876,2026-08-04,email_click
166,evt_00001873,2026-08-06,website_visit
166,evt_00001875,2026-08-06,email_open
166,evt_00001879,2026-08-06,demo_request
166,evt_00001880,2026-08-06,website_visit
166,evt_00001877,2026-08-07,email_click
166,evt_00001874,2026-08-08,email_open
167,evt_00001881,2026-04-11,email_open
167,evt_00001884,2026-04-17,email_open
167,evt_00001882,2026-05-21,email_open
167,evt_00001883,2026-06-27,demo_request
167,evt_00001885,2026-07-28,email_open
168,evt_00001901,2026-04-17,email_open
168,evt_00001895,2026-04-18,email_open
168,evt_00001908,2026-04-30,email_open
168,evt_00001902,2026-05-01,email_open
168,evt_00001904,2026-05-08,website_visit
168,evt_00001893,2026-05-11,website_visit
168,evt_00001897,2026-05-11,email_click
168,evt_00001888,2026-05-14,website_visit
168,evt_00001889,2026-05-24,email_open
168,evt_00001896,2026-05-27,email_click
168,evt_00001900,2026-06-07,email_click
168,evt_00001892,2026-06-16,email_click
168,evt_00001886,2026-06-17,email_click
168,evt_00001906,2026-06-23,email_click
168,evt_00001909,2026-06-29,email_open
168,evt_00001899,2026-07-02,email_open
168,evt_00001887,2026-07-07,website_visit
168,evt_00001905,2026-07-11,email_open
168,evt_00001891,2026-07-13,email_open
168,evt_00001890,2026-07-14,email_open
168,evt_00001898,2026-07-23,website_visit
168,evt_00001903,2026-07-24,email_open
168,evt_00001907,2026-08-06,website_visit
168,evt_00001894,2026-08-08,email_open
169,evt_00001915,2026-03-30,demo_request
169,evt_00001921,2026-04-04,website_visit
169,evt_00001911,2026-04-07,website_visit
169,evt_00001910,2026-04-10,email_click
169,evt_00001913,2026-04-14,email_open
169,evt_00001916,2026-04-14,email_click
169,evt_00001914,2026-04-20,email_open
169,evt_00001918,2026-04-23,demo_request
169,evt_00001920,2026-04-24,email_open
169,evt_00001919,2026-04-29,website_visit
169,evt_00001917,2026-05-13,email_open
169,evt_00001912,2026-06-29,website_visit
170,evt_00001928,2026-07-15,email_click
170,evt_00001936,2026-07-16,website_visit
170,evt_00001941,2026-07-16,form_fill
170,evt_00001925,2026-07-17,website_visit
170,evt_00001926,2026-07-19,website_visit
170,evt_00001927,2026-07-20,website_visit
170,evt_00001924,2026-07-21,email_open
170,evt_00001930,2026-07-22,website_visit
170,evt_00001933,2026-07-22,email_open
170,evt_00001932,2026-07-24,website_visit
170,evt_00001945,2026-07-25,email_open
170,evt_00001929,2026-07-27,email_click
170,evt_00001944,2026-07-27,website_visit
170,evt_00001939,2026-07-28,website_visit
170,evt_00001935,2026-07-29,email_click
170,evt_00001942,2026-07-31,website_visit
170,evt_00001931,2026-08-01,email_open
170,evt_00001922,2026-08-03,website_visit
170,evt_00001940,2026-08-03,email_click
170,evt_00001934,2026-08-04,email_open
170,evt_00001938,2026-08-05,demo_request
170,evt_00001943,2026-08-05,email_open
170,evt_00001937,2026-08-07,website_visit
170,evt_00001923,2026-08-08,demo_request
171,evt_00001948,2026-03-24,email_open
171,evt_00001946,2026-03-29,email_open
171,evt_00001951,2026-04-25,email_open
171,evt_00001953,2026-05-19,email_click
171,evt_00001950,2026-06-03,email_open
171,evt_00001952,2026-06-04,email_click
171,evt_00001949,2026-06-21,email_open
171,evt_00001947,2026-08-05,website_visit
172,evt_00001964,2026-05-12,email_click
172,evt_00001960,2026-05-16,email_open
172,evt_00001954,2026-05-21,email_open
172,evt_00001963,2026-05-23,email_open
172,evt_00001955,2026-05-27,email_open
172,evt_00001961,2026-05-27,website_visit
172,evt_00001962,2026-05-27,email_open
172,evt_00001967,2026-05-29,form_fill
172,evt_00001968,2026-05-31,email_open
172,evt_00001956,2026-06-04,email_open
172,evt_00001966,2026-06-05,demo_request
172,evt_00001958,2026-06-10,email_open
172,evt_00001965,2026-06-12,email_open
172,evt_00001957,2026-07-06,email_open
172,evt_00001959,2026-08-05,email_click
173,evt_00001972,2026-06-18,email_click
173,evt_00001969,2026-06-19,website_visit
173,evt_00001970,2026-07-05,form_fill
173,evt_00001973,2026-07-05,website_visit
173,evt_00001971,2026-07-08,email_open
174,evt_00001983,2026-07-14,website_visit
174,evt_00001978,2026-07-15,website_visit
174,evt_00001976,2026-07-16,website_visit
174,evt_00001974,2026-07-21,email_open
174,evt_00001981,2026-07-21,email_open
174,evt_00001987,2026-07-24,website_visit
174,evt_00001982,2026-07-25,website_visit
174,evt_00001984,2026-07-26,email_open
174,evt_00001975,2026-08-01,email_open
174,evt_00001979,2026-08-03,website_visit
174,evt_00001985,2026-08-03,website_visit
174,evt_00001986,2026-08-05,email_open
174,evt_00001977,2026-08-07,form_fill
174,evt_00001980,2026-08-08,email_open
175,evt_00001989,2026-07-05,email_open
175,evt_00001991,2026-07-09,email_click
175,evt_00001988,2026-07-16,email_open
175,evt_00001990,2026-07-17,website_visit
175,evt_00001992,2026-07-17,form_fill
176,evt_00002013,2026-05-29,email_click
176,evt_00002004,2026-05-30,email_open
176,evt_00001997,2026-05-31,email_open
176,evt_00002012,2026-06-04,email_open
176,evt_00002003,2026-06-09,website_visit
176,evt_00002006,2026-06-11,email_open
176,evt_00002015,2026-06-11,form_fill
176,evt_00001994,2026-06-15,email_click
176,evt_00002008,2026-06-17,email_open
176,evt_00001996,2026-06-20,website_visit
176,evt_00002014,2026-06-22,email_click
176,evt_00002007,2026-06-23,website_visit
176,evt_00001999,2026-06-25,email_open
176,evt_00002010,2026-06-28,email_click
176,evt_00002009,2026-07-04,email_open
176,evt_00002005,2026-07-09,email_click
176,evt_00001998,2026-07-10,email_open
176,evt_00001993,2026-07-21,email_click
176,evt_00001995,2026-07-22,email_open
176,evt_00002001,2026-07-31,email_open
176,evt_00002000,2026-08-02,email_open
176,evt_00002002,2026-08-02,website_visit
176,evt_00002011,2026-08-02,website_visit
177,evt_00002023,2026-02-21,email_open
177,evt_00002025,2026-03-05,email_open
177,evt_00002027,2026-04-08,email_click
177,evt_00002030,2026-04-29,email_click
177,evt_00002034,2026-05-08,website_visit
177,evt_00002035,2026-05-14,email_open
177,evt_00002017,2026-05-17,email_open
177,evt_00002018,2026-05-22,email_open
177,evt_00002020,2026-05-24,email_open
177,evt_00002022,2026-06-10,email_open
177,evt_00002028,2026-06-11,email_open
177,evt_00002019,2026-06-12,email_click
177,evt_00002021,2026-06-20,email_click
177,evt_00002032,2026-06-21,email_open
177,evt_00002033,2026-06-27,email_open
177,evt_00002026,2026-06-28,email_open
177,evt_00002024,2026-07-04,email_open
177,evt_00002016,2026-07-11,form_fill
177,evt_00002036,2026-07-28,email_open
177,evt_00002037,2026-08-01,email_open
177,evt_00002031,2026-08-03,website_visit
177,evt_00002029,2026-08-08,form_fill
177,evt_00002038,2026-08-08,email_open
178,evt_00002057,2026-06-30,email_click
178,evt_00002043,2026-07-03,email_click
178,evt_00002047,2026-07-05,email_open
178,evt_00002048,2026-07-06,email_click
178,evt_00002053,2026-07-08,email_open
178,evt_00002058,2026-07-09,website_visit
178,evt_00002045,2026-07-13,email_click
178,evt_00002054,2026-07-13,email_open
178,evt_00002039,2026-07-16,email_open
178,evt_00002051,2026-07-16,email_open
178,evt_00002044,2026-07-18,website_visit
178,evt_00002050,2026-07-20,website_visit
178,evt_00002042,2026-07-22,email_open
178,evt_00002052,2026-07-25,website_visit
178,evt_00002041,2026-07-28,email_open
178,evt_00002056,2026-07-30,form_fill
178,evt_00002040,2026-07-31,website_visit
178,evt_00002055,2026-08-02,email_open
178,evt_00002049,2026-08-04,email_click
178,evt_00002046,2026-08-06,email_open
179,evt_00002062,2026-04-23,email_open
179,evt_00002059,2026-04-24,website_visit
179,evt_00002065,2026-05-07,website_visit
179,evt_00002061,2026-05-22,email_open
179,evt_00002063,2026-05-25,email_open
179,evt_00002066,2026-06-01,email_open
179,evt_00002064,2026-06-08,email_click
179,evt_00002060,2026-07-01,email_open
179,evt_00002067,2026-07-10,website_visit
180,evt_00002068,2026-07-18,email_click
181,evt_00002069,2026-07-24,email_click
181,evt_00002071,2026-07-26,website_visit
181,evt_00002073,2026-07-29,email_open
181,evt_00002075,2026-08-02,email_open
181,evt_00002074,2026-08-04,email_click
181,evt_00002070,2026-08-05,email_click
181,evt_00002072,2026-08-07,email_open
182,evt_00002086,2026-07-14,website_visit
182,evt_00002088,2026-07-14,email_open
182,evt_00002083,2026-07-15,website_visit
182,evt_00002077,2026-07-16,website_visit
182,evt_00002082,2026-07-19,email_open
182,evt_00002076,2026-07-22,email_open
182,evt_00002078,2026-07-24,email_open
182,evt_00002085,2026-07-25,website_visit
182,evt_00002079,2026-07-29,email_click
182,evt_00002081,2026-07-29,email_click
182,evt_00002084,2026-07-31,email_click
182,evt_00002087,2026-08-03,email_open
182,evt_00002080,2026-08-05,website_visit
182,evt_00002089,2026-08-06,email_open
183,evt_00002091,2026-07-01,email_open
183,evt_00002103,2026-07-02,website_visit
183,evt_00002099,2026-07-05,email_click
183,evt_00002104,2026-07-05,email_open
183,evt_00002098,2026-07-06,website_visit
183,evt_00002101,2026-07-10,website_visit
183,evt_00002093,2026-07-15,email_open
183,evt_00002095,2026-07-16,website_visit
183,evt_00002096,2026-07-18,email_open
183,evt_00002102,2026-07-18,email_click
183,evt_00002105,2026-07-21,demo_request
183,evt_00002090,2026-07-24,email_open
183,evt_00002092,2026-07-24,website_visit
183,evt_00002094,2026-07-24,email_open
183,evt_00002097,2026-07-28,email_click
183,evt_00002100,2026-07-29,email_open
184,evt_00002116,2026-07-04,email_open
184,evt_00002118,2026-07-05,email_click
184,evt_00002113,2026-07-06,email_open
184,evt_00002120,2026-07-06,email_open
184,evt_00002115,2026-07-16,email_open
184,evt_00002109,2026-07-19,email_open
184,evt_00002114,2026-07-21,email_open
184,evt_00002117,2026-07-24,email_open
184,evt_00002106,2026-07-27,website_visit
184,evt_00002111,2026-07-28,email_open
184,evt_00002112,2026-07-29,email_open
184,evt_00002119,2026-08-02,email_click
184,evt_00002110,2026-08-03,email_open
184,evt_00002107,2026-08-04,email_open
184,evt_00002121,2026-08-06,website_visit
184,evt_00002108,2026-08-08,email_open
185,evt_00002127,2026-03-19,website_visit
185,evt_00002131,2026-04-12,email_open
185,evt_00002125,2026-04-15,form_fill
185,evt_00002122,2026-04-23,email_open
185,evt_00002134,2026-04-25,website_visit
185,evt_00002123,2026-05-01,email_open
185,evt_00002129,2026-05-08,email_click
185,evt_00002126,2026-05-22,email_open
185,evt_00002128,2026-05-28,website_visit
185,evt_00002124,2026-06-06,email_click
185,evt_00002132,2026-06-07,email_open
185,evt_00002133,2026-06-14,email_open
185,evt_00002136,2026-06-20,email_open
185,evt_00002135,2026-07-06,email_open
185,evt_00002130,2026-07-28,email_open
186,evt_00002144,2026-06-16,website_visit
186,evt_00002143,2026-06-21,email_open
186,evt_00002139,2026-07-03,email_click
186,evt_00002142,2026-07-03,email_click
186,evt_00002137,2026-07-06,form_fill
186,evt_00002141,2026-07-09,email_open
186,evt_00002140,2026-07-20,email_click
186,evt_00002145,2026-07-28,email_open
186,evt_00002138,2026-07-31,website_visit
187,evt_00002159,2026-07-24,email_open
187,evt_00002149,2026-07-25,website_visit
187,evt_00002160,2026-07-25,email_open
187,evt_00002155,2026-07-26,email_click
187,evt_00002147,2026-07-28,email_open
187,evt_00002152,2026-07-30,email_open
187,evt_00002146,2026-07-31,email_open
187,evt_00002153,2026-07-31,email_open
187,evt_00002154,2026-07-31,website_visit
187,evt_00002148,2026-08-01,demo_request
187,evt_00002157,2026-08-01,email_open
187,evt_00002150,2026-08-02,email_open
187,evt_00002158,2026-08-03,email_open
187,evt_00002151,2026-08-08,email_open
187,evt_00002156,2026-08-08,email_click
188,evt_00002177,2026-04-16,email_click
188,evt_00002182,2026-04-17,email_click
188,evt_00002189,2026-04-24,form_fill
188,evt_00002165,2026-04-27,email_open
188,evt_00002190,2026-04-28,form_fill
188,evt_00002164,2026-05-10,email_click
188,evt_00002183,2026-05-10,website_visit
188,evt_00002161,2026-05-11,email_open
188,evt_00002166,2026-05-25,website_visit
188,evt_00002176,2026-05-27,demo_request
188,evt_00002174,2026-06-01,website_visit
188,evt_00002167,2026-06-02,email_open
188,evt_00002172,2026-06-02,form_fill
188,evt_00002187,2026-06-03,email_open
188,evt_00002162,2026-06-06,email_click
188,evt_00002175,2026-06-06,email_open
188,evt_00002184,2026-06-06,email_open
188,evt_00002186,2026-06-13,website_visit
188,evt_00002185,2026-06-20,email_open
188,evt_00002168,2026-06-21,email_open
188,evt_00002163,2026-06-25,demo_request
188,evt_00002188,2026-06-25,website_visit
188,evt_00002181,2026-07-02,email_open
188,evt_00002178,2026-07-03,email_click
188,evt_00002173,2026-07-18,email_open
188,evt_00002169,2026-07-23,email_open
188,evt_00002180,2026-07-23,email_click
188,evt_00002170,2026-08-01,email_open
188,evt_00002179,2026-08-06,website_visit
188,evt_00002171,2026-08-07,website_visit
189,evt_00002191,2026-07-19,email_open
189,evt_00002192,2026-07-27,email_open
189,evt_00002193,2026-08-04,demo_request
189,evt_00002194,2026-08-05,email_open
190,evt_00002195,2026-07-24,email_open
191,evt_00002198,2026-04-14,email_open
191,evt_00002204,2026-04-17,email_open
191,evt_00002207,2026-04-23,email_open
191,evt_00002201,2026-05-04,email_open
191,evt_00002205,2026-05-15,demo_request
191,evt_00002208,2026-05-15,email_click
191,evt_00002203,2026-05-17,email_click
191,evt_00002202,2026-05-29,email_open
191,evt_00002197,2026-06-06,website_visit
191,evt_00002206,2026-06-08,form_fill
191,evt_00002199,2026-06-27,email_open
191,evt_00002200,2026-06-27,email_click
191,evt_00002196,2026-07-12,website_visit
192,evt_00002216,2026-03-04,website_visit
192,evt_00002210,2026-03-11,email_open
192,evt_00002232,2026-03-12,form_fill
192,evt_00002223,2026-03-22,website_visit
192,evt_00002217,2026-03-23,email_open
192,evt_00002212,2026-04-03,email_open
192,evt_00002221,2026-04-05,email_click
192,evt_00002211,2026-04-11,email_open
192,evt_00002228,2026-04-13,email_open
192,evt_00002225,2026-04-15,email_open
192,evt_00002229,2026-04-20,email_open
192,evt_00002226,2026-04-27,website_visit
192,evt_00002219,2026-05-14,email_click
192,evt_00002230,2026-05-15,email_open
192,evt_00002214,2026-05-26,email_click
192,evt_00002215,2026-06-04,email_open
192,evt_00002222,2026-06-19,email_open
192,evt_00002218,2026-07-18,email_open
192,evt_00002224,2026-07-21,demo_request
192,evt_00002220,2026-07-23,email_click
192,evt_00002209,2026-07-31,website_visit
192,evt_00002213,2026-08-04,email_click
192,evt_00002231,2026-08-06,email_open
192,evt_00002227,2026-08-07,email_click
193,evt_00002235,2026-03-22,email_click
193,evt_00002236,2026-05-13,email_open
193,evt_00002234,2026-05-22,email_open
193,evt_00002233,2026-08-03,email_open
194,evt_00002237,2026-03-08,website_visit
194,evt_00002247,2026-03-12,email_click
194,evt_00002242,2026-03-22,email_open
194,evt_00002244,2026-03-27,email_open
194,evt_00002246,2026-04-15,email_open
194,evt_00002243,2026-04-17,email_click
194,evt_00002241,2026-05-06,email_open
194,evt_00002248,2026-05-24,email_open
194,evt_00002240,2026-06-25,email_click
194,evt_00002239,2026-07-02,email_open
194,evt_00002245,2026-07-24,email_open
194,evt_00002238,2026-07-26,email_open
195,evt_00002255,2026-04-26,email_open
195,evt_00002256,2026-05-05,website_visit
195,evt_00002253,2026-05-08,website_visit
195,evt_00002251,2026-05-12,email_click
195,evt_00002249,2026-05-19,email_open
195,evt_00002254,2026-05-19,email_open
195,evt_00002261,2026-06-02,website_visit
195,evt_00002252,2026-06-04,email_click
195,evt_00002260,2026-06-05,website_visit
195,evt_00002250,2026-06-17,email_open
195,evt_00002258,2026-07-02,form_fill
195,evt_00002263,2026-07-09,email_open
195,evt_00002264,2026-07-13,website_visit
195,evt_00002259,2026-07-26,website_visit
195,evt_00002257,2026-07-30,email_click
195,evt_00002262,2026-08-01,email_click
197,evt_00002269,2026-06-23,email_click
197,evt_00002266,2026-06-26,email_click
197,evt_00002268,2026-06-30,email_open
197,evt_00002271,2026-07-06,email_open
197,evt_00002265,2026-07-08,email_open
197,evt_00002270,2026-07-20,demo_request
197,evt_00002267,2026-07-21,website_visit
198,evt_00002273,2026-04-06,form_fill
198,evt_00002278,2026-04-20,email_open
198,evt_00002279,2026-05-04,email_click
198,evt_00002277,2026-05-16,email_open
198,evt_00002274,2026-05-24,email_open
198,evt_00002281,2026-06-16,email_open
198,evt_00002276,2026-06-22,website_visit
198,evt_00002272,2026-06-23,email_open
198,evt_00002282,2026-07-09,website_visit
198,evt_00002275,2026-07-13,email_open
198,evt_00002280,2026-07-29,email_open
199,evt_00002285,2026-05-16,email_open
199,evt_00002283,2026-07-03,website_visit
199,evt_00002286,2026-07-09,website_visit
199,evt_00002284,2026-07-21,email_click
200,evt_00002291,2026-07-24,email_click
200,evt_00002292,2026-07-25,email_open
200,evt_00002298,2026-07-26,demo_request
200,evt_00002287,2026-07-28,form_fill
200,evt_00002301,2026-07-28,website_visit
200,evt_00002302,2026-07-28,website_visit
200,evt_00002290,2026-07-29,website_visit
200,evt_00002295,2026-07-30,email_open
200,evt_00002293,2026-07-31,form_fill
200,evt_00002297,2026-08-02,email_open
200,evt_00002299,2026-08-02,email_open
200,evt_00002300,2026-08-02,email_click
200,evt_00002303,2026-08-02,email_open
200,evt_00002289,2026-08-03,email_open
200,evt_00002296,2026-08-05,website_visit
200,evt_00002304,2026-08-06,email_open
200,evt_00002288,2026-08-07,email_click
200,evt_00002294,2026-08-07,form_fill
201,evt_00002308,2026-02-20,demo_request
201,evt_00002306,2026-03-27,form_fill
201,evt_00002310,2026-04-12,email_open
201,evt_00002309,2026-05-09,email_open
201,evt_00002307,2026-05-26,email_open
201,evt_00002305,2026-07-02,email_open
202,evt_00002311,2026-03-16,email_open
202,evt_00002312,2026-03-17,email_open
202,evt_00002314,2026-04-04,website_visit
202,evt_00002313,2026-07-22,website_visit
203,evt_00002315,2026-04-14,email_open
203,evt_00002316,2026-04-26,form_fill
203,evt_00002317,2026-06-27,form_fill
203,evt_00002318,2026-06-27,website_visit
203,evt_00002319,2026-07-31,email_click
204,evt_00002333,2026-04-19,email_open
204,evt_00002329,2026-04-21,email_open
204,evt_00002339,2026-05-03,website_visit
204,evt_00002322,2026-05-04,email_open
204,evt_00002323,2026-05-05,website_visit
204,evt_00002326,2026-05-17,website_visit
204,evt_00002325,2026-06-10,form_fill
204,evt_00002328,2026-06-17,email_open
204,evt_00002330,2026-06-21,website_visit
204,evt_00002334,2026-06-29,email_open
204,evt_00002335,2026-06-29,email_open
204,evt_00002336,2026-07-04,email_open
204,evt_00002320,2026-07-09,email_open
204,evt_00002327,2026-07-09,email_open
204,evt_00002338,2026-07-10,email_open
204,evt_00002337,2026-07-11,email_open
204,evt_00002321,2026-07-12,form_fill
204,evt_00002324,2026-07-19,website_visit
204,evt_00002332,2026-08-01,email_click
204,evt_00002331,2026-08-04,email_open
205,evt_00002344,2026-04-10,website_visit
205,evt_00002343,2026-04-25,email_open
205,evt_00002342,2026-05-02,email_open
205,evt_00002340,2026-06-14,email_click
205,evt_00002345,2026-07-25,website_visit
205,evt_00002341,2026-08-08,email_open
206,evt_00002349,2026-07-29,email_click
206,evt_00002351,2026-07-31,email_open
206,evt_00002348,2026-08-01,email_open
206,evt_00002346,2026-08-03,email_open
206,evt_00002347,2026-08-03,email_open
206,evt_00002350,2026-08-06,email_open
207,evt_00002369,2026-02-28,form_fill
207,evt_00002358,2026-03-08,website_visit
207,evt_00002360,2026-03-22,email_open
207,evt_00002355,2026-03-23,email_click
207,evt_00002361,2026-04-01,form_fill
207,evt_00002352,2026-04-02,email_open
207,evt_00002357,2026-04-09,email_open
207,evt_00002359,2026-04-14,form_fill
207,evt_00002356,2026-04-15,email_open
207,evt_00002367,2026-04-17,email_click
207,evt_00002363,2026-04-24,website_visit
207,evt_00002365,2026-04-25,website_visit
207,evt_00002354,2026-05-10,email_open
207,evt_00002366,2026-05-12,website_visit
207,evt_00002362,2026-06-26,website_visit
207,evt_00002368,2026-06-28,email_open
207,evt_00002364,2026-07-13,email_click
207,evt_00002353,2026-08-05,email_open
208,evt_00002383,2026-05-29,website_visit
208,evt_00002382,2026-06-05,email_open
208,evt_00002384,2026-06-05,email_open
208,evt_00002377,2026-06-13,form_fill
208,evt_00002373,2026-06-15,website_visit
208,evt_00002370,2026-06-16,email_open
208,evt_00002371,2026-06-19,email_open
208,evt_00002372,2026-06-20,email_open
208,evt_00002375,2026-06-20,email_open
208,evt_00002385,2026-06-20,email_click
208,evt_00002378,2026-06-21,email_open
208,evt_00002376,2026-07-14,email_open
208,evt_00002374,2026-07-30,email_open
208,evt_00002381,2026-07-30,website_visit
208,evt_00002379,2026-08-03,email_open
208,evt_00002380,2026-08-03,email_open
209,evt_00002388,2026-08-05,form_fill
209,evt_00002394,2026-08-05,email_click
209,evt_00002395,2026-08-05,email_click
209,evt_00002389,2026-08-06,email_click
209,evt_00002392,2026-08-06,form_fill
209,evt_00002396,2026-08-06,email_open
209,evt_00002399,2026-08-06,email_click
209,evt_00002387,2026-08-07,email_click
209,evt_00002391,2026-08-07,email_open
209,evt_00002397,2026-08-07,email_open
209,evt_00002386,2026-08-08,email_open
209,evt_00002390,2026-08-08,email_click
209,evt_00002393,2026-08-08,email_click
209,evt_00002398,2026-08-08,website_visit
210,evt_00002401,2026-08-03,email_click
210,evt_00002412,2026-08-03,email_click
210,evt_00002406,2026-08-04,email_open
210,evt_00002403,2026-08-05,email_click
210,evt_00002408,2026-08-05,email_open
210,evt_00002409,2026-08-05,email_open
210,evt_00002411,2026-08-05,website_visit
210,evt_00002400,2026-08-06,email_open
210,evt_00002402,2026-08-06,email_open
210,evt_00002405,2026-08-06,email_open
210,evt_00002404,2026-08-07,website_visit
210,evt_00002410,2026-08-07,email_open
210,evt_00002407,2026-08-08,email_open
211,evt_00002420,2026-04-19,website_visit
211,evt_00002415,2026-04-23,website_visit
211,evt_00002419,2026-04-25,form_fill
211,evt_00002414,2026-05-05,email_open
211,evt_00002417,2026-06-15,email_open
211,evt_00002413,2026-06-20,email_open
211,evt_00002416,2026-07-04,email_open
211,evt_00002418,2026-08-03,email_open
212,evt_00002422,2026-03-29,website_visit
212,evt_00002426,2026-04-17,email_click
212,evt_00002427,2026-06-02,email_click
212,evt_00002425,2026-06-13,website_visit
212,evt_00002423,2026-06-15,email_click
212,evt_00002424,2026-07-10,email_click
212,evt_00002421,2026-07-30,website_visit
213,evt_00002429,2026-06-28,email_open
213,evt_00002430,2026-06-29,website_visit
213,evt_00002428,2026-07-29,email_open
213,evt_00002431,2026-08-04,email_click
214,evt_00002432,2026-03-31,email_open
214,evt_00002435,2026-05-18,form_fill
214,evt_00002434,2026-05-31,email_open
214,evt_00002433,2026-06-20,website_visit
215,evt_00002446,2026-07-04,website_visit
215,evt_00002436,2026-07-08,website_visit
215,evt_00002444,2026-07-11,form_fill
215,evt_00002445,2026-07-11,email_open
215,evt_00002443,2026-07-25,email_open
215,evt_00002440,2026-07-26,email_open
215,evt_00002438,2026-07-29,email_open
215,evt_00002439,2026-07-30,email_open
215,evt_00002442,2026-07-30,website_visit
215,evt_00002441,2026-08-04,website_visit
215,evt_00002437,2026-08-08,email_open
216,evt_00002452,2026-07-31,email_click
216,evt_00002451,2026-08-01,website_visit
216,evt_00002447,2026-08-03,form_fill
216,evt_00002450,2026-08-03,website_visit
216,evt_00002454,2026-08-04,email_open
216,evt_00002449,2026-08-06,email_open
216,evt_00002453,2026-08-06,email_open
216,evt_00002455,2026-08-06,email_open
216,evt_00002448,2026-08-08,form_fill
218,evt_00002456,2026-07-18,email_open
219,evt_00002458,2026-04-30,website_visit
219,evt_00002465,2026-06-14,website_visit
219,evt_00002460,2026-06-16,form_fill
219,evt_00002463,2026-06-25,website_visit
219,evt_00002464,2026-06-26,email_click
219,evt_00002459,2026-06-28,email_click
219,evt_00002461,2026-07-01,email_open
219,evt_00002466,2026-07-14,website_visit
219,evt_00002462,2026-07-17,email_open
219,evt_00002467,2026-07-20,email_open
219,evt_00002457,2026-08-08,email_open
220,evt_00002470,2026-05-26,website_visit
220,evt_00002474,2026-06-07,email_open
220,evt_00002471,2026-06-11,email_open
220,evt_00002469,2026-06-25,email_open
220,evt_00002472,2026-06-27,website_visit
220,evt_00002475,2026-07-06,email_click
220,evt_00002468,2026-07-14,email_open
220,evt_00002473,2026-07-29,website_visit
221,evt_00002476,2026-07-05,email_open
222,evt_00002480,2026-07-25,email_open
222,evt_00002484,2026-07-25,email_click
222,evt_00002482,2026-07-31,email_click
222,evt_00002477,2026-08-02,website_visit
222,evt_00002481,2026-08-05,website_visit
222,evt_00002483,2026-08-07,email_click
222,evt_00002478,2026-08-08,website_visit
222,evt_00002479,2026-08-08,email_open
223,evt_00002489,2026-06-15,email_open
223,evt_00002485,2026-06-19,email_open
223,evt_00002490,2026-07-01,email_open
223,evt_00002486,2026-07-05,email_click
223,evt_00002487,2026-07-10,email_open
223,evt_00002491,2026-07-23,form_fill
223,evt_00002488,2026-08-07,website_visit
224,evt_00002493,2026-06-29,email_open
224,evt_00002495,2026-07-02,email_open
224,evt_00002492,2026-08-01,website_visit
224,evt_00002494,2026-08-01,email_click
224,evt_00002496,2026-08-01,email_open
225,evt_00002499,2026-06-11,email_click
225,evt_00002497,2026-07-10,email_click
225,evt_00002498,2026-07-10,email_open
225,evt_00002500,2026-07-30,website_visit
226,evt_00002503,2026-05-15,email_open
226,evt_00002501,2026-07-13,website_visit
226,evt_00002502,2026-07-22,website_visit
227,evt_00002509,2026-03-31,email_open
227,evt_00002513,2026-05-12,email_open
227,evt_00002510,2026-06-07,email_open
227,evt_00002507,2026-06-14,email_open
227,evt_00002506,2026-06-19,website_visit
227,evt_00002504,2026-06-20,email_open
227,evt_00002505,2026-06-23,website_visit
227,evt_00002511,2026-06-24,email_open
227,evt_00002514,2026-07-17,email_open
227,evt_00002508,2026-07-25,website_visit
227,evt_00002512,2026-07-27,email_click
228,evt_00002517,2026-05-25,email_open
228,evt_00002515,2026-05-31,email_click
228,evt_00002516,2026-06-13,website_visit
229,evt_00002518,2026-07-09,demo_request
230,evt_00002525,2026-04-20,website_visit
230,evt_00002523,2026-04-23,email_click
230,evt_00002524,2026-05-27,email_click
230,evt_00002520,2026-06-09,email_open
230,evt_00002521,2026-07-02,website_visit
230,evt_00002526,2026-07-23,website_visit
230,evt_00002519,2026-08-03,form_fill
230,evt_00002522,2026-08-04,form_fill
231,evt_00002540,2026-06-04,email_open
231,evt_00002536,2026-06-08,website_visit
231,evt_00002535,2026-06-10,website_visit
231,evt_00002531,2026-06-11,website_visit
231,evt_00002528,2026-06-12,email_open
231,evt_00002541,2026-07-02,email_open
231,evt_00002538,2026-07-10,email_open
231,evt_00002529,2026-07-14,email_open
231,evt_00002527,2026-07-16,website_visit
231,evt_00002532,2026-07-19,website_visit
231,evt_00002534,2026-07-21,website_visit
231,evt_00002537,2026-07-31,email_open
231,evt_00002539,2026-08-03,email_open
231,evt_00002533,2026-08-05,demo_request
231,evt_00002530,2026-08-08,email_open
232,evt_00002552,2026-03-17,email_open
232,evt_00002549,2026-04-04,email_open
232,evt_00002548,2026-04-21,email_click
232,evt_00002551,2026-04-21,email_open
232,evt_00002542,2026-04-24,email_open
232,evt_00002547,2026-04-29,email_open
232,evt_00002546,2026-05-09,email_open
232,evt_00002545,2026-05-21,email_click
232,evt_00002550,2026-06-02,website_visit
232,evt_00002554,2026-06-06,website_visit
232,evt_00002553,2026-06-19,email_open
232,evt_00002555,2026-07-01,website_visit
232,evt_00002543,2026-07-02,email_open
232,evt_00002544,2026-07-07,demo_request
233,evt_00002556,2026-04-26,email_open
233,evt_00002560,2026-05-04,email_open
233,evt_00002557,2026-05-12,website_visit
233,evt_00002559,2026-06-29,email_open
233,evt_00002558,2026-07-08,email_click
233,evt_00002561,2026-07-24,email_open
234,evt_00002564,2026-06-16,email_open
234,evt_00002568,2026-06-16,email_click
234,evt_00002565,2026-06-20,email_click
234,evt_00002570,2026-06-20,email_click
234,evt_00002569,2026-07-04,email_click
234,evt_00002567,2026-07-07,email_open
234,evt_00002571,2026-07-14,email_open
234,evt_00002566,2026-07-17,demo_request
234,evt_00002563,2026-07-21,website_visit
234,evt_00002562,2026-07-28,email_open
234,evt_00002572,2026-07-31,website_visit
234,evt_00002573,2026-08-02,email_open
235,evt_00002575,2026-04-17,email_open
235,evt_00002576,2026-05-02,email_open
235,evt_00002578,2026-05-15,email_open
235,evt_00002579,2026-05-23,email_open
235,evt_00002574,2026-06-08,website_visit
235,evt_00002577,2026-07-04,email_open
235,evt_00002580,2026-08-03,email_open
236,evt_00002586,2026-06-11,email_click
236,evt_00002583,2026-06-15,email_open
236,evt_00002581,2026-06-22,email_open
236,evt_00002584,2026-07-03,email_open
236,evt_00002588,2026-07-17,website_visit
236,evt_00002587,2026-07-19,email_click
236,evt_00002589,2026-07-22,email_open
236,evt_00002585,2026-07-25,email_open
236,evt_00002582,2026-08-06,email_open
237,evt_00002592,2026-07-04,email_open
237,evt_00002595,2026-07-06,email_click
237,evt_00002591,2026-07-12,email_open
237,evt_00002590,2026-07-16,email_open
237,evt_00002597,2026-07-22,email_click
237,evt_00002596,2026-08-01,website_visit
237,evt_00002594,2026-08-04,email_click
237,evt_00002593,2026-08-05,website_visit
237,evt_00002598,2026-08-07,email_open
238,evt_00002599,2026-04-29,email_open
238,evt_00002603,2026-04-29,website_visit
238,evt_00002600,2026-04-30,email_click
238,evt_00002601,2026-06-30,website_visit
238,evt_00002602,2026-07-04,email_open
239,evt_00002604,2026-07-23,email_click
240,evt_00002607,2026-03-30,email_open
240,evt_00002609,2026-04-30,website_visit
240,evt_00002605,2026-05-06,website_visit
240,evt_00002606,2026-05-07,email_open
240,evt_00002608,2026-07-16,email_open
241,evt_00002624,2026-03-12,email_click
241,evt_00002612,2026-03-16,email_click
241,evt_00002621,2026-03-20,email_open
241,evt_00002622,2026-03-22,website_visit
241,evt_00002620,2026-03-23,email_open
241,evt_00002626,2026-03-30,website_visit
241,evt_00002613,2026-03-31,email_click
241,evt_00002627,2026-04-03,email_open
241,evt_00002630,2026-04-04,email_open
241,evt_00002625,2026-04-05,email_open
241,evt_00002637,2026-04-15,website_visit
241,evt_00002632,2026-04-26,email_open
241,evt_00002633,2026-05-02,form_fill
241,evt_00002610,2026-05-10,email_open
241,evt_00002617,2026-05-14,form_fill
241,evt_00002611,2026-05-16,email_open
241,evt_00002616,2026-05-19,email_open
241,evt_00002615,2026-05-22,email_open
241,evt_00002628,2026-06-13,form_fill
241,evt_00002635,2026-06-16,email_open
241,evt_00002636,2026-06-26,email_click
241,evt_00002619,2026-07-12,email_open
241,evt_00002631,2026-07-14,email_open
241,evt_00002623,2026-07-15,email_click
241,evt_00002614,2026-07-17,email_open
241,evt_00002618,2026-08-03,email_click
241,evt_00002629,2026-08-03,email_click
241,evt_00002634,2026-08-06,form_fill
242,evt_00002640,2026-06-23,email_open
242,evt_00002639,2026-06-26,email_open
242,evt_00002638,2026-07-21,email_open
243,evt_00002641,2026-07-03,email_open
244,evt_00002659,2026-06-30,website_visit
244,evt_00002655,2026-07-01,email_open
244,evt_00002657,2026-07-01,website_visit
244,evt_00002653,2026-07-03,email_open
244,evt_00002646,2026-07-05,website_visit
244,evt_00002652,2026-07-06,website_visit
244,evt_00002650,2026-07-08,email_click
244,evt_00002663,2026-07-09,email_open
244,evt_00002664,2026-07-15,website_visit
244,evt_00002662,2026-07-19,email_click
244,evt_00002642,2026-07-20,website_visit
244,evt_00002660,2026-07-20,email_click
244,evt_00002666,2026-07-23,email_open
244,evt_00002651,2026-07-24,email_click
244,evt_00002665,2026-07-24,email_open
244,evt_00002645,2026-07-25,demo_request
244,evt_00002648,2026-07-25,email_open
244,evt_00002654,2026-07-27,website_visit
244,evt_00002656,2026-07-28,email_open
244,evt_00002667,2026-07-29,website_visit
244,evt_00002649,2026-08-01,form_fill
244,evt_00002661,2026-08-04,website_visit
244,evt_00002643,2026-08-05,website_visit
244,evt_00002644,2026-08-06,form_fill
244,evt_00002647,2026-08-06,website_visit
244,evt_00002658,2026-08-07,email_open
245,evt_00002670,2026-06-10,website_visit
245,evt_00002671,2026-06-21,email_open
245,evt_00002668,2026-06-27,website_visit
245,evt_00002669,2026-07-28,form_fill
246,evt_00002684,2026-06-04,demo_request
246,evt_00002683,2026-06-20,website_visit
246,evt_00002686,2026-06-20,email_open
246,evt_00002674,2026-06-23,form_fill
246,evt_00002673,2026-06-25,email_click
246,evt_00002680,2026-06-25,email_open
246,evt_00002681,2026-06-27,email_open
246,evt_00002676,2026-07-03,email_open
246,evt_00002678,2026-07-06,email_open
246,evt_00002689,2026-07-06,email_open
246,evt_00002682,2026-07-09,website_visit
246,evt_00002687,2026-07-17,email_open
246,evt_00002675,2026-07-28,email_click
246,evt_00002685,2026-07-29,website_visit
246,evt_00002688,2026-07-31,email_open
246,evt_00002679,2026-08-02,website_visit
246,evt_00002672,2026-08-03,email_open
246,evt_00002677,2026-08-03,email_click
247,evt_00002694,2026-06-25,email_open
247,evt_00002692,2026-06-27,email_click
247,evt_00002691,2026-07-09,email_open
247,evt_00002693,2026-07-29,website_visit
247,evt_00002690,2026-08-08,email_click
248,evt_00002700,2026-04-17,website_visit
248,evt_00002699,2026-05-03,email_open
248,evt_00002695,2026-05-14,email_open
248,evt_00002697,2026-06-01,form_fill
248,evt_00002698,2026-06-03,email_open
248,evt_00002696,2026-07-05,email_open
249,evt_00002701,2026-07-16,email_open
250,evt_00002717,2026-06-02,email_click
250,evt_00002711,2026-06-04,website_visit
250,evt_00002708,2026-06-12,email_open
250,evt_00002714,2026-06-16,website_visit
250,evt_00002712,2026-06-17,email_open
250,evt_00002719,2026-06-20,website_visit
250,evt_00002702,2026-06-28,email_click
250,evt_00002713,2026-06-28,email_click
250,evt_00002710,2026-06-30,website_visit
250,evt_00002716,2026-06-30,website_visit
250,evt_00002709,2026-07-03,website_visit
250,evt_00002705,2026-07-17,email_click
250,evt_00002718,2026-07-18,email_open
250,evt_00002720,2026-07-18,email_open
250,evt_00002715,2026-07-20,website_visit
250,evt_00002704,2026-07-29,email_click
250,evt_00002707,2026-07-29,website_visit
250,evt_00002703,2026-07-30,email_open
250,evt_00002706,2026-08-02,website_visit
251,evt_00002733,2026-06-02,demo_request
251,evt_00002738,2026-06-18,email_open
251,evt_00002736,2026-06-23,email_open
251,evt_00002727,2026-06-24,website_visit
251,evt_00002726,2026-06-30,email_open
251,evt_00002732,2026-07-02,email_click
251,evt_00002739,2026-07-03,email_open
251,evt_00002723,2026-07-10,email_open
251,evt_00002734,2026-07-16,email_open
251,evt_00002735,2026-07-16,website_visit
251,evt_00002740,2026-07-17,email_click
251,evt_00002722,2026-07-18,demo_request
251,evt_00002730,2026-07-21,demo_request
251,evt_00002725,2026-07-25,email_open
251,evt_00002737,2026-07-29,email_open
251,evt_00002729,2026-07-30,website_visit
251,evt_00002731,2026-08-01,email_open
251,evt_00002724,2026-08-02,email_open
251,evt_00002741,2026-08-03,email_open
251,evt_00002721,2026-08-05,email_click
251,evt_00002728,2026-08-08,email_open
252,evt_00002746,2026-07-26,form_fill
252,evt_00002745,2026-07-27,email_open
252,evt_00002747,2026-07-27,email_open
252,evt_00002743,2026-08-02,email_open
252,evt_00002744,2026-08-03,email_click
252,evt_00002742,2026-08-07,email_open
253,evt_00002748,2026-08-08,demo_request
253,evt_00002749,2026-08-08,website_visit
253,evt_00002750,2026-08-08,email_open
253,evt_00002751,2026-08-08,email_open
253,evt_00002752,2026-08-08,email_open
253,evt_00002753,2026-08-08,email_open
253,evt_00002754,2026-08-08,email_click
253,evt_00002755,2026-08-08,email_click
253,evt_00002756,2026-08-08,website_visit
253,evt_00002757,2026-08-08,website_visit
254,evt_00002759,2026-03-08,email_open
254,evt_00002761,2026-03-17,email_open
254,evt_00002771,2026-04-12,form_fill
254,evt_00002766,2026-04-22,email_open
254,evt_00002762,2026-04-27,website_visit
254,evt_00002768,2026-05-06,website_visit
254,evt_00002765,2026-05-12,email_open
254,evt_00002770,2026-05-17,email_click
254,evt_00002763,2026-05-31,email_open
254,evt_00002767,2026-06-02,form_fill
254,evt_00002772,2026-06-19,email_click
254,evt_00002769,2026-06-30,email_click
254,evt_00002760,2026-07-13,email_open
254,evt_00002758,2026-07-14,website_visit
254,evt_00002764,2026-07-19,email_open
255,evt_00002777,2026-08-05,email_open
255,evt_00002773,2026-08-06,email_open
255,evt_00002776,2026-08-06,email_open
255,evt_00002774,2026-08-07,form_fill
255,evt_00002775,2026-08-07,email_click
255,evt_00002778,2026-08-08,website_visit
255,evt_00002779,2026-08-08,email_open
256,evt_00002780,2026-05-21,website_visit
256,evt_00002782,2026-05-28,email_open
256,evt_00002783,2026-06-22,website_visit
256,evt_00002781,2026-07-03,email_open
257,evt_00002784,2026-08-06,email_open
257,evt_00002785,2026-08-06,website_visit
257,evt_00002786,2026-08-06,email_open
257,evt_00002787,2026-08-06,email_open
257,evt_00002788,2026-08-06,email_open
257,evt_00002791,2026-08-06,website_visit
257,evt_00002793,2026-08-06,website_visit
257,evt_00002794,2026-08-06,email_click
257,evt_00002799,2026-08-06,website_visit
257,evt_00002802,2026-08-06,email_open
257,evt_00002803,2026-08-06,email_open
257,evt_00002804,2026-08-06,form_fill
257,evt_00002805,2026-08-06,website_visit
257,evt_00002790,2026-08-07,email_click
257,evt_00002792,2026-08-07,website_visit
257,evt_00002798,2026-08-07,email_open
257,evt_00002801,2026-08-07,email_click
257,evt_00002806,2026-08-07,demo_request
257,evt_00002789,2026-08-08,email_click
257,evt_00002795,2026-08-08,email_open
257,evt_00002796,2026-08-08,email_open
257,evt_00002797,2026-08-08,website_visit
257,evt_00002800,2026-08-08,email_open
257,evt_00002807,2026-08-08,email_click
257,evt_00002808,2026-08-08,email_click
258,evt_00002809,2026-07-31,website_visit
258,evt_00002810,2026-08-01,email_click
258,evt_00002812,2026-08-02,email_open
258,evt_00002811,2026-08-04,email_open
259,evt_00002813,2026-03-12,email_click
259,evt_00002819,2026-04-17,email_open
259,evt_00002815,2026-05-06,email_open
259,evt_00002822,2026-05-11,email_click
259,evt_00002821,2026-05-24,email_open
259,evt_00002820,2026-05-26,website_visit
259,evt_00002814,2026-05-29,email_click
259,evt_00002818,2026-06-22,email_open
259,evt_00002817,2026-07-08,email_open
259,evt_00002816,2026-07-19,website_visit
259,evt_00002823,2026-08-05,email_open
260,evt_00002824,2026-07-10,website_visit
261,evt_00002831,2026-06-08,demo_request
261,evt_00002826,2026-06-11,email_open
261,evt_00002830,2026-07-03,website_visit
261,evt_00002829,2026-07-08,website_visit
261,evt_00002828,2026-07-09,website_visit
261,evt_00002825,2026-07-22,email_open
261,evt_00002827,2026-07-23,email_click
261,evt_00002832,2026-08-03,email_open
262,evt_00002834,2026-06-04,email_click
262,evt_00002838,2026-06-16,website_visit
262,evt_00002841,2026-06-18,website_visit
262,evt_00002833,2026-06-23,email_open
262,evt_00002837,2026-06-28,email_open
262,evt_00002840,2026-06-28,email_open
262,evt_00002836,2026-06-30,website_visit
262,evt_00002839,2026-07-02,form_fill
262,evt_00002835,2026-07-23,email_click
262,evt_00002842,2026-07-31,email_open
263,evt_00002846,2026-08-01,email_open
263,evt_00002848,2026-08-01,demo_request
263,evt_00002850,2026-08-01,email_open
263,evt_00002852,2026-08-03,website_visit
263,evt_00002854,2026-08-03,email_click
263,evt_00002844,2026-08-04,email_click
263,evt_00002853,2026-08-04,email_open
263,evt_00002847,2026-08-05,email_open
263,evt_00002849,2026-08-05,email_open
263,evt_00002851,2026-08-05,email_open
263,evt_00002843,2026-08-06,website_visit
263,evt_00002845,2026-08-07,email_open
264,evt_00002857,2026-05-04,email_open
264,evt_00002859,2026-05-10,email_click
264,evt_00002863,2026-05-12,email_open
264,evt_00002864,2026-05-12,email_click
264,evt_00002862,2026-05-18,email_open
264,evt_00002855,2026-06-02,email_open
264,evt_00002856,2026-07-06,email_click
264,evt_00002861,2026-07-16,website_visit
264,evt_00002865,2026-07-17,email_open
264,evt_00002858,2026-07-28,website_visit
264,evt_00002860,2026-08-04,email_open
265,evt_00002866,2026-08-05,email_click
265,evt_00002867,2026-08-06,email_open
266,evt_00002869,2026-06-11,email_open
266,evt_00002868,2026-07-10,email_open
267,evt_00002875,2026-06-28,email_open
267,evt_00002870,2026-07-04,form_fill
267,evt_00002873,2026-07-08,email_open
267,evt_00002872,2026-07-11,website_visit
267,evt_00002874,2026-07-28,email_open
267,evt_00002871,2026-08-08,email_open
268,evt_00002898,2026-04-18,email_click
268,evt_00002884,2026-04-19,email_open
268,evt_00002878,2026-04-21,email_click
268,evt_00002876,2026-04-26,email_open
268,evt_00002886,2026-04-29,email_open
268,evt_00002881,2026-05-01,email_open
268,evt_00002896,2026-05-04,email_open
268,evt_00002895,2026-05-12,email_open
268,evt_00002894,2026-05-23,email_open
268,evt_00002882,2026-05-26,email_open
268,evt_00002900,2026-05-28,email_click
268,evt_00002888,2026-06-01,website_visit
268,evt_00002899,2026-06-02,form_fill
268,evt_00002887,2026-06-10,email_click
268,evt_00002893,2026-06-10,email_click
268,evt_00002879,2026-06-15,email_click
268,evt_00002897,2026-06-22,form_fill
268,evt_00002892,2026-06-25,email_click
268,evt_00002880,2026-07-03,email_click
268,evt_00002877,2026-07-05,email_click
268,evt_00002889,2026-07-09,form_fill
268,evt_00002891,2026-07-16,email_open
268,evt_00002901,2026-07-21,website_visit
268,evt_00002883,2026-08-02,email_click
268,evt_00002890,2026-08-04,email_open
268,evt_00002885,2026-08-05,website_visit
269,evt_00002912,2026-06-28,form_fill
269,evt_00002911,2026-07-01,email_open
269,evt_00002910,2026-07-04,email_open
269,evt_00002913,2026-07-08,demo_request
269,evt_00002905,2026-07-10,email_click
269,evt_00002902,2026-07-13,website_visit
269,evt_00002909,2026-07-13,email_click
269,evt_00002914,2026-07-13,email_open
269,evt_00002908,2026-07-20,website_visit
269,evt_00002907,2026-07-21,website_visit
269,evt_00002917,2026-07-23,website_visit
269,evt_00002916,2026-07-25,website_visit
269,evt_00002906,2026-07-26,email_open
269,evt_00002915,2026-07-27,email_click
269,evt_00002903,2026-07-28,website_visit
269,evt_00002904,2026-08-05,website_visit
270,evt_00002919,2026-04-02,website_visit
270,evt_00002926,2026-04-10,email_click
270,evt_00002921,2026-04-16,email_click
270,evt_00002924,2026-04-21,email_click
270,evt_00002928,2026-04-21,email_click
270,evt_00002923,2026-05-12,email_open
270,evt_00002922,2026-05-16,form_fill
270,evt_00002920,2026-05-31,email_open
270,evt_00002925,2026-06-25,email_open
270,evt_00002918,2026-07-01,email_click
270,evt_00002927,2026-07-20,email_click
271,evt_00002932,2026-07-12,form_fill
271,evt_00002937,2026-07-12,email_open
271,evt_00002939,2026-07-14,email_open
271,evt_00002935,2026-07-20,email_click
271,evt_00002930,2026-08-01,email_open
271,evt_00002931,2026-08-02,website_visit
271,evt_00002936,2026-08-03,email_click
271,evt_00002929,2026-08-07,website_visit
271,evt_00002938,2026-08-07,email_open
271,evt_00002933,2026-08-08,email_open
271,evt_00002934,2026-08-08,website_visit
272,evt_00002946,2026-07-16,email_open
272,evt_00002944,2026-07-21,form_fill
272,evt_00002950,2026-07-27,email_open
272,evt_00002945,2026-07-28,email_open
272,evt_00002947,2026-07-28,email_click
272,evt_00002940,2026-08-02,email_click
272,evt_00002943,2026-08-02,website_visit
272,evt_00002941,2026-08-07,email_open
272,evt_00002949,2026-08-07,email_open
272,evt_00002942,2026-08-08,email_open
272,evt_00002948,2026-08-08,demo_request
273,evt_00002952,2026-08-06,email_click
273,evt_00002953,2026-08-06,website_visit
273,evt_00002954,2026-08-06,website_visit
273,evt_00002957,2026-08-06,email_open
273,evt_00002962,2026-08-06,demo_request
273,evt_00002963,2026-08-06,email_open
273,evt_00002964,2026-08-06,email_open
273,evt_00002965,2026-08-06,email_open
273,evt_00002967,2026-08-06,email_click
273,evt_00002969,2026-08-06,email_open
273,evt_00002970,2026-08-06,email_open
273,evt_00002971,2026-08-06,email_open
273,evt_00002974,2026-08-06,email_open
273,evt_00002956,2026-08-07,email_open
273,evt_00002960,2026-08-07,email_open
273,evt_00002961,2026-08-07,email_open
273,evt_00002968,2026-08-07,email_open
273,evt_00002951,2026-08-08,email_open
273,evt_00002955,2026-08-08,email_click
273,evt_00002958,2026-08-08,form_fill
273,evt_00002959,2026-08-08,email_open
273,evt_00002966,2026-08-08,website_visit
273,evt_00002972,2026-08-08,website_visit
273,evt_00002973,2026-08-08,form_fill
273,evt_00002975,2026-08-08,website_visit
274,evt_00002979,2026-07-07,website_visit
274,evt_00002981,2026-07-08,email_open
274,evt_00002976,2026-07-13,email_click
274,evt_00002982,2026-07-13,email_open
274,evt_00002980,2026-07-14,email_click
274,evt_00002984,2026-07-14,email_click
274,evt_00002986,2026-07-15,email_open
274,evt_00002977,2026-07-24,email_click
274,evt_00002983,2026-08-02,email_open
274,evt_00002985,2026-08-02,email_open
274,evt_00002978,2026-08-03,website_visit
274,evt_00002987,2026-08-08,email_click
275,evt_00002995,2026-08-02,email_open
275,evt_00002991,2026-08-03,email_open
275,evt_00002993,2026-08-03,email_open
275,evt_00002992,2026-08-04,website_visit
275,evt_00002996,2026-08-04,email_open
275,evt_00002988,2026-08-05,form_fill
275,evt_00002989,2026-08-07,email_open
275,evt_00002990,2026-08-08,demo_request
275,evt_00002994,2026-08-08,website_visit
276,evt_00002999,2026-07-06,website_visit
276,evt_00002997,2026-07-17,website_visit
276,evt_00002998,2026-07-25,email_open
277,evt_00003000,2026-06-23,website_visit
277,evt_00003004,2026-06-30,email_open
277,evt_00003003,2026-07-01,email_click
277,evt_00003006,2026-07-01,website_visit
277,evt_00003008,2026-07-09,email_open
277,evt_00003005,2026-07-16,email_click
277,evt_00003002,2026-07-23,website_visit
277,evt_00003007,2026-07-23,email_open
277,evt_00003001,2026-08-05,email_open
278,evt_00003010,2026-05-10,email_open
278,evt_00003011,2026-06-16,email_open
278,evt_00003009,2026-08-08,email_open
279,evt_00003014,2026-05-23,email_click
279,evt_00003015,2026-05-23,email_open
279,evt_00003017,2026-06-30,website_visit
279,evt_00003016,2026-07-05,email_click
279,evt_00003019,2026-07-07,website_visit
279,evt_00003013,2026-07-08,email_open
279,evt_00003012,2026-07-29,demo_request
279,evt_00003018,2026-08-07,email_click
280,evt_00003020,2026-04-12,email_click
280,evt_00003023,2026-04-18,email_open
280,evt_00003026,2026-04-28,email_open
280,evt_00003024,2026-04-30,email_open
280,evt_00003030,2026-05-07,email_click
280,evt_00003028,2026-05-08,email_click
280,evt_00003031,2026-05-09,email_click
280,evt_00003021,2026-05-29,email_open
280,evt_00003027,2026-06-17,email_open
280,evt_00003022,2026-06-19,email_open
280,evt_00003032,2026-07-17,email_click
280,evt_00003029,2026-08-02,website_visit
280,evt_00003025,2026-08-03,demo_request
281,evt_00003041,2026-06-18,website_visit
281,evt_00003045,2026-06-18,email_open
281,evt_00003057,2026-06-23,form_fill
281,evt_00003062,2026-06-23,email_open
281,evt_00003044,2026-06-24,email_click
281,evt_00003054,2026-06-24,website_visit
281,evt_00003061,2026-06-26,email_open
281,evt_00003038,2026-07-03,email_open
281,evt_00003058,2026-07-04,form_fill
281,evt_00003036,2026-07-05,website_visit
281,evt_00003040,2026-07-05,website_visit
281,evt_00003046,2026-07-05,email_click
281,evt_00003052,2026-07-05,email_open
281,evt_00003039,2026-07-10,form_fill
281,evt_00003035,2026-07-14,email_click
281,evt_00003043,2026-07-15,email_open
281,evt_00003048,2026-07-17,website_visit
281,evt_00003037,2026-07-18,email_click
281,evt_00003034,2026-07-19,email_click
281,evt_00003053,2026-07-21,email_click
281,evt_00003051,2026-07-24,website_visit
281,evt_00003055,2026-07-24,email_open
281,evt_00003056,2026-07-27,email_open
281,evt_00003059,2026-07-29,email_open
281,evt_00003063,2026-07-30,email_open
281,evt_00003050,2026-07-31,email_open
281,evt_00003060,2026-08-01,email_click
281,evt_00003047,2026-08-04,email_open
281,evt_00003049,2026-08-04,email_open
281,evt_00003042,2026-08-05,website_visit
281,evt_00003033,2026-08-08,website_visit
282,evt_00003066,2026-06-09,email_open
282,evt_00003068,2026-06-20,email_open
282,evt_00003069,2026-06-23,email_click
282,evt_00003067,2026-07-09,email_open
282,evt_00003065,2026-07-24,website_visit
282,evt_00003064,2026-08-02,email_open
283,evt_00003074,2026-08-03,email_open
283,evt_00003076,2026-08-03,email_open
283,evt_00003082,2026-08-03,form_fill
283,evt_00003085,2026-08-03,email_open
283,evt_00003086,2026-08-03,email_click
283,evt_00003089,2026-08-03,email_open
283,evt_00003094,2026-08-03,email_open
283,evt_00003104,2026-08-03,email_click
283,evt_00003106,2026-08-03,email_open
283,evt_00003107,2026-08-03,form_fill
283,evt_00003115,2026-08-03,email_open
283,evt_00003117,2026-08-03,email_open
283,evt_00003126,2026-08-03,email_open
283,evt_00003131,2026-08-03,email_click
283,evt_00003138,2026-08-03,email_click
283,evt_00003141,2026-08-03,email_click
283,evt_00003145,2026-08-03,email_open
283,evt_00003075,2026-08-04,email_open
283,evt_00003084,2026-08-04,website_visit
283,evt_00003088,2026-08-04,email_open
283,evt_00003095,2026-08-04,email_click
283,evt_00003099,2026-08-04,email_open
283,evt_00003103,2026-08-04,website_visit
283,evt_00003112,2026-08-04,email_open
283,evt_00003116,2026-08-04,email_open
283,evt_00003121,2026-08-04,demo_request
283,evt_00003129,2026-08-04,website_visit
283,evt_00003137,2026-08-04,email_open
283,evt_00003070,2026-08-05,email_open
283,evt_00003071,2026-08-05,form_fill
283,evt_00003073,2026-08-05,form_fill
283,evt_00003079,2026-08-05,form_fill
283,evt_00003081,2026-08-05,email_open
283,evt_00003087,2026-08-05,email_click
283,evt_00003093,2026-08-05,website_visit
283,evt_00003098,2026-08-05,website_visit
283,evt_00003102,2026-08-05,form_fill
283,evt_00003108,2026-08-05,email_open
283,evt_00003109,2026-08-05,email_open
283,evt_00003114,2026-08-05,email_open
283,evt_00003132,2026-08-05,email_click
283,evt_00003135,2026-08-05,email_open
283,evt_00003072,2026-08-06,website_visit
283,evt_00003078,2026-08-06,email_click
283,evt_00003083,2026-08-06,email_open
283,evt_00003090,2026-08-06,email_open
283,evt_00003110,2026-08-06,email_open
283,evt_00003120,2026-08-06,email_open
283,evt_00003123,2026-08-06,email_open
283,evt_00003125,2026-08-06,email_click
283,evt_00003128,2026-08-06,email_click
283,evt_00003136,2026-08-06,email_open
283,evt_00003140,2026-08-06,demo_request
283,evt_00003144,2026-08-06,website_visit
283,evt_00003096,2026-08-07,email_click
283,evt_00003097,2026-08-07,form_fill
283,evt_00003101,2026-08-07,form_fill
283,evt_00003105,2026-08-07,email_click
283,evt_00003113,2026-08-07,email_click
283,evt_00003124,2026-08-07,email_open
283,evt_00003130,2026-08-07,website_visit
283,evt_00003134,2026-08-07,website_visit
283,evt_00003139,2026-08-07,email_open
283,evt_00003143,2026-08-07,email_click
283,evt_00003077,2026-08-08,email_open
283,evt_00003080,2026-08-08,email_click
283,evt_00003091,2026-08-08,email_click
283,evt_00003092,2026-08-08,email_click
283,evt_00003100,2026-08-08,email_open
283,evt_00003111,2026-08-08,email_open
283,evt_00003118,2026-08-08,website_visit
283,evt_00003119,2026-08-08,form_fill
283,evt_00003122,2026-08-08,website_visit
283,evt_00003127,2026-08-08,email_click
283,evt_00003133,2026-08-08,email_open
283,evt_00003142,2026-08-08,form_fill
284,evt_00003161,2026-04-27,email_open
284,evt_00003171,2026-04-28,form_fill
284,evt_00003167,2026-04-30,email_click
284,evt_00003173,2026-05-02,email_open
284,evt_00003156,2026-05-07,email_click
284,evt_00003157,2026-05-14,email_click
284,evt_00003162,2026-05-14,website_visit
284,evt_00003164,2026-05-14,website_visit
284,evt_00003151,2026-05-24,email_open
284,evt_00003153,2026-05-25,form_fill
284,evt_00003149,2026-05-31,email_click
284,evt_00003163,2026-05-31,email_click
284,evt_00003169,2026-06-03,email_open
284,evt_00003152,2026-06-08,email_click
284,evt_00003166,2026-06-13,email_open
284,evt_00003168,2026-06-15,email_open
284,evt_00003150,2026-06-16,email_open
284,evt_00003154,2026-06-21,website_visit
284,evt_00003172,2026-06-22,website_visit
284,evt_00003158,2026-06-25,email_open
284,evt_00003159,2026-06-25,form_fill
284,evt_00003148,2026-07-02,email_open
284,evt_00003147,2026-07-14,email_click
284,evt_00003174,2026-07-17,email_open
284,evt_00003165,2026-07-20,email_open
284,evt_00003155,2026-07-24,website_visit
284,evt_00003170,2026-07-30,email_click
284,evt_00003146,2026-07-31,email_open
284,evt_00003160,2026-08-04,email_open
285,evt_00003177,2026-05-19,email_open
285,evt_00003176,2026-06-27,website_visit
285,evt_00003181,2026-07-02,email_click
285,evt_00003178,2026-07-03,email_click
285,evt_00003179,2026-07-13,form_fill
285,evt_00003180,2026-07-14,website_visit
285,evt_00003175,2026-08-08,email_click
286,evt_00003184,2026-05-08,email_open
286,evt_00003185,2026-05-10,email_open
286,evt_00003192,2026-05-15,email_open
286,evt_00003187,2026-05-18,email_open
286,evt_00003188,2026-05-28,website_visit
286,evt_00003193,2026-05-31,email_open
286,evt_00003194,2026-06-07,form_fill
286,evt_00003190,2026-06-11,email_open
286,evt_00003186,2026-06-19,email_open
286,evt_00003183,2026-07-04,email_open
286,evt_00003182,2026-07-13,website_visit
286,evt_00003189,2026-07-13,website_visit
286,evt_00003191,2026-07-17,email_open
287,evt_00003197,2026-05-09,email_open
287,evt_00003196,2026-05-30,email_click
287,evt_00003195,2026-08-03,email_open
288,evt_00003201,2026-06-10,demo_request
288,evt_00003198,2026-06-17,website_visit
288,evt_00003203,2026-06-17,email_open
288,evt_00003204,2026-06-27,email_open
288,evt_00003205,2026-07-08,demo_request
288,evt_00003200,2026-07-15,form_fill
288,evt_00003202,2026-07-16,form_fill
288,evt_00003199,2026-07-17,email_open
288,evt_00003207,2026-07-27,email_open
288,evt_00003206,2026-08-02,email_open
289,evt_00003208,2026-06-09,email_open
290,evt_00003212,2026-04-24,email_open
290,evt_00003211,2026-05-02,website_visit
290,evt_00003218,2026-05-20,website_visit
290,evt_00003217,2026-05-25,website_visit
290,evt_00003215,2026-05-30,website_visit
290,evt_00003216,2026-06-03,email_open
290,evt_00003213,2026-06-04,form_fill
290,evt_00003209,2026-06-05,email_click
290,evt_00003214,2026-07-13,website_visit
290,evt_00003210,2026-07-28,demo_request
291,evt_00003219,2026-05-12,email_open
291,evt_00003222,2026-06-20,website_visit
291,evt_00003227,2026-06-20,form_fill
291,evt_00003223,2026-06-21,website_visit
291,evt_00003220,2026-06-24,form_fill
291,evt_00003225,2026-06-28,email_open
291,evt_00003224,2026-07-02,website_visit
291,evt_00003226,2026-07-10,email_open
291,evt_00003221,2026-07-30,email_open
292,evt_00003228,2026-04-15,email_open
292,evt_00003230,2026-06-18,website_visit
292,evt_00003229,2026-08-04,email_open
293,evt_00003236,2026-05-18,email_open
293,evt_00003235,2026-05-22,website_visit
293,evt_00003234,2026-06-13,email_open
293,evt_00003237,2026-06-17,email_click
293,evt_00003233,2026-06-20,form_fill
293,evt_00003231,2026-07-05,email_open
293,evt_00003232,2026-07-26,demo_request
294,evt_00003242,2026-04-16,email_open
294,evt_00003241,2026-04-18,email_open
294,evt_00003244,2026-05-09,email_open
294,evt_00003245,2026-05-19,email_click
294,evt_00003246,2026-05-20,website_visit
294,evt_00003239,2026-05-22,email_click
294,evt_00003238,2026-06-07,website_visit
294,evt_00003240,2026-07-01,email_open
294,evt_00003243,2026-08-03,email_open
295,evt_00003248,2026-08-07,email_open
295,evt_00003247,2026-08-08,email_open
295,evt_00003249,2026-08-08,email_open
296,evt_00003250,2026-06-27,email_open
296,evt_00003252,2026-07-13,email_open
296,evt_00003254,2026-07-22,email_open
296,evt_00003255,2026-08-02,email_click
296,evt_00003253,2026-08-05,email_open
296,evt_00003251,2026-08-06,website_visit
297,evt_00003262,2026-07-08,email_click
297,evt_00003269,2026-07-08,email_open
297,evt_00003256,2026-07-09,email_open
297,evt_00003279,2026-07-10,form_fill
297,evt_00003283,2026-07-14,website_visit
297,evt_00003265,2026-07-16,form_fill
297,evt_00003273,2026-07-16,email_click
297,evt_00003263,2026-07-17,website_visit
297,evt_00003271,2026-07-19,form_fill
297,evt_00003267,2026-07-21,form_fill
297,evt_00003281,2026-07-21,email_open
297,evt_00003257,2026-07-22,email_click
297,evt_00003268,2026-07-24,email_open
297,evt_00003258,2026-07-26,email_open
297,evt_00003261,2026-07-26,email_click
297,evt_00003272,2026-07-29,email_open
297,evt_00003282,2026-07-29,website_visit
297,evt_00003260,2026-07-30,website_visit
297,evt_00003277,2026-07-30,email_open
297,evt_00003275,2026-07-31,email_open
297,evt_00003264,2026-08-02,website_visit
297,evt_00003278,2026-08-02,email_open
297,evt_00003259,2026-08-03,form_fill
297,evt_00003270,2026-08-03,email_click
297,evt_00003274,2026-08-03,email_open
297,evt_00003280,2026-08-05,website_visit
297,evt_00003266,2026-08-06,website_visit
297,evt_00003276,2026-08-07,demo_request
298,evt_00003285,2026-04-04,website_visit
298,evt_00003287,2026-04-09,email_open
298,evt_00003286,2026-04-29,website_visit
298,evt_00003288,2026-05-03,email_open
298,evt_00003290,2026-05-14,email_click
298,evt_00003284,2026-05-17,email_click
298,evt_00003291,2026-07-06,email_open
298,evt_00003289,2026-07-24,website_visit
299,evt_00003294,2026-07-30,email_open
299,evt_00003293,2026-08-01,email_click
299,evt_00003301,2026-08-01,website_visit
299,evt_00003299,2026-08-02,email_open
299,evt_00003306,2026-08-02,website_visit
299,evt_00003297,2026-08-03,email_click
299,evt_00003302,2026-08-03,email_open
299,evt_00003304,2026-08-03,form_fill
299,evt_00003295,2026-08-04,email_click
299,evt_00003292,2026-08-05,website_visit
299,evt_00003296,2026-08-05,demo_request
299,evt_00003300,2026-08-05,demo_request
299,evt_00003305,2026-08-05,email_open
299,evt_00003303,2026-08-07,email_open
299,evt_00003298,2026-08-08,email_click
300,evt_00003309,2026-06-21,email_open
300,evt_00003307,2026-06-25,email_open
300,evt_00003311,2026-06-28,website_visit
300,evt_00003308,2026-07-14,email_open
300,evt_00003310,2026-07-24,email_click
301,evt_00003312,2026-07-05,email_click
301,evt_00003315,2026-07-09,email_click
301,evt_00003313,2026-07-30,email_open
301,evt_00003316,2026-08-03,website_visit
301,evt_00003314,2026-08-05,email_open
302,evt_00003320,2026-04-15,email_open
302,evt_00003321,2026-05-13,website_visit
302,evt_00003322,2026-06-13,email_click
302,evt_00003318,2026-06-21,email_open
302,evt_00003317,2026-06-26,email_open
302,evt_00003319,2026-07-05,email_open
303,evt_00003323,2026-07-26,form_fill
304,evt_00003328,2026-04-26,form_fill
304,evt_00003327,2026-06-19,website_visit
304,evt_00003329,2026-06-22,email_open
304,evt_00003330,2026-07-01,email_open
304,evt_00003324,2026-07-02,email_open
304,evt_00003326,2026-07-29,demo_request
304,evt_00003325,2026-07-31,website_visit
305,evt_00003331,2026-04-25,website_visit
306,evt_00003335,2026-04-06,email_open
306,evt_00003333,2026-04-08,email_open
306,evt_00003337,2026-04-15,email_click
306,evt_00003338,2026-04-30,form_fill
306,evt_00003340,2026-05-05,form_fill
306,evt_00003332,2026-06-19,email_open
306,evt_00003334,2026-06-19,email_open
306,evt_00003336,2026-06-28,email_click
306,evt_00003341,2026-06-29,email_click
306,evt_00003339,2026-07-24,email_open
307,evt_00003343,2026-07-14,email_open
307,evt_00003342,2026-07-31,form_fill
308,evt_00003345,2026-07-09,email_open
308,evt_00003344,2026-07-11,email_click
309,evt_00003353,2026-07-21,website_visit
309,evt_00003347,2026-07-22,email_open
309,evt_00003358,2026-07-22,website_visit
309,evt_00003356,2026-07-23,website_visit
309,evt_00003352,2026-07-28,email_open
309,evt_00003354,2026-07-28,website_visit
309,evt_00003346,2026-07-30,website_visit
309,evt_00003348,2026-07-30,email_open
309,evt_00003349,2026-07-30,email_open
309,evt_00003351,2026-07-31,form_fill
309,evt_00003355,2026-07-31,website_visit
309,evt_00003357,2026-08-01,form_fill
309,evt_00003360,2026-08-01,email_open
309,evt_00003359,2026-08-02,email_open
309,evt_00003350,2026-08-08,form_fill
310,evt_00003373,2026-04-12,email_open
310,evt_00003372,2026-04-20,website_visit
310,evt_00003361,2026-04-22,form_fill
310,evt_00003367,2026-04-27,email_open
310,evt_00003377,2026-05-08,website_visit
310,evt_00003364,2026-05-26,website_visit
310,evt_00003362,2026-05-29,email_open
310,evt_00003374,2026-05-29,website_visit
310,evt_00003375,2026-05-31,email_open
310,evt_00003368,2026-06-17,email_open
310,evt_00003366,2026-06-20,email_click
310,evt_00003369,2026-07-04,email_open
310,evt_00003363,2026-07-06,email_click
310,evt_00003365,2026-07-23,form_fill
310,evt_00003370,2026-07-23,email_open
310,evt_00003379,2026-07-28,website_visit
310,evt_00003376,2026-07-31,email_open
310,evt_00003371,2026-08-01,email_click
310,evt_00003378,2026-08-06,email_click
311,evt_00003387,2026-06-16,email_open
311,evt_00003382,2026-06-17,demo_request
311,evt_00003384,2026-07-05,email_open
311,evt_00003381,2026-07-08,email_open
311,evt_00003383,2026-07-08,email_click
311,evt_00003380,2026-07-10,email_open
311,evt_00003385,2026-07-10,demo_request
311,evt_00003388,2026-07-20,demo_request
311,evt_00003386,2026-07-26,email_click
311,evt_00003389,2026-08-08,email_open
312,evt_00003391,2026-05-25,email_open
312,evt_00003392,2026-06-08,demo_request
312,evt_00003390,2026-07-24,email_open
313,evt_00003394,2026-04-17,website_visit
313,evt_00003414,2026-05-05,website_visit
313,evt_00003404,2026-05-11,email_open
313,evt_00003397,2026-05-13,website_visit
313,evt_00003398,2026-05-25,email_click
313,evt_00003405,2026-05-29,website_visit
313,evt_00003393,2026-06-05,email_open
313,evt_00003407,2026-06-20,website_visit
313,evt_00003399,2026-06-23,email_open
313,evt_00003413,2026-06-28,form_fill
313,evt_00003411,2026-07-04,email_click
313,evt_00003395,2026-07-07,website_visit
313,evt_00003402,2026-07-09,email_open
313,evt_00003396,2026-07-11,email_open
313,evt_00003410,2026-07-13,email_open
313,evt_00003400,2026-07-29,email_open
313,evt_00003412,2026-07-31,email_open
313,evt_00003403,2026-08-01,email_click
313,evt_00003408,2026-08-01,email_open
313,evt_00003401,2026-08-02,website_visit
313,evt_00003406,2026-08-02,email_open
313,evt_00003409,2026-08-02,email_open
314,evt_00003429,2026-06-04,email_click
314,evt_00003420,2026-06-05,website_visit
314,evt_00003425,2026-06-09,demo_request
314,evt_00003416,2026-06-10,email_open
314,evt_00003427,2026-06-10,email_open
314,evt_00003415,2026-06-13,email_open
314,evt_00003428,2026-06-16,email_open
314,evt_00003422,2026-06-30,email_click
314,evt_00003423,2026-07-01,email_click
314,evt_00003418,2026-07-07,email_click
314,evt_00003421,2026-07-07,email_open
314,evt_00003417,2026-07-20,email_open
314,evt_00003426,2026-07-29,email_open
314,evt_00003424,2026-07-30,email_click
314,evt_00003419,2026-08-07,email_open
315,evt_00003433,2026-06-12,email_open
315,evt_00003438,2026-06-12,website_visit
315,evt_00003439,2026-06-16,form_fill
315,evt_00003440,2026-06-18,form_fill
315,evt_00003432,2026-06-23,email_click
315,evt_00003431,2026-06-25,website_visit
315,evt_00003435,2026-07-02,email_open
315,evt_00003436,2026-07-04,email_click
315,evt_00003437,2026-07-28,website_visit
315,evt_00003430,2026-07-30,email_open
315,evt_00003434,2026-08-07,form_fill
316,evt_00003443,2026-05-29,email_click
316,evt_00003442,2026-06-09,email_open
316,evt_00003441,2026-07-11,email_open
316,evt_00003444,2026-08-05,email_open
317,evt_00003456,2026-02-25,website_visit
317,evt_00003460,2026-03-01,email_open
317,evt_00003445,2026-03-06,email_open
317,evt_00003448,2026-03-13,email_open
317,evt_00003457,2026-03-14,form_fill
317,evt_00003447,2026-04-16,website_visit
317,evt_00003452,2026-05-07,form_fill
317,evt_00003458,2026-05-30,email_click
317,evt_00003454,2026-06-05,email_open
317,evt_00003453,2026-06-12,email_open
317,evt_00003459,2026-06-14,email_open
317,evt_00003451,2026-06-19,email_open
317,evt_00003450,2026-07-07,email_open
317,evt_00003449,2026-07-26,email_open
317,evt_00003455,2026-07-27,email_click
317,evt_00003446,2026-07-31,website_visit
318,evt_00003461,2026-07-29,email_open
319,evt_00003472,2026-06-26,email_open
319,evt_00003465,2026-06-28,demo_request
319,evt_00003467,2026-07-04,email_open
319,evt_00003464,2026-07-09,email_click
319,evt_00003471,2026-07-14,email_click
319,evt_00003473,2026-07-15,email_open
319,evt_00003470,2026-07-16,email_open
319,evt_00003462,2026-07-23,email_open
319,evt_00003463,2026-07-26,email_open
319,evt_00003469,2026-07-27,form_fill
319,evt_00003468,2026-08-01,email_open
319,evt_00003466,2026-08-03,website_visit
320,evt_00003477,2026-06-27,email_open
320,evt_00003482,2026-06-27,website_visit
320,evt_00003480,2026-07-02,email_open
320,evt_00003474,2026-07-03,website_visit
320,evt_00003478,2026-07-08,website_visit
320,evt_00003484,2026-07-09,form_fill
320,evt_00003483,2026-07-22,website_visit
320,evt_00003476,2026-07-24,email_open
320,evt_00003481,2026-07-31,website_visit
320,evt_00003475,2026-08-02,email_open
320,evt_00003479,2026-08-06,email_open
321,evt_00003485,2026-08-06,email_open
321,evt_00003486,2026-08-06,email_open
321,evt_00003490,2026-08-06,website_visit
321,evt_00003492,2026-08-06,email_click
321,evt_00003493,2026-08-06,email_click
321,evt_00003496,2026-08-06,website_visit
321,evt_00003502,2026-08-06,website_visit
321,evt_00003487,2026-08-07,email_open
321,evt_00003488,2026-08-07,form_fill
321,evt_00003491,2026-08-07,website_visit
321,evt_00003495,2026-08-07,email_open
321,evt_00003498,2026-08-07,email_open
321,evt_00003500,2026-08-07,email_click
321,evt_00003489,2026-08-08,email_open
321,evt_00003494,2026-08-08,email_open
321,evt_00003497,2026-08-08,email_open
321,evt_00003499,2026-08-08,email_open
321,evt_00003501,2026-08-08,email_open
322,evt_00003507,2026-04-08,email_open
322,evt_00003509,2026-04-13,email_open
322,evt_00003505,2026-04-21,email_open
322,evt_00003510,2026-04-29,email_click
322,evt_00003506,2026-05-22,demo_request
322,evt_00003503,2026-06-17,email_open
322,evt_00003508,2026-06-27,email_open
322,evt_00003511,2026-07-20,email_open
322,evt_00003504,2026-07-22,email_click
323,evt_00003520,2026-06-23,email_open
323,evt_00003518,2026-06-24,email_click
323,evt_00003512,2026-06-26,email_click
323,evt_00003515,2026-06-28,email_open
323,evt_00003516,2026-07-05,demo_request
323,evt_00003513,2026-07-18,email_open
323,evt_00003514,2026-07-19,email_open
323,evt_00003517,2026-07-19,email_open
323,evt_00003519,2026-07-23,email_open
323,evt_00003521,2026-07-25,email_open
324,evt_00003526,2026-07-25,email_open
324,evt_00003525,2026-08-01,email_click
324,evt_00003527,2026-08-01,website_visit
324,evt_00003524,2026-08-02,email_click
324,evt_00003522,2026-08-04,website_visit
324,evt_00003523,2026-08-07,website_visit
324,evt_00003528,2026-08-07,website_visit
325,evt_00003533,2026-05-15,email_open
325,evt_00003540,2026-05-15,email_open
325,evt_00003543,2026-05-16,email_open
325,evt_00003552,2026-05-17,email_click
325,evt_00003547,2026-05-22,email_open
325,evt_00003545,2026-05-24,website_visit
325,evt_00003539,2026-05-29,website_visit
325,evt_00003532,2026-05-30,email_click
325,evt_00003538,2026-05-31,form_fill
325,evt_00003549,2026-06-01,email_open
325,evt_00003531,2026-06-04,form_fill
325,evt_00003536,2026-06-08,website_visit
325,evt_00003544,2026-06-09,website_visit
325,evt_00003550,2026-06-09,form_fill
325,evt_00003541,2026-06-11,email_open
325,evt_00003537,2026-06-20,website_visit
325,evt_00003534,2026-06-22,website_visit
325,evt_00003548,2026-06-27,demo_request
325,evt_00003530,2026-07-02,website_visit
325,evt_00003546,2026-07-05,form_fill
325,evt_00003535,2026-07-09,website_visit
325,evt_00003529,2026-07-10,email_click
325,evt_00003542,2026-07-20,website_visit
325,evt_00003551,2026-07-30,email_click
325,evt_00003553,2026-08-02,email_click
326,evt_00003556,2026-02-17,email_open
326,evt_00003554,2026-04-22,website_visit
326,evt_00003555,2026-07-03,email_open
327,evt_00003566,2026-07-06,form_fill
327,evt_00003560,2026-07-09,website_visit
327,evt_00003563,2026-07-19,website_visit
327,evt_00003570,2026-07-19,email_click
327,evt_00003558,2026-07-22,website_visit
327,evt_00003565,2026-07-23,email_open
327,evt_00003567,2026-07-24,email_open
327,evt_00003564,2026-07-26,email_click
327,evt_00003572,2026-07-26,email_click
327,evt_00003571,2026-07-28,email_open
327,evt_00003561,2026-07-29,email_open
327,evt_00003569,2026-08-01,email_open
327,evt_00003557,2026-08-02,website_visit
327,evt_00003568,2026-08-03,email_open
327,evt_00003562,2026-08-05,form_fill
327,evt_00003559,2026-08-06,email_open
328,evt_00003573,2026-04-05,email_click
328,evt_00003577,2026-04-08,email_open
328,evt_00003574,2026-04-15,email_click
328,evt_00003575,2026-07-05,email_open
328,evt_00003576,2026-08-04,email_open
329,evt_00003579,2026-07-04,email_open
329,evt_00003578,2026-07-23,website_visit
329,evt_00003580,2026-07-28,form_fill
330,evt_00003591,2026-03-14,website_visit
330,evt_00003595,2026-03-18,website_visit
330,evt_00003585,2026-03-22,website_visit
330,evt_00003592,2026-03-27,email_open
330,evt_00003590,2026-04-06,email_open
330,evt_00003583,2026-04-15,email_click
330,evt_00003584,2026-06-07,website_visit
330,evt_00003593,2026-06-11,email_open
330,evt_00003588,2026-06-22,email_open
330,evt_00003582,2026-06-24,website_visit
330,evt_00003586,2026-07-02,email_open
330,evt_00003596,2026-07-03,email_click
330,evt_00003598,2026-07-04,email_open
330,evt_00003587,2026-07-17,website_visit
330,evt_00003589,2026-07-21,website_visit
330,evt_00003594,2026-07-21,email_open
330,evt_00003581,2026-07-25,email_click
330,evt_00003597,2026-07-30,form_fill
331,evt_00003601,2026-04-01,website_visit
331,evt_00003603,2026-04-19,email_open
331,evt_00003600,2026-05-10,email_click
331,evt_00003602,2026-06-02,email_open
331,evt_00003599,2026-06-20,email_open
331,evt_00003605,2026-06-22,email_click
331,evt_00003604,2026-08-04,email_click
332,evt_00003614,2026-04-27,email_open
332,evt_00003620,2026-04-29,website_visit
332,evt_00003621,2026-04-30,form_fill
332,evt_00003612,2026-05-05,website_visit
332,evt_00003627,2026-05-06,website_visit
332,evt_00003624,2026-05-20,email_open
332,evt_00003609,2026-05-22,email_open
332,evt_00003628,2026-06-09,email_click
332,evt_00003608,2026-06-12,email_open
332,evt_00003622,2026-06-20,email_open
332,evt_00003625,2026-06-23,email_open
332,evt_00003618,2026-06-24,email_click
332,evt_00003630,2026-06-25,email_open
332,evt_00003616,2026-06-26,email_open
332,evt_00003631,2026-06-26,email_click
332,evt_00003623,2026-07-01,website_visit
332,evt_00003615,2026-07-03,website_visit
332,evt_00003606,2026-07-12,email_open
332,evt_00003619,2026-07-19,website_visit
332,evt_00003607,2026-07-23,email_open
332,evt_00003613,2026-07-23,email_open
332,evt_00003626,2026-07-28,email_open
332,evt_00003629,2026-07-30,email_open
332,evt_00003617,2026-08-03,email_open
332,evt_00003611,2026-08-04,email_open
332,evt_00003610,2026-08-07,website_visit
333,evt_00003634,2026-02-14,email_open
333,evt_00003632,2026-06-04,email_open
333,evt_00003633,2026-06-13,email_open
334,evt_00003643,2026-08-05,email_click
334,evt_00003636,2026-08-06,email_click
334,evt_00003637,2026-08-06,email_open
334,evt_00003638,2026-08-06,email_open
334,evt_00003639,2026-08-06,demo_request
334,evt_00003641,2026-08-06,email_click
334,evt_00003642,2026-08-06,website_visit
334,evt_00003635,2026-08-07,email_open
334,evt_00003645,2026-08-07,email_open
334,evt_00003640,2026-08-08,email_open
334,evt_00003644,2026-08-08,email_open
334,evt_00003646,2026-08-08,email_open
335,evt_00003655,2026-07-06,email_open
335,evt_00003652,2026-07-09,email_open
335,evt_00003659,2026-07-11,email_open
335,evt_00003654,2026-07-12,email_open
335,evt_00003660,2026-07-13,email_open
335,evt_00003648,2026-07-16,website_visit
335,evt_00003650,2026-07-19,email_open
335,evt_00003657,2026-07-22,email_open
335,evt_00003658,2026-07-24,email_open
335,evt_00003656,2026-07-25,website_visit
335,evt_00003647,2026-08-01,email_click
335,evt_00003651,2026-08-01,email_open
335,evt_00003653,2026-08-03,email_click
335,evt_00003649,2026-08-04,email_open
336,evt_00003666,2026-05-09,email_open
336,evt_00003667,2026-05-15,email_open
336,evt_00003675,2026-05-17,email_open
336,evt_00003684,2026-05-22,website_visit
336,evt_00003661,2026-05-23,email_open
336,evt_00003676,2026-05-27,email_click
336,evt_00003669,2026-06-03,website_visit
336,evt_00003662,2026-06-08,website_visit
336,evt_00003674,2026-06-09,email_open
336,evt_00003663,2026-06-12,email_open
336,evt_00003678,2026-06-21,website_visit
336,evt_00003670,2026-06-22,website_visit
336,evt_00003672,2026-06-23,form_fill
336,evt_00003668,2026-06-25,email_open
336,evt_00003680,2026-06-26,email_open
336,evt_00003682,2026-07-06,email_open
336,evt_00003683,2026-07-08,email_click
336,evt_00003671,2026-07-09,website_visit
336,evt_00003673,2026-07-09,demo_request
336,evt_00003665,2026-07-11,email_open
336,evt_00003685,2026-07-14,email_click
336,evt_00003677,2026-07-15,email_open
336,evt_00003679,2026-07-16,email_open
336,evt_00003664,2026-07-19,website_visit
336,evt_00003681,2026-07-19,website_visit
337,evt_00003687,2026-07-06,email_open
337,evt_00003690,2026-07-06,email_open
337,evt_00003686,2026-07-19,email_open
337,evt_00003689,2026-07-23,email_open
337,evt_00003688,2026-08-05,email_open
338,evt_00003691,2026-07-06,website_visit
338,evt_00003693,2026-07-08,email_open
338,evt_00003692,2026-07-28,email_open
338,evt_00003694,2026-08-01,website_visit
339,evt_00003695,2026-04-14,email_click
339,evt_00003696,2026-07-18,email_open
340,evt_00003704,2026-04-12,website_visit
340,evt_00003713,2026-04-20,email_open
340,evt_00003699,2026-04-29,email_open
340,evt_00003700,2026-05-01,email_open
340,evt_00003702,2026-05-05,website_visit
340,evt_00003711,2026-05-05,website_visit
340,evt_00003710,2026-05-17,website_visit
340,evt_00003707,2026-05-21,demo_request
340,evt_00003709,2026-05-22,form_fill
340,evt_00003714,2026-05-28,email_click
340,evt_00003697,2026-06-19,email_click
340,evt_00003708,2026-06-19,form_fill
340,evt_00003698,2026-06-21,email_open
340,evt_00003712,2026-07-12,form_fill
340,evt_00003703,2026-07-14,email_click
340,evt_00003706,2026-07-25,website_visit
340,evt_00003716,2026-07-25,website_visit
340,evt_00003705,2026-07-31,form_fill
340,evt_00003701,2026-08-05,email_open
340,evt_00003715,2026-08-08,website_visit
341,evt_00003717,2026-02-23,email_click
341,evt_00003719,2026-02-26,email_click
341,evt_00003723,2026-03-08,email_open
341,evt_00003721,2026-03-15,website_visit
341,evt_00003735,2026-03-20,email_open
341,evt_00003726,2026-03-23,website_visit
341,evt_00003728,2026-04-01,demo_request
341,evt_00003732,2026-04-05,email_open
341,evt_00003734,2026-04-10,email_open
341,evt_00003724,2026-04-11,email_click
341,evt_00003718,2026-04-14,email_open
341,evt_00003729,2026-04-22,email_open
341,evt_00003722,2026-04-23,email_open
341,evt_00003727,2026-05-28,website_visit
341,evt_00003731,2026-05-29,email_click
341,evt_00003730,2026-06-22,email_open
341,evt_00003725,2026-06-30,email_click
341,evt_00003737,2026-07-13,email_click
341,evt_00003733,2026-07-19,form_fill
341,evt_00003720,2026-07-28,website_visit
341,evt_00003736,2026-08-03,email_open
342,evt_00003739,2026-05-08,email_open
342,evt_00003751,2026-05-12,website_visit
342,evt_00003748,2026-05-19,email_open
342,evt_00003743,2026-06-06,email_open
342,evt_00003738,2026-06-12,website_visit
342,evt_00003744,2026-06-21,website_visit
342,evt_00003746,2026-07-04,email_open
342,evt_00003740,2026-07-18,email_open
342,evt_00003750,2026-07-18,email_open
342,evt_00003747,2026-07-19,email_click
342,evt_00003745,2026-07-20,form_fill
342,evt_00003749,2026-07-23,email_click
342,evt_00003742,2026-07-28,website_visit
342,evt_00003741,2026-08-06,email_open
343,evt_00003774,2026-04-22,email_open
343,evt_00003768,2026-04-29,email_open
343,evt_00003781,2026-05-03,email_open
343,evt_00003775,2026-05-06,form_fill
343,evt_00003780,2026-05-06,email_open
343,evt_00003753,2026-05-10,email_open
343,evt_00003754,2026-05-10,form_fill
343,evt_00003765,2026-05-15,website_visit
343,evt_00003757,2026-05-17,email_open
343,evt_00003770,2026-05-18,email_open
343,evt_00003760,2026-05-20,email_open
343,evt_00003769,2026-05-28,email_open
343,evt_00003773,2026-05-29,email_click
343,evt_00003767,2026-06-05,website_visit
343,evt_00003763,2026-06-07,email_open
343,evt_00003759,2026-06-08,email_open
343,evt_00003779,2026-06-08,form_fill
343,evt_00003776,2026-06-11,website_visit
343,evt_00003766,2026-06-12,website_visit
343,evt_00003761,2026-06-15,email_click
343,evt_00003778,2026-06-25,email_open
343,evt_00003772,2026-07-07,email_open
343,evt_00003756,2026-07-08,form_fill
343,evt_00003785,2026-07-09,email_open
343,evt_00003771,2026-07-12,form_fill
343,evt_00003755,2026-07-16,email_open
343,evt_00003762,2026-07-16,email_open
343,evt_00003783,2026-07-16,website_visit
343,evt_00003752,2026-07-25,email_open
343,evt_00003758,2026-07-25,website_visit
343,evt_00003782,2026-07-26,website_visit
343,evt_00003784,2026-07-29,email_open
343,evt_00003764,2026-08-02,email_click
343,evt_00003777,2026-08-04,email_open
344,evt_00003788,2026-03-13,email_click
344,evt_00003794,2026-04-29,form_fill
344,evt_00003792,2026-05-06,email_open
344,evt_00003790,2026-05-07,website_visit
344,evt_00003793,2026-05-14,email_click
344,evt_00003795,2026-05-22,email_click
344,evt_00003787,2026-06-05,email_click
344,evt_00003791,2026-06-17,email_click
344,evt_00003796,2026-07-20,email_open
344,evt_00003786,2026-08-04,website_visit
344,evt_00003789,2026-08-05,email_open
345,evt_00003807,2026-02-28,email_open
345,evt_00003797,2026-03-01,email_open
345,evt_00003800,2026-03-02,email_open
345,evt_00003799,2026-03-25,email_open
345,evt_00003802,2026-04-13,website_visit
345,evt_00003801,2026-05-06,form_fill
345,evt_00003803,2026-05-12,demo_request
345,evt_00003806,2026-05-17,email_click
345,evt_00003804,2026-06-24,email_click
345,evt_00003805,2026-07-19,email_open
345,evt_00003798,2026-07-25,website_visit
346,evt_00003808,2026-06-09,website_visit
346,evt_00003820,2026-06-12,email_open
346,evt_00003811,2026-06-13,email_click
346,evt_00003823,2026-06-13,email_open
346,evt_00003809,2026-06-21,email_open
346,evt_00003817,2026-06-21,email_click
346,evt_00003824,2026-06-25,form_fill
346,evt_00003814,2026-06-26,demo_request
346,evt_00003812,2026-07-02,website_visit
346,evt_00003822,2026-07-02,website_visit
346,evt_00003815,2026-07-04,form_fill
346,evt_00003821,2026-07-06,form_fill
346,evt_00003816,2026-07-08,website_visit
346,evt_00003813,2026-07-10,website_visit
346,evt_00003819,2026-07-17,email_open
346,evt_00003818,2026-07-25,website_visit
346,evt_00003825,2026-08-01,email_click
346,evt_00003810,2026-08-07,website_visit
347,evt_00003826,2026-03-20,email_open
347,evt_00003827,2026-05-09,demo_request
348,evt_00003831,2026-06-09,website_visit
348,evt_00003829,2026-06-30,website_visit
348,evt_00003828,2026-07-21,website_visit
348,evt_00003830,2026-08-01,email_click
349,evt_00003832,2026-06-06,website_visit
349,evt_00003833,2026-07-16,website_visit
350,evt_00003836,2026-07-27,email_open
350,evt_00003853,2026-07-27,demo_request
350,evt_00003842,2026-07-29,email_open
350,evt_00003847,2026-07-29,email_click
350,evt_00003845,2026-07-30,email_click
350,evt_00003834,2026-07-31,email_open
350,evt_00003851,2026-07-31,email_open
350,evt_00003854,2026-07-31,email_click
350,evt_00003844,2026-08-02,email_open
350,evt_00003848,2026-08-02,website_visit
350,evt_00003837,2026-08-03,email_open
350,evt_00003840,2026-08-04,email_click
350,evt_00003850,2026-08-05,email_open
350,evt_00003838,2026-08-06,email_click
350,evt_00003843,2026-08-06,email_click
350,evt_00003852,2026-08-06,email_open
350,evt_00003835,2026-08-07,email_open
350,evt_00003839,2026-08-08,email_open
350,evt_00003841,2026-08-08,email_open
350,evt_00003846,2026-08-08,email_open
350,evt_00003849,2026-08-08,website_visit
351,evt_00003865,2026-03-11,website_visit
351,evt_00003864,2026-03-12,email_click
351,evt_00003862,2026-03-13,email_open
351,evt_00003861,2026-04-19,email_click
351,evt_00003860,2026-05-07,email_click
351,evt_00003858,2026-05-19,website_visit
351,evt_00003855,2026-06-02,email_click
351,evt_00003867,2026-06-11,email_open
351,evt_00003863,2026-06-28,email_open
351,evt_00003856,2026-07-07,form_fill
351,evt_00003866,2026-07-10,email_click
351,evt_00003857,2026-07-20,email_open
351,evt_00003859,2026-08-02,email_open
352,evt_00003869,2026-03-12,email_open
352,evt_00003870,2026-04-19,email_open
352,evt_00003868,2026-06-14,email_open
353,evt_00003877,2026-06-29,email_open
353,evt_00003879,2026-07-01,website_visit
353,evt_00003881,2026-07-01,form_fill
353,evt_00003878,2026-07-06,email_open
353,evt_00003880,2026-07-06,email_open
353,evt_00003874,2026-07-11,email_click
353,evt_00003876,2026-07-13,email_click
353,evt_00003871,2026-07-15,email_open
353,evt_00003875,2026-07-16,email_open
353,evt_00003873,2026-08-02,website_visit
353,evt_00003872,2026-08-03,email_open
354,evt_00003904,2026-04-11,website_visit
354,evt_00003909,2026-04-11,email_open
354,evt_00003882,2026-04-15,email_open
354,evt_00003903,2026-04-24,email_open
354,evt_00003907,2026-04-27,email_open
354,evt_00003883,2026-05-08,demo_request
354,evt_00003900,2026-05-10,website_visit
354,evt_00003899,2026-05-11,email_open
354,evt_00003890,2026-05-12,email_click
354,evt_00003902,2026-05-26,email_open
354,evt_00003891,2026-05-28,email_open
354,evt_00003896,2026-06-03,email_open
354,evt_00003888,2026-06-05,email_open
354,evt_00003894,2026-06-09,email_open
354,evt_00003892,2026-06-17,email_open
354,evt_00003886,2026-06-22,website_visit
354,evt_00003887,2026-06-23,email_click
354,evt_00003889,2026-06-26,email_click
354,evt_00003910,2026-07-02,email_open
354,evt_00003893,2026-07-08,email_open
354,evt_00003895,2026-07-09,form_fill
354,evt_00003884,2026-07-10,demo_request
354,evt_00003901,2026-07-12,form_fill
354,evt_00003885,2026-07-13,website_visit
354,evt_00003897,2026-07-13,email_open
354,evt_00003898,2026-07-21,email_click
354,evt_00003905,2026-08-04,demo_request
354,evt_00003908,2026-08-06,email_open
354,evt_00003906,2026-08-08,website_visit
355,evt_00003922,2026-03-30,email_open
355,evt_00003917,2026-04-01,email_open
355,evt_00003918,2026-04-23,email_open
355,evt_00003926,2026-04-25,email_click
355,evt_00003932,2026-04-26,website_visit
355,evt_00003930,2026-04-27,website_visit
355,evt_00003934,2026-05-08,form_fill
355,evt_00003924,2026-05-10,website_visit
355,evt_00003912,2026-05-13,email_open
355,evt_00003923,2026-05-13,website_visit
355,evt_00003913,2026-05-15,website_visit
355,evt_00003911,2026-05-19,email_open
355,evt_00003920,2026-05-20,email_open
355,evt_00003928,2026-05-21,email_open
355,evt_00003933,2026-05-30,website_visit
355,evt_00003916,2026-06-11,email_click
355,evt_00003919,2026-06-15,email_open
355,evt_00003921,2026-06-20,website_visit
355,evt_00003914,2026-06-24,website_visit
355,evt_00003925,2026-07-16,email_open
355,evt_00003931,2026-07-20,email_open
355,evt_00003927,2026-07-26,email_open
355,evt_00003915,2026-08-03,email_open
355,evt_00003929,2026-08-06,email_open
356,evt_00003937,2026-07-25,email_click
356,evt_00003938,2026-07-27,email_click
356,evt_00003935,2026-08-02,form_fill
356,evt_00003936,2026-08-08,demo_request
357,evt_00003939,2026-03-25,website_visit
357,evt_00003952,2026-03-29,email_click
357,evt_00003941,2026-04-06,email_open
357,evt_00003940,2026-04-15,email_open
357,evt_00003954,2026-04-15,email_open
357,evt_00003953,2026-04-20,email_click
357,evt_00003944,2026-04-26,email_open
357,evt_00003948,2026-06-02,email_open
357,evt_00003947,2026-06-06,email_open
357,evt_00003951,2026-06-17,email_open
357,evt_00003942,2026-06-29,email_open
357,evt_00003945,2026-07-08,email_open
357,evt_00003946,2026-07-16,email_open
357,evt_00003949,2026-07-16,form_fill
357,evt_00003950,2026-07-28,email_open
357,evt_00003943,2026-07-30,email_click
358,evt_00003955,2026-07-18,email_click
358,evt_00003956,2026-07-20,email_open
358,evt_00003958,2026-07-23,email_click
358,evt_00003957,2026-08-03,email_open
359,evt_00003962,2026-04-25,email_open
359,evt_00003961,2026-06-14,email_click
359,evt_00003960,2026-06-26,email_open
359,evt_00003959,2026-07-14,website_visit
359,evt_00003963,2026-07-14,website_visit
360,evt_00003969,2026-06-14,website_visit
360,evt_00003967,2026-07-04,email_open
360,evt_00003966,2026-07-11,website_visit
360,evt_00003965,2026-07-14,email_click
360,evt_00003968,2026-07-22,website_visit
360,evt_00003964,2026-07-24,email_open
361,evt_00003979,2026-06-15,email_click
361,evt_00003984,2026-06-15,website_visit
361,evt_00003970,2026-06-16,demo_request
361,evt_00003991,2026-06-21,website_visit
361,evt_00003971,2026-06-24,email_open
361,evt_00003982,2026-06-26,website_visit
361,evt_00003980,2026-06-28,website_visit
361,evt_00003993,2026-07-03,email_open
361,evt_00003973,2026-07-10,email_open
361,evt_00003974,2026-07-10,email_click
361,evt_00003981,2026-07-15,email_open
361,evt_00003994,2026-07-18,email_open
361,evt_00003986,2026-07-19,website_visit
361,evt_00003983,2026-07-21,email_click
361,evt_00003987,2026-07-21,email_click
361,evt_00003992,2026-07-21,email_click
361,evt_00003989,2026-07-24,email_click
361,evt_00003990,2026-07-24,email_click
361,evt_00003988,2026-07-27,email_open
361,evt_00003985,2026-07-28,website_visit
361,evt_00003996,2026-07-29,email_click
361,evt_00003972,2026-07-31,email_open
361,evt_00003976,2026-08-01,email_click
361,evt_00003977,2026-08-02,website_visit
361,evt_00003975,2026-08-05,email_click
361,evt_00003995,2026-08-06,website_visit
361,evt_00003978,2026-08-07,email_open
362,evt_00003997,2026-08-05,email_open
362,evt_00004000,2026-08-05,email_click
362,evt_00003998,2026-08-07,website_visit
362,evt_00003999,2026-08-07,email_click
362,evt_00004001,2026-08-08,email_open
363,evt_00004008,2026-06-26,email_open
363,evt_00004006,2026-06-29,website_visit
363,evt_00004002,2026-07-06,email_click
363,evt_00004003,2026-07-06,email_open
363,evt_00004005,2026-07-06,website_visit
363,evt_00004004,2026-07-09,form_fill
363,evt_00004007,2026-07-18,email_open
364,evt_00004014,2026-07-19,email_open
364,evt_00004009,2026-07-21,demo_request
364,evt_00004010,2026-07-22,email_open
364,evt_00004016,2026-07-25,demo_request
364,evt_00004012,2026-07-29,email_open
364,evt_00004018,2026-08-03,email_open
364,evt_00004017,2026-08-06,email_click
364,evt_00004011,2026-08-07,email_click
364,evt_00004015,2026-08-07,email_open
364,evt_00004019,2026-08-07,website_visit
364,evt_00004013,2026-08-08,website_visit
365,evt_00004020,2026-07-24,form_fill
365,evt_00004021,2026-08-02,email_open
366,evt_00004022,2026-04-01,email_click
366,evt_00004026,2026-04-05,website_visit
366,evt_00004024,2026-06-05,email_click
366,evt_00004025,2026-06-22,email_click
366,evt_00004023,2026-07-29,email_open
367,evt_00004029,2026-06-04,email_open
367,evt_00004027,2026-07-05,email_open
367,evt_00004028,2026-07-12,form_fill
367,evt_00004030,2026-08-01,email_click
368,evt_00004033,2026-02-28,email_click
368,evt_00004039,2026-02-28,email_click
368,evt_00004040,2026-03-13,email_open
368,evt_00004034,2026-06-03,email_open
368,evt_00004036,2026-06-19,email_click
368,evt_00004031,2026-07-18,demo_request
368,evt_00004035,2026-07-22,website_visit
368,evt_00004038,2026-07-26,email_open
368,evt_00004032,2026-08-01,email_open
368,evt_00004037,2026-08-01,email_open
369,evt_00004041,2026-07-09,email_click
369,evt_00004042,2026-08-08,email_click
370,evt_00004048,2026-03-07,website_visit
370,evt_00004046,2026-03-19,website_visit
370,evt_00004043,2026-04-07,email_open
370,evt_00004045,2026-06-03,email_click
370,evt_00004047,2026-06-04,email_open
370,evt_00004044,2026-06-22,email_open
371,evt_00004055,2026-05-03,email_open
371,evt_00004054,2026-05-09,email_click
371,evt_00004058,2026-05-09,email_open
371,evt_00004052,2026-05-17,form_fill
371,evt_00004057,2026-06-15,email_click
371,evt_00004056,2026-06-16,website_visit
371,evt_00004060,2026-06-18,email_open
371,evt_00004053,2026-06-26,email_click
371,evt_00004059,2026-07-03,email_open
371,evt_00004051,2026-07-07,email_open
371,evt_00004050,2026-07-10,email_open
371,evt_00004049,2026-07-22,website_visit
372,evt_00004061,2026-08-05,email_open
372,evt_00004062,2026-08-07,website_visit
372,evt_00004063,2026-08-07,email_open
372,evt_00004064,2026-08-07,form_fill
372,evt_00004065,2026-08-07,website_visit
372,evt_00004066,2026-08-08,website_visit
373,evt_00004068,2026-08-07,email_click
373,evt_00004067,2026-08-08,email_open
373,evt_00004069,2026-08-08,email_click
374,evt_00004070,2026-08-07,website_visit
374,evt_00004071,2026-08-07,website_visit
374,evt_00004072,2026-08-07,website_visit
374,evt_00004073,2026-08-07,website_visit
374,evt_00004074,2026-08-08,email_open
375,evt_00004076,2026-05-28,demo_request
375,evt_00004075,2026-07-12,form_fill
375,evt_00004077,2026-07-31,website_visit
376,evt_00004078,2026-05-01,email_click
376,evt_00004081,2026-07-24,email_open
376,evt_00004079,2026-07-29,email_open
376,evt_00004080,2026-08-01,email_open
377,evt_00004084,2026-03-10,email_open
377,evt_00004082,2026-04-24,email_click
377,evt_00004083,2026-04-30,email_open
378,evt_00004090,2026-03-03,website_visit
378,evt_00004091,2026-03-06,demo_request
378,evt_00004089,2026-03-15,website_visit
378,evt_00004087,2026-04-09,email_click
378,evt_00004088,2026-04-13,email_open
378,evt_00004085,2026-05-10,website_visit
378,evt_00004092,2026-05-18,email_open
378,evt_00004086,2026-07-07,email_open
379,evt_00004095,2026-04-16,email_open
379,evt_00004096,2026-05-16,email_click
379,evt_00004093,2026-06-24,email_open
379,evt_00004094,2026-06-28,email_click
380,evt_00004101,2026-05-25,email_open
380,evt_00004103,2026-05-28,email_open
380,evt_00004100,2026-06-11,website_visit
380,evt_00004105,2026-06-23,email_click
380,evt_00004104,2026-07-03,email_open
380,evt_00004106,2026-07-16,email_open
380,evt_00004099,2026-07-19,email_open
380,evt_00004102,2026-07-19,email_open
380,evt_00004098,2026-07-20,email_click
380,evt_00004097,2026-08-07,email_open
381,evt_00004107,2026-07-18,email_click
382,evt_00004116,2026-04-19,email_open
382,evt_00004114,2026-04-22,email_open
382,evt_00004112,2026-05-13,email_open
382,evt_00004110,2026-05-29,email_open
382,evt_00004109,2026-06-24,email_open
382,evt_00004111,2026-06-26,form_fill
382,evt_00004108,2026-07-01,email_click
382,evt_00004115,2026-07-17,email_click
382,evt_00004113,2026-07-22,email_open
383,evt_00004125,2026-03-16,email_open
383,evt_00004131,2026-03-19,form_fill
383,evt_00004119,2026-03-21,email_open
383,evt_00004123,2026-03-21,form_fill
383,evt_00004126,2026-03-27,email_open
383,evt_00004124,2026-04-11,email_open
383,evt_00004118,2026-04-12,website_visit
383,evt_00004121,2026-04-28,email_open
383,evt_00004130,2026-05-21,email_open
383,evt_00004129,2026-05-31,email_open
383,evt_00004122,2026-06-18,email_click
383,evt_00004117,2026-06-23,website_visit
383,evt_00004128,2026-06-25,form_fill
383,evt_00004120,2026-07-08,website_visit
383,evt_00004127,2026-07-22,website_visit
384,evt_00004154,2026-03-16,website_visit
384,evt_00004155,2026-03-29,email_open
384,evt_00004146,2026-03-31,email_open
384,evt_00004149,2026-03-31,email_click
384,evt_00004150,2026-04-07,email_click
384,evt_00004134,2026-04-09,email_open
384,evt_00004138,2026-04-11,email_click
384,evt_00004132,2026-04-17,website_visit
384,evt_00004147,2026-04-20,email_click
384,evt_00004157,2026-05-07,website_visit
384,evt_00004142,2026-05-10,email_open
384,evt_00004141,2026-05-11,email_open
384,evt_00004143,2026-05-15,email_open
384,evt_00004151,2026-05-16,email_open
384,evt_00004145,2026-05-24,email_open
384,evt_00004135,2026-05-29,website_visit
384,evt_00004140,2026-06-04,website_visit
384,evt_00004139,2026-06-07,email_open
384,evt_00004133,2026-06-08,email_open
384,evt_00004153,2026-06-08,email_open
384,evt_00004148,2026-06-13,email_click
384,evt_00004158,2026-06-19,email_open
384,evt_00004144,2026-06-25,email_open
384,evt_00004137,2026-07-26,email_open
384,evt_00004152,2026-07-29,email_open
384,evt_00004156,2026-07-29,email_open
384,evt_00004136,2026-08-03,email_click
385,evt_00004159,2026-05-30,email_click
385,evt_00004160,2026-06-14,email_open
386,evt_00004161,2026-07-13,form_fill
386,evt_00004162,2026-07-21,website_visit
386,evt_00004163,2026-08-07,email_click
387,evt_00004164,2026-03-22,email_click
387,evt_00004177,2026-03-27,email_open
387,evt_00004175,2026-04-19,email_click
387,evt_00004172,2026-05-01,email_click
387,evt_00004167,2026-05-05,website_visit
387,evt_00004171,2026-05-06,email_open
387,evt_00004173,2026-05-18,email_open
387,evt_00004174,2026-05-29,website_visit
387,evt_00004166,2026-05-31,website_visit
387,evt_00004168,2026-06-11,email_open
387,evt_00004169,2026-06-18,website_visit
387,evt_00004165,2026-06-29,email_click
387,evt_00004176,2026-06-30,email_click
387,evt_00004178,2026-07-02,form_fill
387,evt_00004170,2026-08-08,email_open
388,evt_00004181,2026-05-12,email_open
388,evt_00004195,2026-05-17,email_open
388,evt_00004189,2026-05-29,email_click
388,evt_00004179,2026-06-02,email_open
388,evt_00004182,2026-06-05,website_visit
388,evt_00004185,2026-06-08,website_visit
388,evt_00004191,2026-06-10,demo_request
388,evt_00004196,2026-06-20,email_open
388,evt_00004194,2026-06-23,website_visit
388,evt_00004190,2026-06-29,email_open
388,evt_00004186,2026-07-02,email_open
388,evt_00004183,2026-07-06,website_visit
388,evt_00004193,2026-07-06,website_visit
388,evt_00004187,2026-07-17,email_open
388,evt_00004188,2026-07-23,email_open
388,evt_00004192,2026-07-23,email_click
388,evt_00004180,2026-07-29,email_open
388,evt_00004184,2026-07-31,email_open
390,evt_00004223,2026-03-17,email_click
390,evt_00004250,2026-03-17,website_visit
390,evt_00004215,2026-03-19,email_click
390,evt_00004218,2026-03-19,email_open
390,evt_00004224,2026-03-20,email_open
390,evt_00004258,2026-03-24,email_click
390,evt_00004259,2026-03-27,form_fill
390,evt_00004226,2026-03-29,email_click
390,evt_00004238,2026-03-30,demo_request
390,evt_00004202,2026-04-01,email_open
390,evt_00004234,2026-04-06,website_visit
390,evt_00004214,2026-04-07,email_open
390,evt_00004233,2026-04-09,form_fill
390,evt_00004232,2026-04-14,email_open
390,evt_00004228,2026-04-22,website_visit
390,evt_00004230,2026-04-25,email_open
390,evt_00004241,2026-04-29,email_click
390,evt_00004222,2026-04-30,website_visit
390,evt_00004198,2026-05-02,email_click
390,evt_00004208,2026-05-03,email_open
390,evt_00004243,2026-05-03,email_click
390,evt_00004210,2026-05-04,email_open
390,evt_00004239,2026-05-04,form_fill
390,evt_00004203,2026-05-05,email_open
390,evt_00004212,2026-05-05,email_open
390,evt_00004219,2026-05-07,email_open
390,evt_00004211,2026-05-10,email_open
390,evt_00004254,2026-05-10,website_visit
390,evt_00004220,2026-05-11,demo_request
390,evt_00004257,2026-05-20,website_visit
390,evt_00004217,2026-05-22,email_open
390,evt_00004246,2026-05-22,email_click
390,evt_00004227,2026-05-24,website_visit
390,evt_00004209,2026-05-25,email_open
390,evt_00004199,2026-05-29,email_open
390,evt_00004235,2026-06-01,email_click
390,evt_00004242,2026-06-01,email_open
390,evt_00004221,2026-06-03,email_open
390,evt_00004236,2026-06-07,website_visit
390,evt_00004197,2026-06-08,demo_request
390,evt_00004231,2026-06-09,demo_request
390,evt_00004244,2026-06-14,email_click
390,evt_00004249,2026-06-15,email_open
390,evt_00004207,2026-06-17,website_visit
390,evt_00004245,2026-06-24,email_open
390,evt_00004200,2026-06-27,website_visit
390,evt_00004216,2026-06-28,website_visit
390,evt_00004213,2026-06-29,email_open
390,evt_00004205,2026-07-03,email_click
390,evt_00004201,2026-07-09,email_open
390,evt_00004255,2026-07-09,demo_request
390,evt_00004251,2026-07-11,email_open
390,evt_00004252,2026-07-16,email_open
390,evt_00004256,2026-07-22,email_click
390,evt_00004240,2026-07-24,email_click
390,evt_00004253,2026-07-24,email_open
390,evt_00004237,2026-07-25,website_visit
390,evt_00004225,2026-07-26,form_fill
390,evt_00004229,2026-07-30,email_open
390,evt_00004206,2026-08-02,website_visit
390,evt_00004247,2026-08-03,email_open
390,evt_00004248,2026-08-03,website_visit
390,evt_00004204,2026-08-06,email_click
391,evt_00004260,2026-04-10,website_visit
391,evt_00004261,2026-05-29,email_open
391,evt_00004262,2026-06-08,website_visit
392,evt_00004268,2026-03-26,email_open
392,evt_00004264,2026-03-28,email_click
392,evt_00004263,2026-04-01,email_open
392,evt_00004265,2026-04-21,website_visit
392,evt_00004266,2026-06-16,email_open
392,evt_00004267,2026-08-02,form_fill
393,evt_00004274,2026-07-06,email_open
393,evt_00004270,2026-07-15,website_visit
393,evt_00004276,2026-07-15,email_click
393,evt_00004273,2026-07-17,website_visit
393,evt_00004271,2026-07-18,email_open
393,evt_00004275,2026-07-20,form_fill
393,evt_00004269,2026-07-28,form_fill
393,evt_00004272,2026-08-02,email_open
394,evt_00004278,2026-03-23,form_fill
394,evt_00004291,2026-04-03,email_open
394,evt_00004284,2026-04-20,website_visit
394,evt_00004283,2026-04-27,email_click
394,evt_00004279,2026-04-30,email_open
394,evt_00004277,2026-05-01,email_open
394,evt_00004286,2026-05-11,email_open
394,evt_00004280,2026-05-14,website_visit
394,evt_00004287,2026-05-14,email_open
394,evt_00004282,2026-05-28,website_visit
394,evt_00004281,2026-05-29,email_open
394,evt_00004290,2026-06-02,form_fill
394,evt_00004289,2026-06-23,email_open
394,evt_00004285,2026-06-26,website_visit
394,evt_00004288,2026-07-15,email_open
395,evt_00004292,2026-05-14,email_open
396,evt_00004297,2026-04-26,website_visit
396,evt_00004298,2026-04-26,email_click
396,evt_00004293,2026-06-09,email_open
396,evt_00004294,2026-06-13,email_open
396,evt_00004295,2026-07-19,form_fill
396,evt_00004299,2026-07-19,email_open
396,evt_00004300,2026-07-26,email_open
396,evt_00004296,2026-07-28,website_visit
397,evt_00004301,2026-05-31,email_open
397,evt_00004304,2026-06-26,email_open
397,evt_00004303,2026-06-30,email_open
397,evt_00004302,2026-07-10,email_open
398,evt_00004318,2026-04-05,email_open
398,evt_00004334,2026-04-05,email_open
398,evt_00004305,2026-04-11,email_click
398,evt_00004309,2026-04-18,website_visit
398,evt_00004325,2026-04-18,email_open
398,evt_00004315,2026-04-27,email_click
398,evt_00004335,2026-04-30,email_open
398,evt_00004307,2026-05-04,website_visit
398,evt_00004330,2026-05-06,website_visit
398,evt_00004312,2026-05-07,email_open
398,evt_00004336,2026-05-14,website_visit
398,evt_00004328,2026-05-17,email_open
398,evt_00004326,2026-05-20,email_click
398,evt_00004332,2026-05-20,email_open
398,evt_00004333,2026-05-20,email_open
398,evt_00004338,2026-05-24,email_open
398,evt_00004314,2026-05-27,email_open
398,evt_00004308,2026-05-28,email_click
398,evt_00004319,2026-05-28,website_visit
398,evt_00004327,2026-05-28,website_visit
398,evt_00004313,2026-06-06,email_open
398,evt_00004331,2026-06-08,email_open
398,evt_00004317,2026-06-09,website_visit
398,evt_00004310,2026-06-15,email_click
398,evt_00004329,2026-06-29,website_visit
398,evt_00004316,2026-07-02,email_click
398,evt_00004322,2026-07-03,website_visit
398,evt_00004324,2026-07-06,email_open
398,evt_00004306,2026-07-15,email_click
398,evt_00004320,2026-07-15,website_visit
398,evt_00004321,2026-07-18,website_visit
398,evt_00004337,2026-07-19,email_open
398,evt_00004323,2026-07-20,website_visit
398,evt_00004311,2026-08-07,email_open
399,evt_00004344,2026-07-25,website_visit
399,evt_00004339,2026-07-27,email_open
399,evt_00004341,2026-07-29,email_click
399,evt_00004346,2026-07-29,email_open
399,evt_00004342,2026-07-30,email_open
399,evt_00004340,2026-08-05,email_open
399,evt_00004343,2026-08-05,email_open
399,evt_00004345,2026-08-06,email_click
400,evt_00004369,2026-05-17,email_open
400,evt_00004351,2026-05-22,email_open
400,evt_00004349,2026-05-23,website_visit
400,evt_00004348,2026-05-24,email_open
400,evt_00004363,2026-05-25,email_open
400,evt_00004367,2026-05-28,demo_request
400,evt_00004352,2026-06-03,website_visit
400,evt_00004354,2026-06-07,email_open
400,evt_00004359,2026-06-12,email_click
400,evt_00004365,2026-06-15,email_open
400,evt_00004361,2026-06-16,website_visit
400,evt_00004355,2026-06-18,website_visit
400,evt_00004366,2026-06-20,email_click
400,evt_00004370,2026-06-22,demo_request
400,evt_00004347,2026-07-01,form_fill
400,evt_00004360,2026-07-02,email_click
400,evt_00004362,2026-07-02,email_click
400,evt_00004364,2026-07-11,email_open
400,evt_00004368,2026-07-12,website_visit
400,evt_00004356,2026-07-14,email_open
400,evt_00004353,2026-07-26,website_visit
400,evt_00004357,2026-07-27,email_click
400,evt_00004350,2026-07-29,email_click
400,evt_00004358,2026-08-07,email_open
401,evt_00004374,2026-07-07,email_open
401,evt_00004392,2026-07-09,email_click
401,evt_00004377,2026-07-11,form_fill
401,evt_00004388,2026-07-14,email_click
401,evt_00004386,2026-07-15,email_open
401,evt_00004373,2026-07-17,website_visit
401,evt_00004380,2026-07-20,website_visit
401,evt_00004372,2026-07-21,email_open
401,evt_00004376,2026-07-21,email_open
401,evt_00004384,2026-07-21,website_visit
401,evt_00004385,2026-07-24,email_click
401,evt_00004389,2026-07-24,website_visit
401,evt_00004390,2026-07-24,email_open
401,evt_00004371,2026-07-25,email_open
401,evt_00004378,2026-07-28,email_click
401,evt_00004391,2026-07-28,email_click
401,evt_00004393,2026-07-28,website_visit
401,evt_00004381,2026-08-01,demo_request
401,evt_00004387,2026-08-02,email_open
401,evt_00004375,2026-08-03,email_click
401,evt_00004379,2026-08-06,email_open
401,evt_00004383,2026-08-07,email_open
401,evt_00004382,2026-08-08,email_open
402,evt_00004394,2026-05-22,email_open
402,evt_00004398,2026-06-06,email_click
402,evt_00004395,2026-06-10,email_open
402,evt_00004397,2026-06-16,email_click
402,evt_00004399,2026-06-23,email_open
402,evt_00004396,2026-07-16,website_visit
403,evt_00004404,2026-07-07,email_click
403,evt_00004403,2026-07-12,email_click
403,evt_00004405,2026-07-13,email_open
403,evt_00004406,2026-07-23,website_visit
403,evt_00004409,2026-07-23,email_open
403,evt_00004400,2026-07-27,email_open
403,evt_00004407,2026-07-29,email_click
403,evt_00004410,2026-07-29,email_open
403,evt_00004408,2026-07-31,email_open
403,evt_00004401,2026-08-05,website_visit
403,evt_00004402,2026-08-07,form_fill
404,evt_00004411,2026-05-09,email_open
404,evt_00004412,2026-06-14,email_open
405,evt_00004420,2026-04-26,email_open
405,evt_00004423,2026-04-29,website_visit
405,evt_00004414,2026-05-15,email_open
405,evt_00004416,2026-05-19,demo_request
405,evt_00004417,2026-05-20,form_fill
405,evt_00004413,2026-06-09,email_click
405,evt_00004419,2026-06-09,email_open
405,evt_00004415,2026-06-16,email_open
405,evt_00004422,2026-07-07,email_click
405,evt_00004418,2026-08-03,form_fill
405,evt_00004421,2026-08-07,email_click
406,evt_00004427,2026-07-14,email_open
406,evt_00004428,2026-07-23,email_open
406,evt_00004424,2026-08-03,email_open
406,evt_00004425,2026-08-05,email_click
406,evt_00004426,2026-08-07,website_visit
407,evt_00004431,2026-06-15,website_visit
407,evt_00004435,2026-06-16,demo_request
407,evt_00004429,2026-06-27,website_visit
407,evt_00004430,2026-06-27,demo_request
407,evt_00004433,2026-06-27,email_click
407,evt_00004434,2026-06-28,email_open
407,evt_00004432,2026-07-29,email_click
407,evt_00004436,2026-08-07,email_click
408,evt_00004445,2026-05-02,website_visit
408,evt_00004440,2026-05-04,email_open
408,evt_00004450,2026-05-05,email_click
408,evt_00004444,2026-05-07,email_open
408,evt_00004447,2026-05-08,email_open
408,evt_00004453,2026-05-16,website_visit
408,evt_00004448,2026-06-09,form_fill
408,evt_00004451,2026-06-14,email_click
408,evt_00004446,2026-06-24,website_visit
408,evt_00004438,2026-07-05,website_visit
408,evt_00004449,2026-07-09,email_open
408,evt_00004439,2026-07-10,email_open
408,evt_00004442,2026-07-17,website_visit
408,evt_00004437,2026-07-19,website_visit
408,evt_00004441,2026-07-24,email_click
408,evt_00004443,2026-07-31,email_click
408,evt_00004452,2026-08-04,form_fill
409,evt_00004456,2026-05-16,email_open
409,evt_00004454,2026-06-08,email_open
409,evt_00004457,2026-07-08,website_visit
409,evt_00004455,2026-07-11,email_open
410,evt_00004464,2026-07-07,website_visit
410,evt_00004459,2026-07-08,email_click
410,evt_00004463,2026-07-09,form_fill
410,evt_00004467,2026-07-10,website_visit
410,evt_00004458,2026-07-11,website_visit
410,evt_00004465,2026-07-12,form_fill
410,evt_00004469,2026-07-13,email_click
410,evt_00004471,2026-07-15,email_click
410,evt_00004460,2026-07-19,email_click
410,evt_00004466,2026-07-19,email_open
410,evt_00004472,2026-07-20,email_open
410,evt_00004461,2026-07-29,email_click
410,evt_00004470,2026-08-02,email_open
410,evt_00004468,2026-08-03,email_open
410,evt_00004462,2026-08-06,email_open
411,evt_00004477,2026-05-20,website_visit
411,evt_00004483,2026-05-25,email_click
411,evt_00004484,2026-05-29,email_open
411,evt_00004480,2026-06-04,email_open
411,evt_00004488,2026-06-08,email_open
411,evt_00004486,2026-06-15,email_open
411,evt_00004478,2026-06-17,email_open
411,evt_00004474,2026-06-18,website_visit
411,evt_00004479,2026-06-26,email_open
411,evt_00004473,2026-06-27,website_visit
411,evt_00004482,2026-07-08,demo_request
411,evt_00004481,2026-07-12,email_click
411,evt_00004476,2026-07-16,email_open
411,evt_00004475,2026-07-20,email_open
411,evt_00004487,2026-07-22,email_open
411,evt_00004485,2026-07-23,email_click
412,evt_00004493,2026-06-21,form_fill
412,evt_00004489,2026-06-26,website_visit
412,evt_00004490,2026-06-27,email_click
412,evt_00004497,2026-06-29,email_click
412,evt_00004491,2026-07-02,email_open
412,evt_00004492,2026-07-05,website_visit
412,evt_00004495,2026-07-20,email_open
412,evt_00004494,2026-07-29,email_click
412,evt_00004496,2026-08-04,email_click
413,evt_00004498,2026-07-15,form_fill
413,evt_00004502,2026-07-28,website_visit
413,evt_00004501,2026-07-31,website_visit
413,evt_00004500,2026-08-01,email_open
413,evt_00004499,2026-08-06,email_click
414,evt_00004507,2026-05-22,website_visit
414,evt_00004510,2026-05-22,website_visit
414,evt_00004511,2026-05-29,demo_request
414,evt_00004503,2026-06-08,website_visit
414,evt_00004506,2026-06-09,email_open
414,evt_00004504,2026-06-19,website_visit
414,evt_00004513,2026-06-27,email_click
414,evt_00004505,2026-07-04,email_open
414,evt_00004509,2026-07-04,email_click
414,evt_00004508,2026-07-18,email_open
414,evt_00004512,2026-07-19,email_open
415,evt_00004518,2026-04-02,email_click
415,evt_00004520,2026-04-16,email_click
415,evt_00004515,2026-05-19,website_visit
415,evt_00004514,2026-06-17,email_open
415,evt_00004519,2026-07-12,website_visit
415,evt_00004517,2026-07-15,website_visit
415,evt_00004516,2026-07-21,website_visit
416,evt_00004529,2026-02-22,website_visit
416,evt_00004530,2026-02-24,email_click
416,evt_00004528,2026-04-12,email_click
416,evt_00004523,2026-05-08,email_click
416,evt_00004525,2026-05-09,email_open
416,evt_00004526,2026-05-16,email_open
416,evt_00004521,2026-05-30,email_click
416,evt_00004524,2026-06-15,website_visit
416,evt_00004527,2026-06-18,email_click
416,evt_00004522,2026-08-05,email_click
417,evt_00004538,2026-05-04,email_open
417,evt_00004541,2026-05-18,email_click
417,evt_00004539,2026-05-31,email_open
417,evt_00004536,2026-06-01,email_click
417,evt_00004540,2026-06-24,website_visit
417,evt_00004542,2026-06-24,email_open
417,evt_00004535,2026-07-17,email_click
417,evt_00004533,2026-07-18,email_open
417,evt_00004537,2026-07-23,email_open
417,evt_00004543,2026-07-23,email_click
417,evt_00004534,2026-07-24,website_visit
417,evt_00004532,2026-08-01,form_fill
417,evt_00004531,2026-08-07,email_open
418,evt_00004548,2026-04-23,email_open
418,evt_00004553,2026-05-12,website_visit
418,evt_00004544,2026-05-13,email_open
418,evt_00004547,2026-05-14,website_visit
418,evt_00004556,2026-05-18,email_open
418,evt_00004546,2026-06-06,website_visit
418,evt_00004554,2026-06-12,email_open
418,evt_00004545,2026-06-15,email_open
418,evt_00004557,2026-06-15,demo_request
418,evt_00004550,2026-06-23,email_open
418,evt_00004555,2026-06-25,email_click
418,evt_00004551,2026-07-14,email_open
418,evt_00004549,2026-07-25,email_open
418,evt_00004558,2026-07-25,website_visit
418,evt_00004552,2026-07-27,email_click
419,evt_00004560,2026-04-08,website_visit
419,evt_00004563,2026-04-08,email_click
419,evt_00004561,2026-04-14,email_open
419,evt_00004562,2026-04-20,email_click
419,evt_00004559,2026-07-16,form_fill
420,evt_00004568,2026-06-09,email_open
420,evt_00004565,2026-06-11,website_visit
420,evt_00004566,2026-06-20,email_open
420,evt_00004564,2026-08-04,website_visit
420,evt_00004567,2026-08-08,form_fill
421,evt_00004571,2026-05-19,website_visit
421,evt_00004569,2026-06-11,email_open
421,evt_00004573,2026-07-05,website_visit
421,evt_00004570,2026-08-02,email_open
421,evt_00004572,2026-08-02,email_open
422,evt_00004574,2026-08-02,website_visit
423,evt_00004588,2026-04-01,email_click
423,evt_00004583,2026-04-02,website_visit
423,evt_00004582,2026-04-07,email_open
423,evt_00004590,2026-04-11,email_open
423,evt_00004589,2026-04-26,email_click
423,evt_00004587,2026-04-30,demo_request
423,evt_00004580,2026-05-19,email_open
423,evt_00004585,2026-05-26,email_open
423,evt_00004578,2026-05-28,email_open
423,evt_00004586,2026-06-02,website_visit
423,evt_00004581,2026-06-08,email_open
423,evt_00004584,2026-06-08,demo_request
423,evt_00004577,2026-06-25,email_click
423,evt_00004575,2026-07-02,email_click
423,evt_00004579,2026-07-07,email_open
423,evt_00004576,2026-07-15,website_visit
424,evt_00004598,2026-07-21,email_open
424,evt_00004604,2026-07-21,website_visit
424,evt_00004592,2026-07-22,email_open
424,evt_00004602,2026-07-25,email_open
424,evt_00004600,2026-07-26,email_open
424,evt_00004605,2026-07-26,form_fill
424,evt_00004597,2026-07-29,website_visit
424,evt_00004599,2026-07-31,email_open
424,evt_00004603,2026-08-01,website_visit
424,evt_00004606,2026-08-03,email_click
424,evt_00004591,2026-08-04,email_open
424,evt_00004593,2026-08-04,email_open
424,evt_00004595,2026-08-04,website_visit
424,evt_00004594,2026-08-06,email_open
424,evt_00004596,2026-08-08,email_open
424,evt_00004601,2026-08-08,email_click
424,evt_00004607,2026-08-08,email_click
425,evt_00004608,2026-07-24,email_click
426,evt_00004623,2026-04-08,email_open
426,evt_00004614,2026-04-19,website_visit
426,evt_00004617,2026-05-07,email_click
426,evt_00004610,2026-05-19,email_open
426,evt_00004616,2026-05-21,form_fill
426,evt_00004624,2026-05-22,form_fill
426,evt_00004619,2026-05-28,email_open
426,evt_00004625,2026-06-09,email_open
426,evt_00004611,2026-06-20,website_visit
426,evt_00004621,2026-06-20,form_fill
426,evt_00004612,2026-07-05,email_click
426,evt_00004626,2026-07-09,form_fill
426,evt_00004609,2026-07-16,website_visit
426,evt_00004622,2026-07-16,email_open
426,evt_00004613,2026-07-27,email_open
426,evt_00004615,2026-07-31,email_click
426,evt_00004618,2026-07-31,email_click
426,evt_00004620,2026-08-01,form_fill
427,evt_00004630,2026-05-15,email_click
427,evt_00004629,2026-06-24,email_open
427,evt_00004628,2026-07-19,form_fill
427,evt_00004631,2026-07-26,form_fill
427,evt_00004627,2026-08-07,email_click
428,evt_00004632,2026-07-31,email_open
428,evt_00004634,2026-07-31,email_open
428,evt_00004635,2026-08-01,demo_request
428,evt_00004633,2026-08-07,website_visit
429,evt_00004657,2026-06-19,website_visit
429,evt_00004643,2026-06-24,website_visit
429,evt_00004658,2026-06-24,email_click
429,evt_00004638,2026-06-26,email_click
429,evt_00004664,2026-06-26,email_open
429,evt_00004662,2026-07-01,website_visit
429,evt_00004666,2026-07-03,form_fill
429,evt_00004642,2026-07-05,website_visit
429,evt_00004645,2026-07-05,website_visit
429,evt_00004667,2026-07-05,website_visit
429,evt_00004637,2026-07-06,website_visit
429,evt_00004651,2026-07-08,email_open
429,evt_00004653,2026-07-10,form_fill
429,evt_00004656,2026-07-15,website_visit
429,evt_00004665,2026-07-16,website_visit
429,evt_00004636,2026-07-17,website_visit
429,evt_00004646,2026-07-17,email_click
429,evt_00004652,2026-07-18,website_visit
429,evt_00004669,2026-07-19,website_visit
429,evt_00004660,2026-07-21,email_open
429,evt_00004640,2026-07-25,email_open
429,evt_00004648,2026-07-25,email_open
429,evt_00004655,2026-07-27,email_open
429,evt_00004644,2026-07-28,email_click
429,evt_00004654,2026-07-29,form_fill
429,evt_00004647,2026-08-01,website_visit
429,evt_00004641,2026-08-02,form_fill
429,evt_00004639,2026-08-04,website_visit
429,evt_00004663,2026-08-04,email_click
429,evt_00004668,2026-08-04,email_open
429,evt_00004659,2026-08-05,email_open
429,evt_00004649,2026-08-07,email_click
429,evt_00004650,2026-08-07,email_click
429,evt_00004661,2026-08-08,email_click
430,evt_00004670,2026-06-18,email_open
430,evt_00004678,2026-06-23,email_open
430,evt_00004675,2026-06-25,email_open
430,evt_00004677,2026-07-01,email_open
430,evt_00004680,2026-07-05,email_open
430,evt_00004676,2026-07-14,email_open
430,evt_00004673,2026-07-19,email_open
430,evt_00004672,2026-07-24,email_open
430,evt_00004681,2026-07-25,email_open
430,evt_00004679,2026-08-02,form_fill
430,evt_00004671,2026-08-04,email_open
430,evt_00004674,2026-08-05,email_open
431,evt_00004682,2026-06-30,email_open
431,evt_00004683,2026-07-09,email_click
432,evt_00004691,2026-07-21,email_open
432,evt_00004690,2026-07-31,website_visit
432,evt_00004686,2026-08-01,email_open
432,evt_00004685,2026-08-02,email_open
432,evt_00004687,2026-08-02,email_open
432,evt_00004688,2026-08-05,email_open
432,evt_00004689,2026-08-06,website_visit
432,evt_00004684,2026-08-08,website_visit
433,evt_00004699,2026-04-24,form_fill
433,evt_00004700,2026-05-03,email_open
433,evt_00004705,2026-05-06,demo_request
433,evt_00004706,2026-05-12,website_visit
433,evt_00004692,2026-05-19,email_open
433,evt_00004701,2026-05-26,email_open
433,evt_00004695,2026-05-27,email_open
433,evt_00004708,2026-05-27,form_fill
433,evt_00004704,2026-06-19,email_open
433,evt_00004696,2026-06-28,website_visit
433,evt_00004693,2026-06-29,email_click
433,evt_00004703,2026-07-15,email_open
433,evt_00004698,2026-07-23,website_visit
433,evt_00004697,2026-07-28,email_click
433,evt_00004707,2026-07-31,website_visit
433,evt_00004694,2026-08-03,email_open
433,evt_00004702,2026-08-05,email_open
434,evt_00004722,2026-04-04,website_visit
434,evt_00004732,2026-04-05,email_click
434,evt_00004734,2026-04-11,email_open
434,evt_00004710,2026-04-16,website_visit
434,evt_00004712,2026-04-21,email_open
434,evt_00004718,2026-04-27,website_visit
434,evt_00004714,2026-04-28,email_open
434,evt_00004729,2026-04-29,website_visit
434,evt_00004715,2026-04-30,form_fill
434,evt_00004709,2026-05-02,email_open
434,evt_00004711,2026-05-16,email_open
434,evt_00004727,2026-05-16,email_click
434,evt_00004723,2026-05-26,website_visit
434,evt_00004728,2026-06-07,email_open
434,evt_00004733,2026-06-08,website_visit
434,evt_00004717,2026-07-09,email_open
434,evt_00004724,2026-07-12,email_open
434,evt_00004726,2026-07-14,form_fill
434,evt_00004719,2026-07-15,email_open
434,evt_00004713,2026-07-16,website_visit
434,evt_00004721,2026-07-18,email_click
434,evt_00004731,2026-07-19,email_open
434,evt_00004716,2026-07-24,email_open
434,evt_00004725,2026-07-29,website_visit
434,evt_00004730,2026-07-29,email_click
434,evt_00004720,2026-07-31,website_visit
435,evt_00004740,2026-02-11,email_open
435,evt_00004739,2026-03-14,email_open
435,evt_00004735,2026-04-25,email_open
435,evt_00004737,2026-06-22,email_open
435,evt_00004736,2026-07-19,email_open
435,evt_00004738,2026-07-19,website_visit
436,evt_00004742,2026-03-19,website_visit
436,evt_00004741,2026-07-30,email_open
437,evt_00004745,2026-04-24,demo_request
437,evt_00004744,2026-05-15,website_visit
437,evt_00004743,2026-06-30,website_visit
437,evt_00004747,2026-07-20,website_visit
437,evt_00004746,2026-08-06,email_open
438,evt_00004759,2026-06-09,email_click
438,evt_00004766,2026-06-09,email_open
438,evt_00004770,2026-06-10,email_open
438,evt_00004748,2026-06-14,email_click
438,evt_00004764,2026-06-14,email_click
438,evt_00004756,2026-06-18,email_click
438,evt_00004758,2026-06-20,email_open
438,evt_00004765,2026-06-20,website_visit
438,evt_00004760,2026-06-23,email_click
438,evt_00004768,2026-06-26,form_fill
438,evt_00004763,2026-06-28,email_open
438,evt_00004769,2026-06-28,email_open
438,evt_00004754,2026-07-05,website_visit
438,evt_00004761,2026-07-05,website_visit
438,evt_00004752,2026-07-07,email_open
438,evt_00004762,2026-07-10,email_open
438,evt_00004753,2026-07-12,email_click
438,evt_00004757,2026-07-25,email_open
438,evt_00004755,2026-07-26,email_open
438,evt_00004767,2026-07-26,email_open
438,evt_00004750,2026-07-28,email_open
438,evt_00004751,2026-07-30,email_open
438,evt_00004749,2026-08-03,email_click
439,evt_00004771,2026-06-29,email_open
439,evt_00004776,2026-07-05,email_click
439,evt_00004780,2026-07-16,email_click
439,evt_00004773,2026-07-17,website_visit
439,evt_00004777,2026-07-17,demo_request
439,evt_00004774,2026-07-26,website_visit
439,evt_00004778,2026-07-31,form_fill
439,evt_00004779,2026-08-02,website_visit
439,evt_00004775,2026-08-03,website_visit
439,evt_00004772,2026-08-08,email_click
440,evt_00004785,2026-04-17,email_open
440,evt_00004782,2026-04-25,email_open
440,evt_00004786,2026-05-08,website_visit
440,evt_00004784,2026-06-01,website_visit
440,evt_00004781,2026-07-14,website_visit
440,evt_00004783,2026-07-24,email_open
441,evt_00004788,2026-08-02,email_click
441,evt_00004789,2026-08-02,email_open
441,evt_00004787,2026-08-08,email_open
442,evt_00004794,2026-04-04,email_open
442,evt_00004796,2026-04-19,email_click
442,evt_00004798,2026-04-25,email_open
442,evt_00004791,2026-05-10,email_open
442,evt_00004797,2026-05-12,form_fill
442,evt_00004800,2026-05-29,website_visit
442,evt_00004790,2026-06-29,email_open
442,evt_00004795,2026-07-04,email_open
442,evt_00004793,2026-07-13,email_open
442,evt_00004792,2026-08-04,email_open
442,evt_00004799,2026-08-05,website_visit
443,evt_00004802,2026-04-03,form_fill
443,evt_00004803,2026-04-28,email_click
443,evt_00004804,2026-05-02,email_open
443,evt_00004806,2026-05-06,email_open
443,evt_00004805,2026-06-18,email_open
443,evt_00004801,2026-07-10,email_open
444,evt_00004815,2026-03-15,email_open
444,evt_00004813,2026-03-18,email_click
444,evt_00004810,2026-04-02,email_click
444,evt_00004814,2026-04-05,email_open
444,evt_00004809,2026-04-22,email_open
444,evt_00004811,2026-05-08,email_open
444,evt_00004812,2026-06-19,email_open
444,evt_00004808,2026-07-06,email_click
444,evt_00004816,2026-07-12,email_click
444,evt_00004807,2026-08-02,demo_request
445,evt_00004818,2026-05-29,email_open
445,evt_00004817,2026-08-02,email_open
446,evt_00004820,2026-04-03,website_visit
446,evt_00004822,2026-04-17,email_open
446,evt_00004821,2026-04-19,website_visit
446,evt_00004819,2026-05-05,email_open
446,evt_00004823,2026-06-25,email_open
447,evt_00004825,2026-07-03,form_fill
447,evt_00004826,2026-07-04,email_open
447,evt_00004829,2026-07-12,website_visit
447,evt_00004827,2026-07-20,email_open
447,evt_00004824,2026-07-23,email_open
447,evt_00004828,2026-07-24,email_click
447,evt_00004830,2026-08-04,website_visit
448,evt_00004831,2026-07-07,email_open
449,evt_00004839,2026-07-14,email_open
449,evt_00004833,2026-07-17,website_visit
449,evt_00004837,2026-07-20,website_visit
449,evt_00004848,2026-07-21,email_open
449,evt_00004832,2026-07-23,email_click
449,evt_00004840,2026-07-24,email_open
449,evt_00004836,2026-07-26,website_visit
449,evt_00004842,2026-07-26,email_open
449,evt_00004835,2026-07-27,form_fill
449,evt_00004845,2026-07-27,email_click
449,evt_00004847,2026-07-29,website_visit
449,evt_00004838,2026-07-31,email_open
449,evt_00004841,2026-08-01,email_open
449,evt_00004844,2026-08-02,email_open
449,evt_00004834,2026-08-03,email_open
449,evt_00004846,2026-08-03,email_open
449,evt_00004843,2026-08-08,email_click
450,evt_00004852,2026-04-01,form_fill
450,evt_00004854,2026-04-09,website_visit
450,evt_00004849,2026-04-11,email_click
450,evt_00004850,2026-05-22,email_open
450,evt_00004851,2026-06-22,website_visit
450,evt_00004853,2026-07-18,website_visit
451,evt_00004855,2026-03-27,email_open
451,evt_00004875,2026-04-09,email_open
451,evt_00004857,2026-04-11,website_visit
451,evt_00004864,2026-04-24,email_open
451,evt_00004870,2026-04-27,form_fill
451,evt_00004856,2026-05-09,email_click
451,evt_00004874,2026-05-15,email_open
451,evt_00004869,2026-05-19,email_open
451,evt_00004866,2026-05-20,website_visit
451,evt_00004873,2026-06-04,email_open
451,evt_00004867,2026-06-09,email_open
451,evt_00004863,2026-06-11,email_open
451,evt_00004868,2026-06-18,website_visit
451,evt_00004865,2026-06-20,email_open
451,evt_00004860,2026-06-28,email_open
451,evt_00004871,2026-06-29,email_click
451,evt_00004862,2026-07-11,website_visit
451,evt_00004872,2026-07-15,website_visit
451,evt_00004859,2026-07-17,email_open
451,evt_00004861,2026-07-18,email_open
451,evt_00004858,2026-07-27,website_visit
452,evt_00004897,2026-03-30,email_click
452,evt_00004894,2026-04-07,email_open
452,evt_00004896,2026-04-16,email_open
452,evt_00004886,2026-04-19,email_open
452,evt_00004878,2026-04-20,website_visit
452,evt_00004879,2026-04-27,email_click
452,evt_00004890,2026-04-28,email_open
452,evt_00004887,2026-05-05,email_open
452,evt_00004882,2026-05-13,website_visit
452,evt_00004898,2026-05-15,email_open
452,evt_00004880,2026-05-29,website_visit
452,evt_00004883,2026-06-14,demo_request
452,evt_00004895,2026-06-18,demo_request
452,evt_00004899,2026-06-21,email_open
452,evt_00004892,2026-06-29,email_open
452,evt_00004891,2026-07-04,email_click
452,evt_00004884,2026-07-08,email_open
452,evt_00004885,2026-07-13,email_open
452,evt_00004876,2026-07-16,email_open
452,evt_00004881,2026-07-21,email_open
452,evt_00004877,2026-07-26,email_open
452,evt_00004888,2026-07-26,website_visit
452,evt_00004889,2026-07-26,email_open
452,evt_00004893,2026-08-06,website_visit
453,evt_00004904,2026-06-30,website_visit
453,evt_00004901,2026-07-10,email_open
453,evt_00004903,2026-07-13,email_click
453,evt_00004902,2026-07-19,website_visit
453,evt_00004905,2026-08-01,email_open
453,evt_00004900,2026-08-04,email_open
454,evt_00004906,2026-07-16,email_open
455,evt_00004910,2026-04-18,email_click
455,evt_00004913,2026-05-05,email_click
455,evt_00004914,2026-05-13,email_open
455,evt_00004909,2026-05-17,email_click
455,evt_00004911,2026-06-07,email_open
455,evt_00004908,2026-06-09,website_visit
455,evt_00004912,2026-07-23,email_click
455,evt_00004907,2026-07-27,email_open
456,evt_00004916,2026-04-05,email_open
456,evt_00004917,2026-04-25,email_open
456,evt_00004920,2026-05-25,email_open
456,evt_00004915,2026-06-04,website_visit
456,evt_00004921,2026-07-22,website_visit
456,evt_00004919,2026-08-01,email_open
456,evt_00004918,2026-08-02,email_click
456,evt_00004922,2026-08-04,website_visit
457,evt_00004923,2026-07-03,email_open
457,evt_00004925,2026-07-11,email_click
457,evt_00004924,2026-08-07,website_visit
458,evt_00004926,2026-07-09,email_open
459,evt_00004932,2026-03-01,email_open
459,evt_00004930,2026-03-24,website_visit
459,evt_00004931,2026-05-31,demo_request
459,evt_00004927,2026-06-06,email_open
459,evt_00004928,2026-07-15,website_visit
459,evt_00004929,2026-07-18,email_open
460,evt_00004947,2026-02-18,website_visit
460,evt_00004933,2026-03-10,website_visit
460,evt_00004946,2026-03-16,email_open
460,evt_00004945,2026-03-17,email_open
460,evt_00004934,2026-03-21,website_visit
460,evt_00004935,2026-04-07,email_open
460,evt_00004941,2026-04-16,email_click
460,evt_00004940,2026-04-21,website_visit
460,evt_00004944,2026-04-30,form_fill
460,evt_00004942,2026-05-02,demo_request
460,evt_00004950,2026-05-26,website_visit
460,evt_00004943,2026-07-11,email_open
460,evt_00004948,2026-07-15,email_open
460,evt_00004939,2026-07-19,website_visit
460,evt_00004937,2026-07-22,website_visit
460,evt_00004938,2026-07-24,website_visit
460,evt_00004936,2026-08-02,email_open
460,evt_00004949,2026-08-05,email_click
461,evt_00004952,2026-06-01,form_fill
461,evt_00004951,2026-06-10,email_open
462,evt_00004957,2026-02-13,email_click
462,evt_00004956,2026-02-19,email_click
462,evt_00004954,2026-04-14,email_open
462,evt_00004953,2026-06-16,email_open
462,evt_00004955,2026-06-28,form_fill
463,evt_00004958,2026-07-05,email_open
463,evt_00004963,2026-07-13,email_click
463,evt_00004962,2026-07-20,website_visit
463,evt_00004961,2026-07-22,website_visit
463,evt_00004959,2026-07-24,email_open
463,evt_00004964,2026-07-25,email_open
463,evt_00004965,2026-07-29,form_fill
463,evt_00004966,2026-08-01,email_open
463,evt_00004960,2026-08-03,website_visit
463,evt_00004967,2026-08-04,demo_request
464,evt_00004968,2026-07-24,email_open
464,evt_00004974,2026-07-25,email_open
464,evt_00004969,2026-07-30,website_visit
464,evt_00004972,2026-07-31,email_open
464,evt_00004976,2026-08-02,email_open
464,evt_00004977,2026-08-02,email_open
464,evt_00004970,2026-08-03,website_visit
464,evt_00004973,2026-08-03,email_open
464,evt_00004978,2026-08-06,email_click
464,evt_00004971,2026-08-07,email_open
464,evt_00004975,2026-08-07,email_open
465,evt_00004986,2026-04-01,demo_request
465,evt_00004983,2026-04-28,email_click
465,evt_00004985,2026-06-08,form_fill
465,evt_00004980,2026-07-02,email_open
465,evt_00004982,2026-07-13,email_open
465,evt_00004984,2026-07-13,email_click
465,evt_00004979,2026-07-21,email_open
465,evt_00004981,2026-07-25,email_open
466,evt_00004990,2026-05-25,email_click
466,evt_00004988,2026-05-27,email_click
466,evt_00005004,2026-05-27,email_open
466,evt_00005008,2026-06-01,email_open
466,evt_00005001,2026-06-03,email_click
466,evt_00005002,2026-06-05,email_click
466,evt_00004999,2026-06-09,email_open
466,evt_00005006,2026-06-13,email_open
466,evt_00004989,2026-06-24,website_visit
466,evt_00004998,2026-06-24,demo_request
466,evt_00004995,2026-06-27,website_visit
466,evt_00005007,2026-07-02,form_fill
466,evt_00004996,2026-07-09,form_fill
466,evt_00004994,2026-07-11,email_click
466,evt_00004993,2026-07-17,email_open
466,evt_00005005,2026-07-17,email_open
466,evt_00004992,2026-07-24,email_open
466,evt_00005000,2026-07-24,email_open
466,evt_00004991,2026-07-31,email_open
466,evt_00004997,2026-07-31,email_open
466,evt_00004987,2026-08-04,email_open
466,evt_00005003,2026-08-07,website_visit
467,evt_00005016,2026-04-14,email_click
467,evt_00005021,2026-04-23,email_open
467,evt_00005020,2026-05-12,email_open
467,evt_00005022,2026-05-13,email_open
467,evt_00005012,2026-05-17,website_visit
467,evt_00005010,2026-05-24,email_open
467,evt_00005014,2026-05-26,email_open
467,evt_00005025,2026-06-02,email_open
467,evt_00005024,2026-06-11,email_open
467,evt_00005009,2026-06-16,email_open
467,evt_00005015,2026-06-18,website_visit
467,evt_00005023,2026-06-18,email_open
467,evt_00005019,2026-06-30,email_click
467,evt_00005011,2026-07-04,website_visit
467,evt_00005018,2026-07-05,email_open
467,evt_00005013,2026-07-10,email_click
467,evt_00005017,2026-07-25,demo_request
468,evt_00005035,2026-05-25,form_fill
468,evt_00005038,2026-05-27,email_open
468,evt_00005028,2026-06-05,website_visit
468,evt_00005037,2026-06-05,email_open
468,evt_00005030,2026-06-11,email_open
468,evt_00005032,2026-06-14,email_click
468,evt_00005044,2026-06-14,email_open
468,evt_00005036,2026-06-16,email_open
468,evt_00005027,2026-06-22,email_click
468,evt_00005042,2026-06-26,email_open
468,evt_00005029,2026-06-30,email_open
468,evt_00005043,2026-07-04,email_open
468,evt_00005041,2026-07-08,email_open
468,evt_00005045,2026-07-10,email_open
468,evt_00005039,2026-07-11,email_open
468,evt_00005026,2026-07-20,email_open
468,evt_00005034,2026-07-22,email_open
468,evt_00005033,2026-07-25,email_open
468,evt_00005040,2026-07-30,email_click
468,evt_00005031,2026-08-01,website_visit
468,evt_00005046,2026-08-04,website_visit
469,evt_00005053,2026-03-19,website_visit
469,evt_00005050,2026-03-24,form_fill
469,evt_00005047,2026-04-02,demo_request
469,evt_00005052,2026-04-18,form_fill
469,evt_00005049,2026-04-19,email_open
469,evt_00005048,2026-05-13,email_open
469,evt_00005051,2026-07-04,email_open
470,evt_00005058,2026-05-16,email_open
470,evt_00005055,2026-06-26,email_click
470,evt_00005056,2026-07-23,email_click
470,evt_00005054,2026-07-25,email_click
470,evt_00005057,2026-08-04,email_open
471,evt_00005064,2026-07-12,email_open
471,evt_00005066,2026-07-12,email_click
471,evt_00005062,2026-07-18,website_visit
471,evt_00005061,2026-07-19,email_click
471,evt_00005065,2026-07-20,form_fill
471,evt_00005063,2026-07-23,email_open
471,evt_00005060,2026-07-31,email_click
471,evt_00005059,2026-08-04,website_visit
472,evt_00005069,2026-05-13,email_open
472,evt_00005068,2026-05-26,email_open
472,evt_00005071,2026-06-05,email_open
472,evt_00005073,2026-06-25,email_open
472,evt_00005070,2026-06-30,demo_request
472,evt_00005067,2026-07-14,website_visit
472,evt_00005074,2026-07-31,website_visit
472,evt_00005072,2026-08-08,email_open
473,evt_00005076,2026-04-16,email_open
473,evt_00005077,2026-05-06,email_click
473,evt_00005075,2026-06-12,email_open
474,evt_00005083,2026-05-14,email_open
474,evt_00005082,2026-05-20,email_click
474,evt_00005081,2026-05-31,website_visit
474,evt_00005084,2026-06-10,website_visit
474,evt_00005080,2026-06-17,email_open
474,evt_00005078,2026-07-02,email_open
474,evt_00005079,2026-07-19,email_open
475,evt_00005086,2026-06-21,email_click
475,evt_00005087,2026-06-26,email_open
475,evt_00005088,2026-06-27,website_visit
475,evt_00005085,2026-08-06,website_visit
476,evt_00005092,2026-06-26,form_fill
476,evt_00005093,2026-07-15,website_visit
476,evt_00005094,2026-07-18,website_visit
476,evt_00005091,2026-07-19,email_click
476,evt_00005089,2026-07-27,email_open
476,evt_00005090,2026-07-29,email_open
477,evt_00005100,2026-03-13,website_visit
477,evt_00005096,2026-03-21,email_open
477,evt_00005101,2026-04-18,email_click
477,evt_00005098,2026-04-24,email_open
477,evt_00005103,2026-04-25,email_open
477,evt_00005097,2026-05-16,demo_request
477,evt_00005099,2026-06-08,email_click
477,evt_00005104,2026-07-05,website_visit
477,evt_00005102,2026-07-26,form_fill
477,evt_00005095,2026-08-05,email_open
478,evt_00005106,2026-07-05,email_open
478,evt_00005119,2026-07-05,email_open
478,evt_00005110,2026-07-07,email_open
478,evt_00005105,2026-07-09,email_open
478,evt_00005108,2026-07-09,email_click
478,evt_00005112,2026-07-10,email_open
478,evt_00005107,2026-07-14,email_open
478,evt_00005111,2026-07-14,email_open
478,evt_00005115,2026-07-14,website_visit
478,evt_00005117,2026-07-14,form_fill
478,evt_00005120,2026-07-16,email_open
478,evt_00005114,2026-07-23,website_visit
478,evt_00005118,2026-07-23,email_click
478,evt_00005113,2026-07-24,email_open
478,evt_00005109,2026-07-25,email_open
478,evt_00005121,2026-07-30,email_open
478,evt_00005116,2026-07-31,email_click
478,evt_00005122,2026-08-01,email_open
478,evt_00005123,2026-08-06,website_visit
479,evt_00005129,2026-05-05,form_fill
479,evt_00005126,2026-05-13,email_click
479,evt_00005130,2026-06-03,form_fill
479,evt_00005127,2026-06-18,form_fill
479,evt_00005125,2026-06-19,website_visit
479,evt_00005128,2026-07-06,email_open
479,evt_00005124,2026-07-11,email_open
480,evt_00005134,2026-06-30,email_open
480,evt_00005131,2026-07-19,email_click
480,evt_00005133,2026-07-19,email_open
480,evt_00005132,2026-07-27,email_click
481,evt_00005138,2026-06-29,email_open
481,evt_00005139,2026-07-03,website_visit
481,evt_00005136,2026-07-04,email_open
481,evt_00005137,2026-07-18,email_open
481,evt_00005135,2026-07-27,website_visit
481,evt_00005140,2026-08-05,email_open
482,evt_00005143,2026-05-15,email_click
482,evt_00005141,2026-07-06,form_fill
482,evt_00005142,2026-08-04,email_open
483,evt_00005148,2026-07-29,email_open
483,evt_00005152,2026-07-29,email_open
483,evt_00005150,2026-08-01,email_open
483,evt_00005145,2026-08-02,website_visit
483,evt_00005144,2026-08-04,email_open
483,evt_00005146,2026-08-05,email_open
483,evt_00005147,2026-08-05,email_open
483,evt_00005149,2026-08-07,email_click
483,evt_00005151,2026-08-08,email_click
484,evt_00005164,2026-07-13,email_click
484,evt_00005165,2026-07-13,website_visit
484,evt_00005158,2026-07-15,email_open
484,evt_00005161,2026-07-15,website_visit
484,evt_00005163,2026-07-15,email_click
484,evt_00005160,2026-07-18,email_click
484,evt_00005162,2026-07-19,email_open
484,evt_00005153,2026-07-22,email_open
484,evt_00005156,2026-07-22,email_open
484,evt_00005154,2026-07-23,email_open
484,evt_00005167,2026-07-26,form_fill
484,evt_00005166,2026-07-28,email_open
484,evt_00005159,2026-07-29,email_click
484,evt_00005157,2026-08-03,email_click
484,evt_00005155,2026-08-04,email_open
485,evt_00005168,2026-05-14,email_click
485,evt_00005179,2026-05-18,email_click
485,evt_00005174,2026-05-28,email_open
485,evt_00005171,2026-06-09,form_fill
485,evt_00005169,2026-06-13,email_click
485,evt_00005175,2026-06-20,email_open
485,evt_00005176,2026-06-28,email_click
485,evt_00005170,2026-07-03,email_open
485,evt_00005178,2026-07-17,form_fill
485,evt_00005172,2026-07-31,email_open
485,evt_00005173,2026-07-31,demo_request
485,evt_00005177,2026-08-07,form_fill
486,evt_00005180,2026-05-02,website_visit
486,evt_00005181,2026-05-07,email_open
486,evt_00005182,2026-07-18,email_open
487,evt_00005187,2026-04-24,email_open
487,evt_00005183,2026-05-07,website_visit
487,evt_00005192,2026-05-19,email_click
487,evt_00005184,2026-05-26,email_open
487,evt_00005189,2026-05-29,email_open
487,evt_00005193,2026-05-31,form_fill
487,evt_00005204,2026-06-03,email_open
487,evt_00005186,2026-06-11,email_open
487,evt_00005185,2026-06-14,website_visit
487,evt_00005195,2026-06-15,email_open
487,evt_00005194,2026-06-16,website_visit
487,evt_00005188,2026-06-17,email_open
487,evt_00005197,2026-06-23,website_visit
487,evt_00005196,2026-06-25,email_click
487,evt_00005203,2026-06-28,email_open
487,evt_00005190,2026-06-29,email_click
487,evt_00005191,2026-07-02,website_visit
487,evt_00005198,2026-07-08,website_visit
487,evt_00005202,2026-07-26,email_open
487,evt_00005199,2026-07-30,form_fill
487,evt_00005200,2026-08-01,email_click
487,evt_00005201,2026-08-05,form_fill
488,evt_00005209,2026-04-09,email_open
488,evt_00005214,2026-05-01,website_visit
488,evt_00005207,2026-05-07,website_visit
488,evt_00005213,2026-05-22,email_open
488,evt_00005211,2026-05-28,website_visit
488,evt_00005210,2026-05-29,email_open
488,evt_00005206,2026-06-07,email_open
488,evt_00005212,2026-06-15,website_visit
488,evt_00005208,2026-06-20,email_open
488,evt_00005205,2026-07-12,email_open
489,evt_00005215,2026-04-13,email_open
489,evt_00005218,2026-04-19,email_open
489,evt_00005216,2026-06-14,email_open
489,evt_00005217,2026-07-16,website_visit
490,evt_00005230,2026-06-21,email_open
490,evt_00005219,2026-07-09,email_click
490,evt_00005228,2026-07-12,website_visit
490,evt_00005229,2026-07-15,email_open
490,evt_00005226,2026-07-19,email_click
490,evt_00005224,2026-07-22,email_open
490,evt_00005227,2026-07-23,email_open
490,evt_00005220,2026-07-24,email_click
490,evt_00005225,2026-07-26,website_visit
490,evt_00005221,2026-07-28,email_click
490,evt_00005222,2026-08-07,email_click
490,evt_00005223,2026-08-07,website_visit
491,evt_00005231,2026-05-08,email_open
492,evt_00005233,2026-03-25,email_open
492,evt_00005236,2026-05-23,email_open
492,evt_00005232,2026-06-02,email_open
492,evt_00005234,2026-06-22,email_click
492,evt_00005235,2026-08-03,website_visit
493,evt_00005240,2026-05-16,email_open
493,evt_00005239,2026-05-28,email_click
493,evt_00005238,2026-07-28,email_open
493,evt_00005237,2026-08-03,email_click
494,evt_00005252,2026-04-13,email_open
494,evt_00005241,2026-04-24,email_open
494,evt_00005246,2026-04-28,email_open
494,evt_00005258,2026-04-28,email_open
494,evt_00005245,2026-04-30,website_visit
494,evt_00005254,2026-05-05,email_open
494,evt_00005243,2026-05-15,email_click
494,evt_00005247,2026-05-19,email_open
494,evt_00005259,2026-05-22,email_open
494,evt_00005244,2026-05-28,website_visit
494,evt_00005253,2026-06-02,email_click
494,evt_00005250,2026-06-06,form_fill
494,evt_00005257,2026-06-09,email_open
494,evt_00005248,2026-06-10,email_open
494,evt_00005242,2026-06-12,email_open
494,evt_00005249,2026-06-15,email_click
494,evt_00005264,2026-06-19,email_open
494,evt_00005261,2026-07-03,website_visit
494,evt_00005263,2026-07-03,email_open
494,evt_00005256,2026-07-07,form_fill
494,evt_00005255,2026-07-25,email_open
494,evt_00005262,2026-07-28,email_click
494,evt_00005251,2026-07-30,email_open
494,evt_00005260,2026-08-07,email_open
496,evt_00005267,2026-06-13,form_fill
496,evt_00005271,2026-06-14,form_fill
496,evt_00005274,2026-06-16,email_open
496,evt_00005272,2026-06-24,website_visit
496,evt_00005266,2026-06-29,website_visit
496,evt_00005270,2026-07-23,email_click
496,evt_00005275,2026-07-28,website_visit
496,evt_00005265,2026-07-30,email_click
496,evt_00005268,2026-08-03,email_open
496,evt_00005273,2026-08-03,website_visit
496,evt_00005269,2026-08-04,email_open
497,evt_00005281,2026-05-15,website_visit
497,evt_00005280,2026-05-27,email_open
497,evt_00005277,2026-06-01,website_visit
497,evt_00005285,2026-06-29,email_click
497,evt_00005286,2026-07-02,email_open
497,evt_00005278,2026-07-06,email_open
497,evt_00005284,2026-07-06,email_click
497,evt_00005282,2026-07-11,email_open
497,evt_00005279,2026-07-14,form_fill
497,evt_00005283,2026-07-19,email_click
497,evt_00005276,2026-07-23,email_open
498,evt_00005287,2026-03-23,email_open
498,evt_00005291,2026-03-23,email_click
498,evt_00005289,2026-04-06,email_open
498,evt_00005293,2026-04-09,email_open
498,evt_00005292,2026-06-23,email_open
498,evt_00005288,2026-06-27,form_fill
498,evt_00005290,2026-08-01,email_open
499,evt_00005296,2026-07-20,email_open
499,evt_00005308,2026-07-21,email_click
499,evt_00005301,2026-07-22,email_open
499,evt_00005306,2026-07-24,email_click
499,evt_00005295,2026-07-26,email_open
499,evt_00005314,2026-07-28,website_visit
499,evt_00005312,2026-07-29,email_click
499,evt_00005302,2026-08-01,email_open
499,evt_00005305,2026-08-01,email_open
499,evt_00005297,2026-08-02,email_open
499,evt_00005298,2026-08-02,email_click
499,evt_00005303,2026-08-03,email_open
499,evt_00005304,2026-08-03,email_open
499,evt_00005313,2026-08-03,website_visit
499,evt_00005311,2026-08-04,email_click
499,evt_00005309,2026-08-05,website_visit
499,evt_00005310,2026-08-06,website_visit
499,evt_00005307,2026-08-07,email_open
499,evt_00005294,2026-08-08,email_click
499,evt_00005299,2026-08-08,email_open
499,evt_00005300,2026-08-08,email_open
500,evt_00005315,2026-05-10,email_click
500,evt_00005316,2026-05-27,email_open
501,evt_00005318,2026-06-07,website_visit
501,evt_00005317,2026-06-13,email_open
501,evt_00005320,2026-06-20,email_click
501,evt_00005319,2026-07-15,email_open
502,evt_00005344,2026-07-14,email_open
502,evt_00005331,2026-07-16,form_fill
502,evt_00005327,2026-07-18,email_open
502,evt_00005343,2026-07-20,website_visit
502,evt_00005328,2026-07-22,form_fill
502,evt_00005340,2026-07-22,email_click
502,evt_00005346,2026-07-22,email_open
502,evt_00005352,2026-07-22,website_visit
502,evt_00005334,2026-07-23,email_open
502,evt_00005338,2026-07-25,email_open
502,evt_00005333,2026-07-27,email_open
502,evt_00005330,2026-07-28,email_open
502,evt_00005335,2026-07-28,website_visit
502,evt_00005336,2026-07-28,email_open
502,evt_00005341,2026-07-28,email_open
502,evt_00005342,2026-07-28,email_open
502,evt_00005324,2026-07-29,website_visit
502,evt_00005329,2026-07-29,email_open
502,evt_00005350,2026-07-29,email_click
502,evt_00005351,2026-07-29,email_click
502,evt_00005323,2026-07-30,email_open
502,evt_00005339,2026-07-30,email_open
502,evt_00005347,2026-07-30,email_open
502,evt_00005349,2026-07-30,website_visit
502,evt_00005353,2026-07-31,website_visit
502,evt_00005325,2026-08-01,email_open
502,evt_00005348,2026-08-02,email_open
502,evt_00005332,2026-08-03,email_open
502,evt_00005321,2026-08-04,website_visit
502,evt_00005322,2026-08-05,email_open
502,evt_00005326,2026-08-05,email_open
502,evt_00005337,2026-08-05,website_visit
502,evt_00005345,2026-08-05,email_open
504,evt_00005356,2026-05-10,email_open
504,evt_00005362,2026-06-02,email_open
504,evt_00005360,2026-06-03,email_click
504,evt_00005358,2026-06-10,form_fill
504,evt_00005355,2026-06-19,website_visit
504,evt_00005363,2026-06-25,email_click
504,evt_00005357,2026-06-26,email_open
504,evt_00005354,2026-06-28,website_visit
504,evt_00005361,2026-07-12,email_open
504,evt_00005359,2026-07-18,website_visit
505,evt_00005370,2026-03-15,email_click
505,evt_00005365,2026-03-17,email_open
505,evt_00005367,2026-03-29,form_fill
505,evt_00005364,2026-03-31,email_click
505,evt_00005373,2026-04-06,email_click
505,evt_00005378,2026-04-12,email_open
505,evt_00005371,2026-05-11,form_fill
505,evt_00005374,2026-05-15,email_open
505,evt_00005369,2026-05-25,demo_request
505,evt_00005372,2026-05-26,email_open
505,evt_00005366,2026-06-14,email_open
505,evt_00005376,2026-06-23,email_click
505,evt_00005377,2026-06-26,demo_request
505,evt_00005368,2026-07-01,email_open
505,evt_00005375,2026-07-09,email_open
506,evt_00005387,2026-04-09,website_visit
506,evt_00005386,2026-04-11,email_open
506,evt_00005388,2026-04-12,website_visit
506,evt_00005379,2026-05-20,email_open
506,evt_00005385,2026-06-22,email_click
506,evt_00005382,2026-06-30,email_open
506,evt_00005384,2026-07-05,email_open
506,evt_00005383,2026-07-12,email_open
506,evt_00005380,2026-07-22,email_open
506,evt_00005381,2026-08-06,email_open
507,evt_00005390,2026-08-07,email_open
507,evt_00005391,2026-08-07,email_click
507,evt_00005392,2026-08-07,email_click
507,evt_00005393,2026-08-07,email_click
507,evt_00005394,2026-08-07,website_visit
507,evt_00005395,2026-08-07,email_open
507,evt_00005396,2026-08-07,website_visit
507,evt_00005398,2026-08-07,email_open
507,evt_00005400,2026-08-07,website_visit
507,evt_00005401,2026-08-07,email_open
507,evt_00005402,2026-08-07,email_click
507,evt_00005403,2026-08-07,email_open
507,evt_00005405,2026-08-07,form_fill
507,evt_00005410,2026-08-07,email_open
507,evt_00005411,2026-08-07,form_fill
507,evt_00005416,2026-08-07,email_click
507,evt_00005417,2026-08-07,website_visit
507,evt_00005418,2026-08-07,demo_request
507,evt_00005419,2026-08-07,email_open
507,evt_00005420,2026-08-07,email_open
507,evt_00005422,2026-08-07,website_visit
507,evt_00005389,2026-08-08,website_visit
507,evt_00005397,2026-08-08,form_fill
507,evt_00005399,2026-08-08,website_visit
507,evt_00005404,2026-08-08,form_fill
507,evt_00005406,2026-08-08,email_click
507,evt_00005407,2026-08-08,email_open
507,evt_00005408,2026-08-08,email_click
507,evt_00005409,2026-08-08,form_fill
507,evt_00005412,2026-08-08,email_open
507,evt_00005413,2026-08-08,email_open
507,evt_00005414,2026-08-08,email_open
507,evt_00005415,2026-08-08,email_click
507,evt_00005421,2026-08-08,email_open
508,evt_00005426,2026-06-03,email_click
508,evt_00005428,2026-06-08,email_open
508,evt_00005423,2026-06-20,email_open
508,evt_00005425,2026-06-30,email_open
508,evt_00005432,2026-07-06,website_visit
508,evt_00005427,2026-07-23,form_fill
508,evt_00005429,2026-07-24,email_open
508,evt_00005424,2026-07-26,email_open
508,evt_00005433,2026-07-29,website_visit
508,evt_00005431,2026-07-31,email_open
508,evt_00005430,2026-08-06,website_visit
509,evt_00005445,2026-03-22,email_click
509,evt_00005437,2026-03-28,website_visit
509,evt_00005441,2026-03-29,website_visit
509,evt_00005434,2026-03-30,email_open
509,evt_00005440,2026-04-04,email_open
509,evt_00005439,2026-04-08,website_visit
509,evt_00005448,2026-04-09,email_open
509,evt_00005438,2026-04-10,email_click
509,evt_00005449,2026-04-14,website_visit
509,evt_00005443,2026-05-13,website_visit
509,evt_00005447,2026-05-25,email_open
509,evt_00005452,2026-06-22,website_visit
509,evt_00005446,2026-07-03,email_open
509,evt_00005444,2026-07-08,form_fill
509,evt_00005435,2026-07-15,website_visit
509,evt_00005450,2026-07-19,email_open
509,evt_00005436,2026-07-20,email_open
509,evt_00005451,2026-07-23,email_open
509,evt_00005442,2026-08-08,email_click
510,evt_00005456,2026-07-07,website_visit
510,evt_00005458,2026-07-16,email_open
510,evt_00005457,2026-07-25,email_open
510,evt_00005455,2026-07-30,email_open
510,evt_00005453,2026-08-04,email_click
510,evt_00005454,2026-08-08,email_open
511,evt_00005459,2026-05-26,email_open
511,evt_00005460,2026-06-19,email_open
512,evt_00005481,2026-03-06,email_click
512,evt_00005485,2026-03-07,website_visit
512,evt_00005468,2026-03-16,email_open
512,evt_00005470,2026-03-27,email_open
512,evt_00005469,2026-04-04,website_visit
512,evt_00005491,2026-04-04,email_click
512,evt_00005472,2026-04-12,email_open
512,evt_00005484,2026-04-12,email_open
512,evt_00005490,2026-04-18,email_click
512,evt_00005467,2026-04-28,demo_request
512,evt_00005478,2026-04-28,email_open
512,evt_00005461,2026-05-03,demo_request
512,evt_00005474,2026-05-06,email_click
512,evt_00005465,2026-05-14,website_visit
512,evt_00005471,2026-05-21,email_open
512,evt_00005486,2026-05-21,website_visit
512,evt_00005466,2026-06-10,email_click
512,evt_00005482,2026-06-16,email_open
512,evt_00005464,2026-06-26,form_fill
512,evt_00005492,2026-06-27,email_open
512,evt_00005479,2026-06-29,website_visit
512,evt_00005493,2026-07-02,email_open
512,evt_00005480,2026-07-12,email_open
512,evt_00005473,2026-07-15,email_click
512,evt_00005463,2026-07-20,email_open
512,evt_00005475,2026-07-27,email_open
512,evt_00005487,2026-07-27,website_visit
512,evt_00005476,2026-07-30,email_click
512,evt_00005477,2026-07-31,form_fill
512,evt_00005483,2026-07-31,email_click
512,evt_00005489,2026-08-01,email_open
512,evt_00005462,2026-08-05,email_open
512,evt_00005488,2026-08-08,email_open
513,evt_00005494,2026-07-13,email_open
513,evt_00005496,2026-07-26,email_open
513,evt_00005495,2026-07-27,email_open
514,evt_00005498,2026-04-27,email_open
514,evt_00005497,2026-05-26,email_open
514,evt_00005499,2026-06-13,email_open
515,evt_00005504,2026-07-30,form_fill
515,evt_00005505,2026-07-31,email_open
515,evt_00005500,2026-08-04,email_open
515,evt_00005503,2026-08-04,email_open
515,evt_00005501,2026-08-05,website_visit
515,evt_00005506,2026-08-05,email_open
515,evt_00005507,2026-08-07,website_visit
515,evt_00005508,2026-08-07,email_open
515,evt_00005502,2026-08-08,email_open
516,evt_00005513,2026-02-24,email_open
516,evt_00005509,2026-04-05,email_click
516,evt_00005512,2026-05-02,website_visit
516,evt_00005511,2026-05-04,email_open
516,evt_00005510,2026-07-23,website_visit
517,evt_00005516,2026-03-17,demo_request
517,evt_00005514,2026-03-21,email_open
517,evt_00005519,2026-03-28,email_open
517,evt_00005517,2026-04-03,website_visit
517,evt_00005525,2026-04-06,email_click
517,evt_00005527,2026-04-06,email_open
517,evt_00005521,2026-05-02,email_open
517,evt_00005523,2026-05-18,form_fill
517,evt_00005515,2026-05-19,email_open
517,evt_00005518,2026-05-30,email_open
517,evt_00005526,2026-06-15,email_open
517,evt_00005522,2026-06-16,form_fill
517,evt_00005524,2026-06-20,email_open
517,evt_00005528,2026-06-28,email_open
517,evt_00005520,2026-07-30,email_click
518,evt_00005532,2026-04-21,email_open
518,evt_00005531,2026-06-30,email_click
518,evt_00005530,2026-07-14,email_open
518,evt_00005529,2026-08-05,email_open
519,evt_00005538,2026-06-21,email_open
519,evt_00005535,2026-06-28,email_click
519,evt_00005534,2026-06-29,email_click
519,evt_00005537,2026-07-20,email_click
519,evt_00005541,2026-07-22,email_click
519,evt_00005539,2026-07-25,email_open
519,evt_00005540,2026-07-26,email_click
519,evt_00005533,2026-08-03,website_visit
519,evt_00005542,2026-08-04,website_visit
519,evt_00005536,2026-08-08,email_open
520,evt_00005543,2026-04-03,demo_request
520,evt_00005548,2026-04-12,website_visit
520,evt_00005544,2026-04-14,email_open
520,evt_00005545,2026-04-15,form_fill
520,evt_00005550,2026-05-19,email_open
520,evt_00005549,2026-06-01,email_open
520,evt_00005547,2026-06-08,website_visit
520,evt_00005546,2026-08-03,email_open
521,evt_00005565,2026-03-13,demo_request
521,evt_00005564,2026-03-16,email_open
521,evt_00005562,2026-03-17,demo_request
521,evt_00005551,2026-03-19,email_open
521,evt_00005563,2026-04-28,email_click
521,evt_00005553,2026-05-02,email_open
521,evt_00005552,2026-05-31,email_open
521,evt_00005555,2026-06-15,email_open
521,evt_00005558,2026-06-18,email_click
521,evt_00005557,2026-07-07,email_open
521,evt_00005554,2026-07-19,email_click
521,evt_00005560,2026-07-20,email_click
521,evt_00005559,2026-07-24,email_open
521,evt_00005561,2026-08-01,email_click
521,evt_00005556,2026-08-07,email_open
522,evt_00005568,2026-03-18,email_open
522,evt_00005575,2026-03-18,email_open
522,evt_00005580,2026-03-18,website_visit
522,evt_00005581,2026-03-18,email_open
522,evt_00005586,2026-03-20,website_visit
522,evt_00005573,2026-03-30,form_fill
522,evt_00005587,2026-04-17,demo_request
522,evt_00005570,2026-04-19,email_click
522,evt_00005567,2026-04-25,email_open
522,evt_00005582,2026-04-28,email_open
522,evt_00005578,2026-05-02,email_click
522,evt_00005569,2026-05-05,email_open
522,evt_00005583,2026-05-18,email_open
522,evt_00005579,2026-05-24,website_visit
522,evt_00005577,2026-06-07,email_open
522,evt_00005572,2026-06-20,website_visit
522,evt_00005584,2026-07-05,email_open
522,evt_00005571,2026-07-11,email_click
522,evt_00005585,2026-07-21,email_open
522,evt_00005574,2026-07-24,email_click
522,evt_00005576,2026-07-31,email_open
522,evt_00005566,2026-08-04,email_click
523,evt_00005593,2026-04-03,email_open
523,evt_00005591,2026-04-11,email_open
523,evt_00005592,2026-07-18,email_open
523,evt_00005590,2026-07-21,email_open
523,evt_00005589,2026-07-22,website_visit
523,evt_00005588,2026-07-27,email_open
524,evt_00005599,2026-07-25,email_open
524,evt_00005603,2026-07-25,email_open
524,evt_00005598,2026-07-26,email_open
524,evt_00005611,2026-07-27,website_visit
524,evt_00005596,2026-07-28,email_open
524,evt_00005602,2026-07-28,email_open
524,evt_00005600,2026-07-29,form_fill
524,evt_00005595,2026-07-30,email_click
524,evt_00005607,2026-07-30,website_visit
524,evt_00005597,2026-07-31,email_open
524,evt_00005606,2026-08-01,email_open
524,evt_00005594,2026-08-04,website_visit
524,evt_00005604,2026-08-04,email_click
524,evt_00005610,2026-08-05,website_visit
524,evt_00005601,2026-08-06,email_open
524,evt_00005605,2026-08-07,email_open
524,evt_00005608,2026-08-08,form_fill
524,evt_00005609,2026-08-08,email_open
525,evt_00005620,2026-02-14,email_open
525,evt_00005617,2026-02-25,form_fill
525,evt_00005616,2026-03-03,email_open
525,evt_00005622,2026-03-07,email_open
525,evt_00005625,2026-03-16,email_click
525,evt_00005614,2026-03-18,website_visit
525,evt_00005621,2026-03-25,email_open
525,evt_00005619,2026-04-23,email_click
525,evt_00005618,2026-05-10,email_open
525,evt_00005613,2026-05-12,demo_request
525,evt_00005624,2026-05-29,email_click
525,evt_00005623,2026-06-13,email_open
525,evt_00005615,2026-07-16,website_visit
525,evt_00005612,2026-08-03,website_visit
526,evt_00005633,2026-03-10,email_open
526,evt_00005631,2026-03-30,demo_request
526,evt_00005639,2026-03-31,website_visit
526,evt_00005638,2026-04-29,website_visit
526,evt_00005630,2026-05-05,website_visit
526,evt_00005635,2026-05-05,email_open
526,evt_00005628,2026-05-06,email_open
526,evt_00005632,2026-05-27,email_open
526,evt_00005629,2026-06-07,email_click
526,evt_00005626,2026-06-28,email_open
526,evt_00005637,2026-07-24,email_open
526,evt_00005627,2026-07-31,website_visit
526,evt_00005634,2026-08-04,email_click
526,evt_00005636,2026-08-04,form_fill
527,evt_00005640,2026-04-13,email_open
527,evt_00005642,2026-04-14,email_open
527,evt_00005645,2026-04-16,email_open
527,evt_00005652,2026-04-26,email_open
527,evt_00005646,2026-04-27,email_click
527,evt_00005654,2026-05-13,email_open
527,evt_00005647,2026-05-24,email_click
527,evt_00005644,2026-05-29,website_visit
527,evt_00005653,2026-06-08,email_click
527,evt_00005649,2026-06-17,email_open
527,evt_00005651,2026-06-19,email_click
527,evt_00005648,2026-07-17,email_open
527,evt_00005641,2026-07-19,email_open
527,evt_00005643,2026-08-02,email_open
527,evt_00005650,2026-08-05,website_visit
528,evt_00005655,2026-07-04,email_open
528,evt_00005657,2026-07-08,email_open
528,evt_00005656,2026-07-13,email_click
529,evt_00005660,2026-04-25,email_open
529,evt_00005673,2026-04-28,website_visit
529,evt_00005672,2026-04-30,website_visit
529,evt_00005662,2026-05-03,email_open
529,evt_00005671,2026-05-10,email_open
529,evt_00005664,2026-05-12,email_open
529,evt_00005667,2026-06-02,email_open
529,evt_00005661,2026-06-13,demo_request
529,evt_00005666,2026-06-13,email_open
529,evt_00005658,2026-06-23,email_open
529,evt_00005665,2026-06-25,email_open
529,evt_00005663,2026-07-13,website_visit
529,evt_00005669,2026-07-19,email_open
529,evt_00005659,2026-07-24,email_open
529,evt_00005668,2026-07-30,website_visit
529,evt_00005670,2026-07-31,email_click
530,evt_00005687,2026-04-15,email_click
530,evt_00005676,2026-04-26,email_open
530,evt_00005686,2026-05-08,form_fill
530,evt_00005680,2026-05-10,email_open
530,evt_00005685,2026-05-27,email_open
530,evt_00005688,2026-06-07,website_visit
530,evt_00005679,2026-06-17,email_click
530,evt_00005677,2026-06-21,email_click
530,evt_00005675,2026-06-22,email_open
530,evt_00005681,2026-06-23,email_open
530,evt_00005684,2026-06-23,website_visit
530,evt_00005678,2026-06-24,website_visit
530,evt_00005682,2026-07-09,email_open
530,evt_00005674,2026-07-11,website_visit
530,evt_00005683,2026-07-24,email_click
531,evt_00005694,2026-07-17,email_click
531,evt_00005690,2026-07-21,email_open
531,evt_00005691,2026-08-03,email_open
531,evt_00005692,2026-08-04,form_fill
531,evt_00005693,2026-08-07,email_open
531,evt_00005689,2026-08-08,email_open
532,evt_00005697,2026-04-20,email_open
532,evt_00005699,2026-07-16,email_click
532,evt_00005696,2026-07-17,email_open
532,evt_00005698,2026-08-01,website_visit
532,evt_00005695,2026-08-07,email_open
533,evt_00005704,2026-07-28,email_open
533,evt_00005702,2026-07-29,email_open
533,evt_00005701,2026-07-31,email_click
533,evt_00005703,2026-07-31,email_click
533,evt_00005705,2026-08-03,email_open
533,evt_00005700,2026-08-07,website_visit
534,evt_00005706,2026-08-06,email_click
534,evt_00005707,2026-08-07,email_open
534,evt_00005708,2026-08-08,email_open
535,evt_00005723,2026-04-03,email_open
535,evt_00005711,2026-04-04,website_visit
535,evt_00005722,2026-04-08,email_open
535,evt_00005715,2026-04-09,email_click
535,evt_00005721,2026-04-15,website_visit
535,evt_00005719,2026-04-24,website_visit
535,evt_00005717,2026-05-12,website_visit
535,evt_00005710,2026-05-30,demo_request
535,evt_00005713,2026-06-12,website_visit
535,evt_00005716,2026-06-15,website_visit
535,evt_00005712,2026-06-20,email_click
535,evt_00005709,2026-07-01,email_open
535,evt_00005720,2026-07-21,form_fill
535,evt_00005714,2026-08-04,demo_request
535,evt_00005718,2026-08-06,email_open
536,evt_00005731,2026-03-23,form_fill
536,evt_00005727,2026-04-13,form_fill
536,evt_00005726,2026-04-16,email_open
536,evt_00005724,2026-04-28,email_open
536,evt_00005728,2026-05-12,email_click
536,evt_00005730,2026-06-02,email_click
536,evt_00005725,2026-07-01,email_open
536,evt_00005729,2026-07-29,email_open
537,evt_00005738,2026-06-02,email_open
537,evt_00005739,2026-06-07,email_open
537,evt_00005734,2026-06-16,email_open
537,evt_00005732,2026-06-19,website_visit
537,evt_00005737,2026-06-19,email_click
537,evt_00005740,2026-06-20,email_open
537,evt_00005743,2026-07-02,email_open
537,evt_00005735,2026-07-05,demo_request
537,evt_00005736,2026-07-10,email_click
537,evt_00005741,2026-07-18,email_open
537,evt_00005733,2026-08-03,email_open
537,evt_00005742,2026-08-08,email_open
538,evt_00005747,2026-03-15,email_open
538,evt_00005752,2026-03-16,email_open
538,evt_00005744,2026-03-24,email_open
538,evt_00005746,2026-04-29,email_open
538,evt_00005751,2026-05-03,website_visit
538,evt_00005750,2026-05-26,email_open
538,evt_00005753,2026-05-29,form_fill
538,evt_00005749,2026-06-08,email_open
538,evt_00005745,2026-06-18,email_open
538,evt_00005748,2026-07-19,email_open
539,evt_00005762,2026-08-05,email_open
539,evt_00005766,2026-08-05,website_visit
539,evt_00005755,2026-08-06,email_click
539,evt_00005761,2026-08-06,website_visit
539,evt_00005764,2026-08-06,email_open
539,evt_00005765,2026-08-06,website_visit
539,evt_00005768,2026-08-06,email_open
539,evt_00005756,2026-08-07,email_open
539,evt_00005757,2026-08-07,email_open
539,evt_00005758,2026-08-07,website_visit
539,evt_00005759,2026-08-07,website_visit
539,evt_00005770,2026-08-07,email_click
539,evt_00005754,2026-08-08,email_click
539,evt_00005760,2026-08-08,demo_request
539,evt_00005763,2026-08-08,email_click
539,evt_00005767,2026-08-08,email_click
539,evt_00005769,2026-08-08,email_click
540,evt_00005807,2026-05-22,email_open
540,evt_00005810,2026-05-22,email_open
540,evt_00005819,2026-05-22,demo_request
540,evt_00005822,2026-05-27,website_visit
540,evt_00005783,2026-05-28,website_visit
540,evt_00005821,2026-05-29,website_visit
540,evt_00005805,2026-05-30,email_click
540,evt_00005798,2026-06-01,email_click
540,evt_00005775,2026-06-02,email_open
540,evt_00005778,2026-06-04,email_open
540,evt_00005779,2026-06-06,email_open
540,evt_00005809,2026-06-07,email_open
540,evt_00005789,2026-06-09,email_open
540,evt_00005797,2026-06-09,email_open
540,evt_00005802,2026-06-09,email_click
540,evt_00005818,2026-06-10,website_visit
540,evt_00005781,2026-06-12,email_open
540,evt_00005801,2026-06-12,email_click
540,evt_00005791,2026-06-14,email_open
540,evt_00005806,2026-06-14,website_visit
540,evt_00005811,2026-06-18,email_click
540,evt_00005784,2026-06-19,email_open
540,evt_00005804,2026-06-20,email_open
540,evt_00005790,2026-06-24,website_visit
540,evt_00005793,2026-06-30,demo_request
540,evt_00005795,2026-06-30,website_visit
540,evt_00005780,2026-07-01,email_open
540,evt_00005788,2026-07-01,website_visit
540,evt_00005773,2026-07-03,email_click
540,evt_00005808,2026-07-04,email_click
540,evt_00005772,2026-07-05,email_click
540,evt_00005792,2026-07-07,email_open
540,evt_00005799,2026-07-07,email_open
540,evt_00005782,2026-07-12,email_click
540,evt_00005771,2026-07-15,email_open
540,evt_00005796,2026-07-15,email_click
540,evt_00005814,2026-07-15,website_visit
540,evt_00005794,2026-07-17,email_open
540,evt_00005803,2026-07-21,email_open
540,evt_00005777,2026-07-22,email_open
540,evt_00005815,2026-07-23,email_click
540,evt_00005787,2026-07-25,email_click
540,evt_00005800,2026-07-28,email_open
540,evt_00005776,2026-07-29,form_fill
540,evt_00005817,2026-07-29,website_visit
540,evt_00005774,2026-07-31,email_open
540,evt_00005785,2026-08-01,email_open
540,evt_00005820,2026-08-01,email_open
540,evt_00005813,2026-08-03,website_visit
540,evt_00005786,2026-08-05,email_open
540,evt_00005812,2026-08-05,email_open
540,evt_00005816,2026-08-06,email_click
541,evt_00005824,2026-08-03,website_visit
541,evt_00005823,2026-08-04,email_click
541,evt_00005828,2026-08-04,website_visit
541,evt_00005829,2026-08-04,email_click
541,evt_00005831,2026-08-04,email_open
541,evt_00005826,2026-08-05,email_open
541,evt_00005825,2026-08-06,website_visit
541,evt_00005830,2026-08-06,email_click
541,evt_00005827,2026-08-07,email_open
542,evt_00005834,2026-04-19,form_fill
542,evt_00005837,2026-05-17,form_fill
542,evt_00005835,2026-05-22,email_open
542,evt_00005836,2026-05-26,website_visit
542,evt_00005832,2026-06-06,email_click
542,evt_00005833,2026-06-29,website_visit
543,evt_00005841,2026-04-19,form_fill
543,evt_00005842,2026-05-24,website_visit
543,evt_00005838,2026-06-12,email_click
543,evt_00005840,2026-07-27,website_visit
543,evt_00005839,2026-08-07,form_fill
544,evt_00005849,2026-06-25,email_open
544,evt_00005853,2026-06-25,website_visit
544,evt_00005848,2026-06-27,email_click
544,evt_00005846,2026-06-29,demo_request
544,evt_00005845,2026-07-11,website_visit
544,evt_00005843,2026-07-12,email_open
544,evt_00005852,2026-07-14,demo_request
544,evt_00005851,2026-07-15,email_click
544,evt_00005844,2026-07-25,email_open
544,evt_00005847,2026-07-28,email_click
544,evt_00005850,2026-08-06,website_visit
545,evt_00005866,2026-06-26,form_fill
545,evt_00005862,2026-07-09,email_open
545,evt_00005855,2026-07-11,website_visit
545,evt_00005856,2026-07-12,email_open
545,evt_00005860,2026-07-16,email_open
545,evt_00005861,2026-07-24,email_open
545,evt_00005863,2026-07-28,website_visit
545,evt_00005867,2026-07-28,form_fill
545,evt_00005868,2026-07-30,website_visit
545,evt_00005857,2026-08-01,email_open
545,evt_00005854,2026-08-02,email_click
545,evt_00005864,2026-08-02,email_open
545,evt_00005859,2026-08-03,website_visit
545,evt_00005858,2026-08-04,website_visit
545,evt_00005865,2026-08-06,email_open
546,evt_00005869,2026-06-01,website_visit
546,evt_00005870,2026-06-13,website_visit
547,evt_00005884,2026-03-27,email_open
547,evt_00005881,2026-04-01,demo_request
547,evt_00005873,2026-04-16,website_visit
547,evt_00005883,2026-04-23,website_visit
547,evt_00005887,2026-04-26,email_open
547,evt_00005878,2026-05-06,website_visit
547,evt_00005874,2026-05-26,email_open
547,evt_00005880,2026-05-28,email_open
547,evt_00005885,2026-06-08,email_open
547,evt_00005877,2026-06-14,email_open
547,evt_00005882,2026-06-20,website_visit
547,evt_00005879,2026-06-28,demo_request
547,evt_00005886,2026-07-03,email_open
547,evt_00005871,2026-07-12,email_open
547,evt_00005872,2026-07-24,email_open
547,evt_00005875,2026-08-01,demo_request
547,evt_00005876,2026-08-02,form_fill
548,evt_00005888,2026-08-06,website_visit
548,evt_00005889,2026-08-06,website_visit
549,evt_00005892,2026-07-21,website_visit
549,evt_00005899,2026-07-26,email_click
549,evt_00005902,2026-07-26,website_visit
549,evt_00005893,2026-07-27,website_visit
549,evt_00005898,2026-07-27,website_visit
549,evt_00005895,2026-07-29,email_click
549,evt_00005896,2026-08-02,website_visit
549,evt_00005891,2026-08-03,website_visit
549,evt_00005900,2026-08-03,website_visit
549,evt_00005901,2026-08-03,website_visit
549,evt_00005894,2026-08-06,email_open
549,evt_00005890,2026-08-07,email_click
549,evt_00005897,2026-08-07,email_open
550,evt_00005906,2026-05-13,email_open
550,evt_00005903,2026-06-03,email_click
550,evt_00005904,2026-06-05,email_open
550,evt_00005905,2026-06-06,email_open
550,evt_00005907,2026-06-25,website_visit
551,evt_00005911,2026-08-03,email_open
551,evt_00005909,2026-08-04,email_open
551,evt_00005910,2026-08-05,email_open
551,evt_00005908,2026-08-07,email_click
552,evt_00005920,2026-05-19,form_fill
552,evt_00005912,2026-05-28,email_click
552,evt_00005913,2026-06-03,email_click
552,evt_00005916,2026-06-03,website_visit
552,evt_00005919,2026-06-13,email_open
552,evt_00005921,2026-06-16,demo_request
552,evt_00005915,2026-06-29,email_open
552,evt_00005917,2026-07-15,email_open
552,evt_00005918,2026-07-31,email_click
552,evt_00005914,2026-08-01,email_click
553,evt_00005924,2026-04-28,email_open
553,evt_00005923,2026-04-29,email_click
553,evt_00005922,2026-05-03,website_visit
553,evt_00005928,2026-05-08,email_click
553,evt_00005925,2026-05-17,email_click
553,evt_00005926,2026-05-29,email_click
553,evt_00005929,2026-07-26,email_open
553,evt_00005927,2026-07-31,email_open
554,evt_00005939,2026-05-20,email_open
554,evt_00005940,2026-05-21,form_fill
554,evt_00005934,2026-06-18,website_visit
554,evt_00005938,2026-06-19,website_visit
554,evt_00005930,2026-06-29,demo_request
554,evt_00005937,2026-07-08,form_fill
554,evt_00005932,2026-07-10,email_click
554,evt_00005936,2026-07-16,email_open
554,evt_00005931,2026-07-18,email_open
554,evt_00005935,2026-07-19,email_click
554,evt_00005941,2026-07-30,email_open
554,evt_00005933,2026-08-01,email_open
555,evt_00005944,2026-07-19,website_visit
555,evt_00005946,2026-07-27,email_click
555,evt_00005947,2026-07-28,email_open
555,evt_00005942,2026-07-29,email_click
555,evt_00005943,2026-08-02,email_click
555,evt_00005945,2026-08-04,email_open
556,evt_00005948,2026-05-10,website_visit
556,evt_00005949,2026-05-17,email_open
556,evt_00005953,2026-05-25,email_open
556,evt_00005954,2026-06-02,form_fill
556,evt_00005951,2026-06-21,website_visit
556,evt_00005955,2026-06-27,email_click
556,evt_00005950,2026-07-19,website_visit
556,evt_00005952,2026-07-30,website_visit
557,evt_00005958,2026-03-19,website_visit
557,evt_00005957,2026-04-22,email_open
557,evt_00005960,2026-04-29,email_open
557,evt_00005956,2026-06-09,email_open
557,evt_00005959,2026-06-15,website_visit
558,evt_00005970,2026-07-31,email_open
558,evt_00005975,2026-07-31,email_open
558,evt_00005991,2026-07-31,website_visit
558,evt_00005964,2026-08-01,website_visit
558,evt_00005966,2026-08-01,email_open
558,evt_00005965,2026-08-02,email_open
558,evt_00005972,2026-08-02,email_open
558,evt_00005983,2026-08-02,email_click
558,evt_00005987,2026-08-02,website_visit
558,evt_00005969,2026-08-03,email_open
558,evt_00005982,2026-08-03,website_visit
558,evt_00005985,2026-08-03,email_open
558,evt_00005996,2026-08-03,email_open
558,evt_00005976,2026-08-04,website_visit
558,evt_00005963,2026-08-05,form_fill
558,evt_00005967,2026-08-05,form_fill
558,evt_00005968,2026-08-05,email_click
558,evt_00005974,2026-08-05,email_open
558,evt_00005984,2026-08-05,email_open
558,evt_00005962,2026-08-06,email_open
558,evt_00005973,2026-08-06,email_click
558,evt_00005978,2026-08-06,email_open
558,evt_00005981,2026-08-06,email_open
558,evt_00005986,2026-08-06,email_click
558,evt_00005989,2026-08-06,email_click
558,evt_00005994,2026-08-06,email_open
558,evt_00005995,2026-08-06,email_click
558,evt_00005961,2026-08-07,email_open
558,evt_00005979,2026-08-07,form_fill
558,evt_00005988,2026-08-07,email_click
558,evt_00005993,2026-08-07,website_visit
558,evt_00005971,2026-08-08,website_visit
558,evt_00005977,2026-08-08,email_open
558,evt_00005980,2026-08-08,email_open
558,evt_00005990,2026-08-08,website_visit
558,evt_00005992,2026-08-08,email_open
559,evt_00005997,2026-08-03,email_open
559,evt_00006003,2026-08-03,email_open
559,evt_00006004,2026-08-03,email_open
559,evt_00006000,2026-08-04,email_click
559,evt_00006013,2026-08-04,website_visit
559,evt_00006018,2026-08-04,email_click
559,evt_00005998,2026-08-05,email_open
559,evt_00006002,2026-08-05,website_visit
559,evt_00006006,2026-08-05,email_click
559,evt_00006009,2026-08-05,email_open
559,evt_00006011,2026-08-05,email_open
559,evt_00006016,2026-08-05,email_click
559,evt_00006005,2026-08-06,form_fill
559,evt_00006007,2026-08-06,email_open
559,evt_00006008,2026-08-06,form_fill
559,evt_00006019,2026-08-06,website_visit
559,evt_00006010,2026-08-07,demo_request
559,evt_00006012,2026-08-07,email_open
559,evt_00006017,2026-08-07,email_click
559,evt_00005999,2026-08-08,email_open
559,evt_00006001,2026-08-08,email_open
559,evt_00006014,2026-08-08,email_click
559,evt_00006015,2026-08-08,email_open
560,evt_00006020,2026-04-22,email_open
560,evt_00006021,2026-05-08,email_open
560,evt_00006022,2026-05-10,website_visit
560,evt_00006024,2026-05-10,email_click
560,evt_00006025,2026-06-05,email_open
560,evt_00006023,2026-07-27,email_open
561,evt_00006026,2026-05-03,form_fill
561,evt_00006027,2026-05-04,email_open
561,evt_00006029,2026-05-06,form_fill
561,evt_00006032,2026-05-10,website_visit
561,evt_00006031,2026-05-18,website_visit
561,evt_00006030,2026-06-07,email_click
561,evt_00006034,2026-07-24,form_fill
561,evt_00006033,2026-07-30,form_fill
561,evt_00006028,2026-08-01,email_open
562,evt_00006036,2026-03-11,email_click
562,evt_00006037,2026-05-06,email_click
562,evt_00006038,2026-05-07,email_open
562,evt_00006041,2026-06-05,email_open
562,evt_00006039,2026-06-16,email_open
562,evt_00006040,2026-06-19,email_open
562,evt_00006035,2026-08-04,email_open
563,evt_00006042,2026-07-29,email_open
563,evt_00006043,2026-08-02,website_visit
564,evt_00006044,2026-07-02,email_open
564,evt_00006045,2026-08-08,website_visit
565,evt_00006046,2026-07-25,email_click
566,evt_00006047,2026-08-04,website_visit
567,evt_00006052,2026-07-22,email_open
567,evt_00006061,2026-07-23,email_open
567,evt_00006062,2026-07-24,email_click
567,evt_00006049,2026-07-25,website_visit
567,evt_00006063,2026-07-25,website_visit
567,evt_00006058,2026-07-29,email_open
567,evt_00006054,2026-07-30,website_visit
567,evt_00006059,2026-07-30,website_visit
567,evt_00006051,2026-07-31,email_open
567,evt_00006053,2026-07-31,email_open
567,evt_00006060,2026-07-31,email_open
567,evt_00006055,2026-08-01,email_click
567,evt_00006065,2026-08-01,email_open
567,evt_00006056,2026-08-04,website_visit
567,evt_00006057,2026-08-04,form_fill
567,evt_00006048,2026-08-06,website_visit
567,evt_00006050,2026-08-06,email_open
567,evt_00006066,2026-08-07,website_visit
567,evt_00006064,2026-08-08,email_click
568,evt_00006067,2026-04-22,email_open
568,evt_00006068,2026-05-25,website_visit
569,evt_00006074,2026-07-09,website_visit
569,evt_00006076,2026-07-09,email_click
569,evt_00006070,2026-07-15,email_open
569,evt_00006073,2026-07-30,website_visit
569,evt_00006069,2026-07-31,website_visit
569,evt_00006071,2026-08-01,email_open
569,evt_00006075,2026-08-04,email_open
569,evt_00006072,2026-08-08,email_open
569,evt_00006077,2026-08-08,email_open
570,evt_00006089,2026-03-04,form_fill
570,evt_00006086,2026-03-09,email_open
570,evt_00006080,2026-04-07,email_open
570,evt_00006078,2026-05-08,email_open
570,evt_00006081,2026-05-15,email_open
570,evt_00006088,2026-05-25,email_open
570,evt_00006091,2026-05-25,demo_request
570,evt_00006090,2026-05-31,email_open
570,evt_00006083,2026-06-01,email_click
570,evt_00006085,2026-06-05,email_open
570,evt_00006087,2026-06-21,email_open
570,evt_00006082,2026-07-04,form_fill
570,evt_00006079,2026-07-18,email_click
570,evt_00006084,2026-07-30,website_visit
571,evt_00006093,2026-08-04,email_open
571,evt_00006094,2026-08-04,email_open
571,evt_00006092,2026-08-06,email_open
571,evt_00006095,2026-08-06,website_visit
572,evt_00006097,2026-05-01,demo_request
572,evt_00006099,2026-05-03,email_click
572,evt_00006096,2026-05-14,form_fill
572,evt_00006105,2026-05-14,email_click
572,evt_00006106,2026-05-22,email_click
572,evt_00006104,2026-05-24,email_open
572,evt_00006100,2026-07-06,email_open
572,evt_00006098,2026-07-18,website_visit
572,evt_00006103,2026-08-03,email_open
572,evt_00006101,2026-08-04,email_open
572,evt_00006102,2026-08-07,demo_request
573,evt_00006114,2026-04-18,email_open
573,evt_00006110,2026-04-24,email_click
573,evt_00006122,2026-05-11,email_open
573,evt_00006107,2026-05-18,website_visit
573,evt_00006108,2026-05-18,email_open
573,evt_00006111,2026-06-03,form_fill
573,evt_00006117,2026-06-11,website_visit
573,evt_00006123,2026-06-12,website_visit
573,evt_00006112,2026-06-22,demo_request
573,evt_00006116,2026-06-22,email_open
573,evt_00006115,2026-06-27,email_open
573,evt_00006109,2026-07-07,email_open
573,evt_00006113,2026-07-12,form_fill
573,evt_00006119,2026-07-24,email_click
573,evt_00006121,2026-07-26,website_visit
573,evt_00006118,2026-07-28,website_visit
573,evt_00006120,2026-08-04,form_fill
574,evt_00006125,2026-08-05,email_click
574,evt_00006127,2026-08-05,demo_request
574,evt_00006128,2026-08-05,website_visit
574,evt_00006124,2026-08-06,email_click
574,evt_00006126,2026-08-08,website_visit
575,evt_00006129,2026-07-06,email_click
575,evt_00006130,2026-07-20,email_open
575,evt_00006132,2026-07-21,website_visit
575,evt_00006131,2026-08-04,email_click
576,evt_00006140,2026-07-26,website_visit
576,evt_00006137,2026-07-28,website_visit
576,evt_00006139,2026-07-29,email_click
576,evt_00006134,2026-07-30,email_open
576,evt_00006135,2026-08-02,email_open
576,evt_00006138,2026-08-02,email_open
576,evt_00006136,2026-08-04,email_click
576,evt_00006133,2026-08-08,demo_request
577,evt_00006158,2026-05-04,form_fill
577,evt_00006150,2026-05-09,website_visit
577,evt_00006180,2026-05-09,website_visit
577,evt_00006165,2026-05-11,email_click
577,evt_00006167,2026-05-12,email_click
577,evt_00006161,2026-05-13,email_open
577,evt_00006179,2026-05-15,email_open
577,evt_00006149,2026-05-16,email_click
577,evt_00006172,2026-05-18,email_open
577,evt_00006154,2026-05-24,website_visit
577,evt_00006186,2026-05-24,website_visit
577,evt_00006171,2026-05-28,website_visit
577,evt_00006163,2026-05-29,email_click
577,evt_00006189,2026-05-31,email_open
577,evt_00006184,2026-06-07,website_visit
577,evt_00006162,2026-06-10,email_open
577,evt_00006146,2026-06-11,form_fill
577,evt_00006157,2026-06-11,email_click
577,evt_00006142,2026-06-12,email_click
577,evt_00006183,2026-06-16,email_open
577,evt_00006169,2026-06-18,website_visit
577,evt_00006141,2026-06-19,email_open
577,evt_00006187,2026-06-20,form_fill
577,evt_00006144,2026-06-24,email_click
577,evt_00006160,2026-06-27,email_open
577,evt_00006185,2026-06-28,email_click
577,evt_00006168,2026-06-29,email_open
577,evt_00006192,2026-07-01,email_open
577,evt_00006159,2026-07-02,email_click
577,evt_00006181,2026-07-04,email_open
577,evt_00006155,2026-07-07,email_open
577,evt_00006166,2026-07-08,form_fill
577,evt_00006143,2026-07-09,email_open
577,evt_00006147,2026-07-09,email_open
577,evt_00006173,2026-07-09,email_click
577,evt_00006153,2026-07-10,email_open
577,evt_00006175,2026-07-11,email_click
577,evt_00006174,2026-07-12,email_open
577,evt_00006188,2026-07-13,website_visit
577,evt_00006152,2026-07-14,email_open
577,evt_00006170,2026-07-14,email_open
577,evt_00006178,2026-07-14,website_visit
577,evt_00006176,2026-07-16,email_open
577,evt_00006182,2026-07-19,website_visit
577,evt_00006148,2026-07-22,form_fill
577,evt_00006145,2026-07-25,website_visit
577,evt_00006151,2026-07-26,form_fill
577,evt_00006190,2026-07-26,form_fill
577,evt_00006191,2026-07-28,email_open
577,evt_00006156,2026-07-31,website_visit
577,evt_00006177,2026-08-03,email_click
577,evt_00006164,2026-08-07,website_visit
578,evt_00006193,2026-08-05,email_open
579,evt_00006195,2026-04-17,email_open
579,evt_00006201,2026-04-25,form_fill
579,evt_00006200,2026-05-11,website_visit
579,evt_00006206,2026-05-27,email_open
579,evt_00006203,2026-06-07,email_click
579,evt_00006197,2026-06-29,email_open
579,evt_00006194,2026-07-02,email_click
579,evt_00006204,2026-07-02,email_click
579,evt_00006198,2026-07-10,email_open
579,evt_00006205,2026-07-14,email_open
579,evt_00006199,2026-07-16,email_open
579,evt_00006202,2026-07-17,email_open
579,evt_00006196,2026-07-30,email_open
580,evt_00006224,2026-05-24,email_click
580,evt_00006229,2026-05-26,email_open
580,evt_00006220,2026-05-28,email_open
580,evt_00006221,2026-05-29,website_visit
580,evt_00006219,2026-06-05,email_open
580,evt_00006218,2026-06-11,website_visit
580,evt_00006212,2026-06-12,email_open
580,evt_00006213,2026-06-16,email_click
580,evt_00006225,2026-06-20,email_open
580,evt_00006208,2026-06-28,email_open
580,evt_00006217,2026-06-28,form_fill
580,evt_00006216,2026-07-06,email_open
580,evt_00006233,2026-07-07,website_visit
580,evt_00006210,2026-07-08,email_open
580,evt_00006211,2026-07-11,website_visit
580,evt_00006231,2026-07-12,email_click
580,evt_00006214,2026-07-18,email_click
580,evt_00006207,2026-07-23,email_click
580,evt_00006215,2026-07-23,email_open
580,evt_00006227,2026-07-24,website_visit
580,evt_00006223,2026-07-26,email_open
580,evt_00006228,2026-07-27,email_open
580,evt_00006232,2026-07-29,email_open
580,evt_00006230,2026-07-31,email_open
580,evt_00006226,2026-08-01,email_click
580,evt_00006222,2026-08-04,email_click
580,evt_00006209,2026-08-08,website_visit
581,evt_00006239,2026-05-26,email_click
581,evt_00006237,2026-06-02,email_open
581,evt_00006245,2026-06-04,email_click
581,evt_00006234,2026-06-07,email_open
581,evt_00006238,2026-06-20,email_open
581,evt_00006235,2026-07-06,email_open
581,evt_00006242,2026-07-06,website_visit
581,evt_00006243,2026-07-06,email_click
581,evt_00006241,2026-07-12,email_open
581,evt_00006236,2026-07-20,email_open
581,evt_00006244,2026-07-20,email_open
581,evt_00006240,2026-07-30,website_visit
582,evt_00006246,2026-06-04,email_click
582,evt_00006247,2026-07-17,email_open
583,evt_00006249,2026-05-24,website_visit
583,evt_00006252,2026-05-25,website_visit
583,evt_00006261,2026-05-27,email_click
583,evt_00006250,2026-06-01,email_open
583,evt_00006251,2026-06-01,website_visit
583,evt_00006257,2026-06-06,website_visit
583,evt_00006248,2026-06-13,website_visit
583,evt_00006258,2026-06-23,email_open
583,evt_00006263,2026-06-24,email_open
583,evt_00006255,2026-06-28,demo_request
583,evt_00006253,2026-07-06,website_visit
583,evt_00006254,2026-07-06,website_visit
583,evt_00006256,2026-07-12,email_open
583,evt_00006259,2026-07-30,email_open
583,evt_00006260,2026-07-30,email_open
583,evt_00006262,2026-08-07,website_visit
584,evt_00006273,2026-04-08,email_open
584,evt_00006264,2026-04-18,email_open
584,evt_00006274,2026-04-19,website_visit
584,evt_00006265,2026-04-23,email_open
584,evt_00006268,2026-05-03,website_visit
584,evt_00006269,2026-05-27,email_open
584,evt_00006266,2026-06-21,email_open
584,evt_00006275,2026-07-10,email_open
584,evt_00006272,2026-07-11,email_open
584,evt_00006276,2026-07-16,email_open
584,evt_00006270,2026-07-17,email_open
584,evt_00006271,2026-07-25,email_click
584,evt_00006267,2026-08-01,email_open
585,evt_00006288,2026-05-02,email_open
585,evt_00006277,2026-05-06,email_click
585,evt_00006291,2026-05-14,email_open
585,evt_00006280,2026-05-15,email_click
585,evt_00006286,2026-05-15,email_open
585,evt_00006282,2026-05-23,email_open
585,evt_00006289,2026-05-30,website_visit
585,evt_00006284,2026-06-12,email_open
585,evt_00006285,2026-06-16,website_visit
585,evt_00006292,2026-07-05,website_visit
585,evt_00006278,2026-07-14,email_open
585,evt_00006287,2026-07-14,website_visit
585,evt_00006279,2026-07-17,email_open
585,evt_00006283,2026-07-18,email_open
585,evt_00006290,2026-07-26,email_open
585,evt_00006281,2026-07-31,email_click
586,evt_00006299,2026-03-08,website_visit
586,evt_00006293,2026-03-28,email_click
586,evt_00006300,2026-04-18,email_click
586,evt_00006304,2026-04-19,website_visit
586,evt_00006295,2026-05-07,email_open
586,evt_00006303,2026-05-19,email_open
586,evt_00006301,2026-06-11,website_visit
586,evt_00006296,2026-06-22,form_fill
586,evt_00006297,2026-07-06,email_click
586,evt_00006298,2026-07-16,website_visit
586,evt_00006294,2026-07-21,email_click
586,evt_00006302,2026-07-24,email_open
587,evt_00006311,2026-06-30,email_open
587,evt_00006312,2026-07-02,website_visit
587,evt_00006308,2026-07-05,email_open
587,evt_00006307,2026-07-16,email_open
587,evt_00006306,2026-07-19,website_visit
587,evt_00006313,2026-07-29,email_open
587,evt_00006310,2026-07-30,email_open
587,evt_00006314,2026-07-30,website_visit
587,evt_00006305,2026-08-02,email_open
587,evt_00006309,2026-08-06,email_open
588,evt_00006318,2026-04-19,email_open
588,evt_00006321,2026-04-20,email_open
588,evt_00006324,2026-04-24,email_open
588,evt_00006320,2026-05-31,website_visit
588,evt_00006323,2026-06-03,website_visit
588,evt_00006322,2026-06-12,email_click
588,evt_00006317,2026-07-06,website_visit
588,evt_00006319,2026-07-16,website_visit
588,evt_00006316,2026-07-21,email_open
588,evt_00006315,2026-07-24,email_open
588,evt_00006325,2026-08-03,email_click
589,evt_00006331,2026-05-18,email_open
589,evt_00006328,2026-05-31,email_click
589,evt_00006330,2026-06-23,website_visit
589,evt_00006327,2026-06-30,email_open
589,evt_00006329,2026-07-09,website_visit
589,evt_00006326,2026-07-12,demo_request
590,evt_00006333,2026-03-23,email_open
590,evt_00006337,2026-03-24,email_click
590,evt_00006336,2026-04-01,website_visit
590,evt_00006334,2026-05-23,email_open
590,evt_00006332,2026-05-28,website_visit
590,evt_00006339,2026-06-14,email_click
590,evt_00006335,2026-07-08,email_click
590,evt_00006340,2026-07-11,email_open
590,evt_00006338,2026-08-01,website_visit
591,evt_00006345,2026-06-28,email_click
591,evt_00006346,2026-06-28,email_open
591,evt_00006344,2026-07-01,email_open
591,evt_00006341,2026-07-07,email_click
591,evt_00006348,2026-07-11,email_click
591,evt_00006342,2026-07-24,email_open
591,evt_00006347,2026-07-28,email_click
591,evt_00006349,2026-07-30,email_open
591,evt_00006343,2026-08-04,email_open
592,evt_00006357,2026-05-23,email_open
592,evt_00006361,2026-05-24,demo_request
592,evt_00006355,2026-05-30,email_open
592,evt_00006352,2026-06-01,website_visit
592,evt_00006356,2026-06-19,email_open
592,evt_00006359,2026-06-23,email_open
592,evt_00006354,2026-06-30,form_fill
592,evt_00006353,2026-07-05,email_open
592,evt_00006351,2026-07-12,email_open
592,evt_00006350,2026-07-21,email_click
592,evt_00006363,2026-07-21,email_click
592,evt_00006364,2026-07-21,email_open
592,evt_00006362,2026-07-25,email_open
592,evt_00006358,2026-08-04,form_fill
592,evt_00006360,2026-08-04,email_open
593,evt_00006370,2026-04-12,email_click
593,evt_00006369,2026-04-22,email_open
593,evt_00006365,2026-05-06,website_visit
593,evt_00006366,2026-05-24,email_open
593,evt_00006367,2026-07-17,email_open
593,evt_00006368,2026-07-31,website_visit
594,evt_00006376,2026-07-05,email_open
594,evt_00006378,2026-07-05,email_open
594,evt_00006375,2026-07-06,form_fill
594,evt_00006371,2026-07-12,email_open
594,evt_00006377,2026-07-12,email_click
594,evt_00006372,2026-07-14,email_open
594,evt_00006373,2026-07-21,email_open
594,evt_00006374,2026-07-24,website_visit
594,evt_00006379,2026-07-27,email_click
594,evt_00006380,2026-07-31,email_open
595,evt_00006384,2026-07-08,email_click
595,evt_00006388,2026-07-08,website_visit
595,evt_00006382,2026-07-10,email_open
595,evt_00006385,2026-07-14,email_open
595,evt_00006383,2026-07-20,website_visit
595,evt_00006386,2026-07-25,email_open
595,evt_00006387,2026-07-25,email_open
595,evt_00006381,2026-07-26,email_click
596,evt_00006402,2026-05-21,email_open
596,evt_00006390,2026-05-25,website_visit
596,evt_00006401,2026-05-25,email_open
596,evt_00006392,2026-05-26,email_open
596,evt_00006394,2026-05-28,email_open
596,evt_00006393,2026-05-29,website_visit
596,evt_00006398,2026-06-04,email_open
596,evt_00006395,2026-06-05,email_open
596,evt_00006396,2026-06-08,form_fill
596,evt_00006400,2026-06-13,email_open
596,evt_00006399,2026-06-20,email_open
596,evt_00006397,2026-07-01,email_click
596,evt_00006391,2026-07-10,email_open
596,evt_00006389,2026-07-22,website_visit
597,evt_00006406,2026-07-23,form_fill
597,evt_00006411,2026-07-25,website_visit
597,evt_00006408,2026-07-27,email_open
597,evt_00006410,2026-07-27,website_visit
597,evt_00006412,2026-07-28,email_open
597,evt_00006413,2026-08-02,email_click
597,evt_00006405,2026-08-04,email_open
597,evt_00006407,2026-08-04,email_open
597,evt_00006403,2026-08-06,website_visit
597,evt_00006404,2026-08-06,demo_request
597,evt_00006409,2026-08-07,email_open
598,evt_00006424,2026-06-03,email_open
598,evt_00006414,2026-06-04,email_open
598,evt_00006423,2026-06-19,website_visit
598,evt_00006421,2026-06-21,website_visit
598,evt_00006427,2026-06-21,email_open
598,evt_00006422,2026-06-28,email_click
598,evt_00006415,2026-07-13,email_open
598,evt_00006418,2026-07-14,email_open
598,evt_00006417,2026-07-15,website_visit
598,evt_00006416,2026-07-16,email_open
598,evt_00006426,2026-07-20,email_click
598,evt_00006419,2026-07-24,email_click
598,evt_00006420,2026-07-30,email_open
598,evt_00006425,2026-08-03,email_open
599,evt_00006428,2026-04-02,email_click
599,evt_00006431,2026-04-26,form_fill
599,evt_00006429,2026-04-30,email_open
599,evt_00006430,2026-06-12,email_click
600,evt_00006435,2026-06-17,website_visit
600,evt_00006432,2026-06-21,email_open
600,evt_00006434,2026-07-15,website_visit
600,evt_00006433,2026-07-23,email_open
601,evt_00006442,2026-05-05,email_open
601,evt_00006437,2026-05-16,website_visit
601,evt_00006440,2026-06-11,email_open
601,evt_00006445,2026-06-17,email_open
601,evt_00006446,2026-06-17,email_open
601,evt_00006447,2026-06-21,email_open
601,evt_00006436,2026-06-27,form_fill
601,evt_00006444,2026-06-30,email_open
601,evt_00006441,2026-07-23,email_open
601,evt_00006443,2026-07-27,website_visit
601,evt_00006439,2026-08-03,email_open
601,evt_00006438,2026-08-07,email_open
602,evt_00006451,2026-04-20,website_visit
602,evt_00006454,2026-04-29,email_open
602,evt_00006450,2026-04-30,form_fill
602,evt_00006455,2026-05-02,website_visit
602,evt_00006458,2026-05-06,email_click
602,evt_00006448,2026-05-08,email_open
602,evt_00006453,2026-05-13,email_open
602,evt_00006449,2026-05-21,email_open
602,evt_00006456,2026-05-22,email_open
602,evt_00006457,2026-06-05,email_click
602,evt_00006452,2026-07-15,website_visit
603,evt_00006460,2026-05-08,form_fill
603,evt_00006469,2026-05-17,form_fill
603,evt_00006463,2026-05-31,email_click
603,evt_00006464,2026-06-05,email_click
603,evt_00006466,2026-06-22,email_open
603,evt_00006467,2026-07-03,website_visit
603,evt_00006468,2026-07-04,email_open
603,evt_00006461,2026-07-08,email_open
603,evt_00006459,2026-07-10,email_open
603,evt_00006462,2026-07-31,form_fill
603,evt_00006465,2026-07-31,email_open
604,evt_00006472,2026-05-21,email_open
604,evt_00006471,2026-05-22,email_open
604,evt_00006473,2026-06-28,email_open
604,evt_00006470,2026-07-10,website_visit
605,evt_00006475,2026-05-25,email_open
605,evt_00006477,2026-05-25,email_click
605,evt_00006478,2026-06-04,email_open
605,evt_00006476,2026-06-10,website_visit
605,evt_00006474,2026-08-06,email_click
606,evt_00006483,2026-07-21,email_open
606,evt_00006479,2026-07-23,website_visit
606,evt_00006480,2026-07-26,email_open
606,evt_00006488,2026-07-27,email_open
606,evt_00006485,2026-07-28,website_visit
606,evt_00006487,2026-07-31,email_open
606,evt_00006482,2026-08-01,form_fill
606,evt_00006481,2026-08-06,email_open
606,evt_00006489,2026-08-06,email_click
606,evt_00006486,2026-08-07,website_visit
606,evt_00006484,2026-08-08,email_open
607,evt_00006490,2026-04-11,email_open
607,evt_00006491,2026-04-15,email_click
607,evt_00006492,2026-05-10,website_visit
607,evt_00006493,2026-05-27,website_visit
608,evt_00006494,2026-03-17,email_open
608,evt_00006498,2026-04-07,email_click
608,evt_00006497,2026-06-09,email_click
608,evt_00006495,2026-07-16,email_click
608,evt_00006496,2026-07-29,email_open
609,evt_00006500,2026-08-03,email_click
609,evt_00006502,2026-08-04,email_open
609,evt_00006499,2026-08-05,website_visit
609,evt_00006501,2026-08-07,email_open
610,evt_00006506,2026-06-17,form_fill
610,evt_00006511,2026-06-18,email_click
610,evt_00006513,2026-07-01,email_open
610,evt_00006512,2026-07-02,email_open
610,evt_00006504,2026-07-06,email_open
610,evt_00006509,2026-07-10,email_open
610,evt_00006507,2026-07-15,email_open
610,evt_00006505,2026-07-16,email_open
610,evt_00006508,2026-07-22,email_click
610,evt_00006503,2026-07-26,website_visit
610,evt_00006510,2026-08-08,email_open
611,evt_00006514,2026-06-02,website_visit
611,evt_00006519,2026-06-04,email_open
611,evt_00006516,2026-06-22,email_click
611,evt_00006525,2026-06-30,email_open
611,evt_00006517,2026-07-04,email_click
611,evt_00006515,2026-07-08,email_open
611,evt_00006520,2026-07-09,website_visit
611,evt_00006521,2026-07-17,email_open
611,evt_00006523,2026-07-18,email_open
611,evt_00006518,2026-07-25,email_open
611,evt_00006522,2026-07-27,email_open
611,evt_00006524,2026-07-30,email_click
611,evt_00006526,2026-08-05,email_click
612,evt_00006527,2026-05-29,email_open
612,evt_00006529,2026-06-26,email_open
612,evt_00006531,2026-07-03,email_click
612,evt_00006530,2026-07-12,email_open
612,evt_00006528,2026-07-28,email_open
613,evt_00006535,2026-04-09,website_visit
613,evt_00006533,2026-04-13,email_open
613,evt_00006532,2026-04-25,email_open
613,evt_00006534,2026-05-28,email_open
613,evt_00006537,2026-06-09,website_visit
613,evt_00006538,2026-06-15,email_click
613,evt_00006536,2026-07-13,email_open
614,evt_00006545,2026-07-16,email_open
614,evt_00006546,2026-07-17,website_visit
614,evt_00006539,2026-07-20,website_visit
614,evt_00006542,2026-07-21,website_visit
614,evt_00006547,2026-07-24,email_open
614,evt_00006544,2026-07-30,email_click
614,evt_00006540,2026-07-31,demo_request
614,evt_00006548,2026-08-02,website_visit
614,evt_00006543,2026-08-05,email_open
614,evt_00006541,2026-08-06,email_open
615,evt_00006555,2026-03-23,email_click
615,evt_00006549,2026-04-07,demo_request
615,evt_00006551,2026-04-12,email_open
615,evt_00006558,2026-04-22,email_open
615,evt_00006556,2026-05-15,email_open
615,evt_00006554,2026-06-08,demo_request
615,evt_00006552,2026-06-25,website_visit
615,evt_00006553,2026-07-23,website_visit
615,evt_00006550,2026-07-24,email_open
615,evt_00006557,2026-07-27,form_fill
616,evt_00006573,2026-05-29,email_click
616,evt_00006559,2026-05-31,demo_request
616,evt_00006565,2026-06-02,website_visit
616,evt_00006563,2026-06-05,email_open
616,evt_00006571,2026-06-09,form_fill
616,evt_00006574,2026-06-10,website_visit
616,evt_00006570,2026-06-21,website_visit
616,evt_00006560,2026-06-27,email_open
616,evt_00006562,2026-07-11,email_open
616,evt_00006568,2026-07-22,form_fill
616,evt_00006569,2026-07-23,email_open
616,evt_00006576,2026-07-25,email_open
616,evt_00006564,2026-07-27,email_click
616,evt_00006566,2026-07-29,email_open
616,evt_00006575,2026-08-03,website_visit
616,evt_00006567,2026-08-04,website_visit
616,evt_00006561,2026-08-06,website_visit
616,evt_00006572,2026-08-08,email_open
617,evt_00006578,2026-07-22,email_click
617,evt_00006577,2026-07-31,email_open
618,evt_00006579,2026-07-11,email_open
618,evt_00006582,2026-07-16,email_open
618,evt_00006581,2026-07-22,email_click
618,evt_00006580,2026-08-08,email_open
619,evt_00006587,2026-06-06,email_click
619,evt_00006589,2026-06-18,email_click
619,evt_00006584,2026-06-20,email_open
619,evt_00006590,2026-06-26,email_open
619,evt_00006592,2026-06-30,email_click
619,evt_00006586,2026-07-10,email_open
619,evt_00006588,2026-07-14,email_click
619,evt_00006594,2026-07-22,website_visit
619,evt_00006593,2026-07-26,website_visit
619,evt_00006583,2026-08-06,website_visit
619,evt_00006585,2026-08-08,email_click
619,evt_00006591,2026-08-08,email_open
620,evt_00006602,2026-06-14,website_visit
620,evt_00006596,2026-06-24,email_click
620,evt_00006598,2026-07-01,demo_request
620,evt_00006604,2026-07-01,email_click
620,evt_00006595,2026-07-02,email_open
620,evt_00006599,2026-07-08,email_open
620,evt_00006603,2026-07-12,website_visit
620,evt_00006601,2026-07-22,email_open
620,evt_00006597,2026-07-24,email_click
620,evt_00006600,2026-07-27,email_click
621,evt_00006606,2026-08-01,email_click
621,evt_00006607,2026-08-01,website_visit
621,evt_00006605,2026-08-08,form_fill
622,evt_00006610,2026-07-30,email_open
622,evt_00006612,2026-07-31,form_fill
622,evt_00006608,2026-08-02,demo_request
622,evt_00006611,2026-08-02,website_visit
622,evt_00006609,2026-08-04,form_fill
622,evt_00006613,2026-08-07,form_fill
623,evt_00006615,2026-08-06,email_open
623,evt_00006617,2026-08-06,form_fill
623,evt_00006614,2026-08-07,email_click
623,evt_00006616,2026-08-07,form_fill
624,evt_00006619,2026-05-21,website_visit
624,evt_00006620,2026-06-24,form_fill
624,evt_00006621,2026-07-09,email_open
624,evt_00006618,2026-07-28,website_visit
624,evt_00006622,2026-08-03,email_open
625,evt_00006624,2026-03-13,website_visit
625,evt_00006627,2026-06-03,email_open
625,evt_00006623,2026-07-05,email_open
625,evt_00006626,2026-07-22,email_open
625,evt_00006625,2026-08-01,website_visit
626,evt_00006639,2026-07-17,email_open
626,evt_00006635,2026-07-20,email_open
626,evt_00006628,2026-07-21,form_fill
626,evt_00006629,2026-07-25,email_open
626,evt_00006632,2026-07-30,website_visit
626,evt_00006636,2026-07-30,email_click
626,evt_00006631,2026-07-31,email_click
626,evt_00006634,2026-08-01,email_open
626,evt_00006630,2026-08-02,email_open
626,evt_00006637,2026-08-05,email_open
626,evt_00006633,2026-08-07,website_visit
626,evt_00006638,2026-08-07,email_open
627,evt_00006657,2026-03-17,email_click
627,evt_00006651,2026-03-28,website_visit
627,evt_00006644,2026-04-08,website_visit
627,evt_00006658,2026-04-10,email_open
627,evt_00006647,2026-04-12,email_open
627,evt_00006656,2026-04-12,email_open
627,evt_00006641,2026-04-13,email_open
627,evt_00006648,2026-04-18,website_visit
627,evt_00006643,2026-04-21,email_open
627,evt_00006654,2026-04-21,email_open
627,evt_00006650,2026-05-11,email_open
627,evt_00006645,2026-06-04,email_open
627,evt_00006646,2026-06-10,email_click
627,evt_00006653,2026-06-12,demo_request
627,evt_00006652,2026-06-15,email_click
627,evt_00006649,2026-06-27,email_click
627,evt_00006640,2026-06-30,website_visit
627,evt_00006655,2026-07-09,email_click
627,evt_00006642,2026-07-11,email_open
628,evt_00006666,2026-05-22,email_open
628,evt_00006664,2026-05-29,website_visit
628,evt_00006661,2026-06-06,email_open
628,evt_00006672,2026-06-14,website_visit
628,evt_00006670,2026-06-26,email_click
628,evt_00006669,2026-07-08,email_click
628,evt_00006674,2026-07-11,email_open
628,evt_00006673,2026-07-14,email_open
628,evt_00006662,2026-07-15,email_open
628,evt_00006667,2026-07-16,email_open
628,evt_00006659,2026-07-21,email_open
628,evt_00006663,2026-07-28,email_open
628,evt_00006665,2026-08-03,email_click
628,evt_00006671,2026-08-03,form_fill
628,evt_00006675,2026-08-03,email_open
628,evt_00006668,2026-08-06,email_open
628,evt_00006660,2026-08-07,email_open
629,evt_00006677,2026-07-09,email_open
629,evt_00006676,2026-07-27,email_click
629,evt_00006678,2026-07-27,website_visit
629,evt_00006679,2026-07-28,demo_request
629,evt_00006680,2026-08-05,email_open
630,evt_00006683,2026-08-02,email_click
630,evt_00006684,2026-08-02,form_fill
630,evt_00006682,2026-08-03,email_open
630,evt_00006686,2026-08-03,email_open
630,evt_00006681,2026-08-06,website_visit
630,evt_00006688,2026-08-06,email_open
630,evt_00006685,2026-08-07,email_click
630,evt_00006687,2026-08-07,website_visit
631,evt_00006702,2026-04-13,email_click
631,evt_00006698,2026-04-14,website_visit
631,evt_00006704,2026-04-14,demo_request
631,evt_00006692,2026-04-25,email_open
631,evt_00006697,2026-05-05,website_visit
631,evt_00006703,2026-05-15,email_open
631,evt_00006701,2026-05-17,email_open
631,evt_00006700,2026-05-20,email_click
631,evt_00006695,2026-05-22,email_open
631,evt_00006691,2026-05-31,email_open
631,evt_00006689,2026-06-02,email_open
631,evt_00006693,2026-06-29,email_click
631,evt_00006694,2026-07-19,email_open
631,evt_00006690,2026-07-20,email_open
631,evt_00006699,2026-07-23,website_visit
631,evt_00006696,2026-07-28,email_open
632,evt_00006711,2026-04-10,email_open
632,evt_00006705,2026-04-21,email_open
632,evt_00006709,2026-05-26,website_visit
632,evt_00006707,2026-06-28,form_fill
632,evt_00006706,2026-07-02,website_visit
632,evt_00006708,2026-07-20,email_click
632,evt_00006710,2026-07-30,email_open
633,evt_00006715,2026-07-04,website_visit
633,evt_00006712,2026-07-08,website_visit
633,evt_00006713,2026-07-14,email_open
633,evt_00006714,2026-07-20,email_open
634,evt_00006721,2026-02-25,email_open
634,evt_00006722,2026-03-28,email_open
634,evt_00006724,2026-04-02,email_open
634,evt_00006717,2026-04-24,email_click
634,evt_00006718,2026-04-25,email_open
634,evt_00006723,2026-06-19,email_open
634,evt_00006720,2026-06-23,email_open
634,evt_00006719,2026-07-15,demo_request
634,evt_00006716,2026-07-18,form_fill
635,evt_00006738,2026-06-06,form_fill
635,evt_00006741,2026-06-06,email_open
635,evt_00006736,2026-06-07,website_visit
635,evt_00006775,2026-06-11,website_visit
635,evt_00006777,2026-06-12,form_fill
635,evt_00006727,2026-06-14,email_open
635,evt_00006776,2026-06-14,email_click
635,evt_00006744,2026-06-15,email_open
635,evt_00006746,2026-06-15,demo_request
635,evt_00006768,2026-06-15,email_open
635,evt_00006773,2026-06-16,email_open
635,evt_00006766,2026-06-17,email_click
635,evt_00006765,2026-06-20,email_click
635,evt_00006725,2026-06-21,email_open
635,evt_00006745,2026-06-22,email_open
635,evt_00006737,2026-06-23,form_fill
635,evt_00006751,2026-06-24,email_open
635,evt_00006754,2026-06-24,email_click
635,evt_00006753,2026-06-25,website_visit
635,evt_00006748,2026-06-26,email_click
635,evt_00006728,2026-06-29,email_open
635,evt_00006770,2026-06-29,email_open
635,evt_00006733,2026-07-01,email_open
635,evt_00006763,2026-07-03,email_click
635,evt_00006759,2026-07-07,email_open
635,evt_00006760,2026-07-07,email_open
635,evt_00006755,2026-07-09,form_fill
635,evt_00006749,2026-07-11,email_open
635,evt_00006732,2026-07-12,email_open
635,evt_00006750,2026-07-13,email_open
635,evt_00006729,2026-07-14,website_visit
635,evt_00006774,2026-07-14,demo_request
635,evt_00006752,2026-07-15,email_click
635,evt_00006742,2026-07-16,email_click
635,evt_00006757,2026-07-16,email_open
635,evt_00006772,2026-07-17,website_visit
635,evt_00006778,2026-07-19,email_click
635,evt_00006761,2026-07-20,website_visit
635,evt_00006735,2026-07-23,website_visit
635,evt_00006739,2026-07-23,email_open
635,evt_00006756,2026-07-23,email_open
635,evt_00006747,2026-07-25,email_click
635,evt_00006762,2026-07-25,website_visit
635,evt_00006764,2026-07-25,email_click
635,evt_00006743,2026-07-26,form_fill
635,evt_00006767,2026-07-28,email_open
635,evt_00006726,2026-08-02,email_click
635,evt_00006730,2026-08-03,email_open
635,evt_00006734,2026-08-03,form_fill
635,evt_00006771,2026-08-03,email_open
635,evt_00006731,2026-08-04,website_visit
635,evt_00006758,2026-08-04,website_visit
635,evt_00006740,2026-08-05,email_open
635,evt_00006769,2026-08-07,website_visit
636,evt_00006780,2026-04-16,email_click
636,evt_00006781,2026-06-05,email_open
636,evt_00006779,2026-06-07,email_open
636,evt_00006785,2026-06-12,email_open
636,evt_00006783,2026-06-23,email_open
636,evt_00006782,2026-07-16,website_visit
636,evt_00006784,2026-07-25,form_fill
637,evt_00006788,2026-05-08,email_open
637,evt_00006791,2026-05-22,website_visit
637,evt_00006790,2026-07-12,email_open
637,evt_00006787,2026-07-30,website_visit
637,evt_00006786,2026-08-02,email_open
637,evt_00006789,2026-08-06,website_visit
638,evt_00006792,2026-06-12,email_click
638,evt_00006793,2026-07-11,email_open
639,evt_00006798,2026-03-30,email_click
639,evt_00006803,2026-04-10,email_click
639,evt_00006802,2026-04-18,email_click
639,evt_00006800,2026-04-22,website_visit
639,evt_00006799,2026-05-18,email_open
639,evt_00006796,2026-05-29,email_open
639,evt_00006794,2026-06-12,website_visit
639,evt_00006801,2026-06-21,email_open
639,evt_00006795,2026-07-25,form_fill
639,evt_00006797,2026-08-08,website_visit
640,evt_00006808,2026-03-01,email_open
640,evt_00006805,2026-03-16,website_visit
640,evt_00006804,2026-04-07,email_click
640,evt_00006806,2026-04-17,email_open
640,evt_00006807,2026-04-25,email_click
640,evt_00006809,2026-06-02,website_visit
640,evt_00006811,2026-07-27,email_open
640,evt_00006810,2026-08-08,email_open
641,evt_00006820,2026-06-18,email_open
641,evt_00006819,2026-06-26,email_open
641,evt_00006814,2026-07-07,email_open
641,evt_00006815,2026-07-07,email_click
641,evt_00006813,2026-07-14,email_open
641,evt_00006818,2026-07-15,website_visit
641,evt_00006817,2026-07-21,email_click
641,evt_00006812,2026-07-22,email_open
641,evt_00006816,2026-08-07,website_visit
642,evt_00006821,2026-07-17,email_open
642,evt_00006822,2026-07-30,email_click
643,evt_00006824,2026-02-15,email_open
643,evt_00006823,2026-02-26,email_open
643,evt_00006827,2026-03-13,website_visit
643,evt_00006826,2026-03-20,email_click
643,evt_00006828,2026-04-21,website_visit
643,evt_00006825,2026-04-23,website_visit
643,evt_00006831,2026-05-09,website_visit
643,evt_00006830,2026-05-11,email_click
643,evt_00006829,2026-07-31,email_click
644,evt_00006835,2026-07-18,email_open
644,evt_00006833,2026-07-25,email_open
644,evt_00006832,2026-07-30,website_visit
644,evt_00006836,2026-08-01,email_open
644,evt_00006834,2026-08-04,form_fill
644,evt_00006837,2026-08-08,form_fill
645,evt_00006842,2026-07-26,website_visit
645,evt_00006838,2026-07-27,email_open
645,evt_00006841,2026-07-30,email_open
645,evt_00006839,2026-08-04,website_visit
645,evt_00006840,2026-08-08,email_open
646,evt_00006848,2026-06-07,website_visit
646,evt_00006846,2026-06-11,website_visit
646,evt_00006849,2026-07-05,email_open
646,evt_00006844,2026-07-13,email_open
646,evt_00006847,2026-07-15,website_visit
646,evt_00006845,2026-07-16,form_fill
646,evt_00006850,2026-07-17,website_visit
646,evt_00006843,2026-08-01,email_open
647,evt_00006867,2026-04-29,email_click
647,evt_00006859,2026-04-30,website_visit
647,evt_00006865,2026-05-04,email_open
647,evt_00006854,2026-05-08,email_open
647,evt_00006857,2026-05-14,website_visit
647,evt_00006856,2026-06-08,demo_request
647,evt_00006863,2026-06-17,email_open
647,evt_00006866,2026-06-17,website_visit
647,evt_00006864,2026-06-23,email_open
647,evt_00006851,2026-06-25,email_open
647,evt_00006853,2026-07-01,email_open
647,evt_00006855,2026-07-07,website_visit
647,evt_00006852,2026-07-11,email_click
647,evt_00006861,2026-07-16,email_open
647,evt_00006862,2026-07-17,email_open
647,evt_00006860,2026-07-31,email_open
647,evt_00006858,2026-08-07,email_open
648,evt_00006870,2026-05-25,email_click
648,evt_00006873,2026-05-26,email_open
648,evt_00006869,2026-05-27,email_open
648,evt_00006874,2026-06-04,email_open
648,evt_00006876,2026-06-23,email_open
648,evt_00006878,2026-06-30,email_open
648,evt_00006877,2026-07-01,demo_request
648,evt_00006875,2026-07-21,website_visit
648,evt_00006872,2026-07-25,form_fill
648,evt_00006868,2026-07-28,email_open
648,evt_00006871,2026-08-02,email_open
649,evt_00006882,2026-08-02,website_visit
649,evt_00006881,2026-08-03,email_open
649,evt_00006883,2026-08-04,email_open
649,evt_00006884,2026-08-04,email_click
649,evt_00006879,2026-08-05,email_open
649,evt_00006880,2026-08-07,email_click
649,evt_00006885,2026-08-08,website_visit
650,evt_00006891,2026-06-06,website_visit
650,evt_00006887,2026-06-19,website_visit
650,evt_00006889,2026-06-29,website_visit
650,evt_00006886,2026-07-15,email_open
650,evt_00006888,2026-07-30,email_open
650,evt_00006890,2026-08-07,email_open
650,evt_00006892,2026-08-08,website_visit
651,evt_00006894,2026-07-16,email_click
651,evt_00006897,2026-07-16,website_visit
651,evt_00006898,2026-07-16,email_open
651,evt_00006895,2026-07-18,form_fill
651,evt_00006893,2026-07-21,email_open
651,evt_00006896,2026-07-22,email_open
651,evt_00006899,2026-07-24,email_open
651,evt_00006900,2026-08-08,website_visit
652,evt_00006903,2026-07-19,email_open
652,evt_00006902,2026-07-20,email_open
652,evt_00006904,2026-07-21,email_open
652,evt_00006901,2026-07-22,email_click
652,evt_00006906,2026-07-30,email_open
652,evt_00006907,2026-07-31,demo_request
652,evt_00006905,2026-08-04,email_open
653,evt_00006915,2026-05-07,website_visit
653,evt_00006917,2026-05-19,email_click
653,evt_00006909,2026-06-03,website_visit
653,evt_00006908,2026-06-06,email_click
653,evt_00006916,2026-06-20,email_open
653,evt_00006912,2026-07-08,email_open
653,evt_00006913,2026-07-17,website_visit
653,evt_00006910,2026-07-20,email_open
653,evt_00006911,2026-07-23,form_fill
653,evt_00006914,2026-07-25,email_click
654,evt_00006920,2026-06-19,email_open
654,evt_00006921,2026-06-27,email_click
654,evt_00006918,2026-07-12,form_fill
654,evt_00006919,2026-07-24,form_fill
654,evt_00006922,2026-08-04,website_visit
655,evt_00006929,2026-03-18,email_open
655,evt_00006931,2026-05-02,email_open
655,evt_00006925,2026-05-11,email_open
655,evt_00006928,2026-05-15,email_open
655,evt_00006923,2026-06-09,email_open
655,evt_00006927,2026-07-06,form_fill
655,evt_00006926,2026-07-08,email_open
655,evt_00006924,2026-07-12,website_visit
655,evt_00006930,2026-07-27,email_click
655,evt_00006932,2026-08-01,email_open
656,evt_00006944,2026-03-26,email_click
656,evt_00006945,2026-03-26,email_click
656,evt_00006937,2026-03-30,email_open
656,evt_00006934,2026-04-03,email_click
656,evt_00006935,2026-04-04,email_open
656,evt_00006942,2026-04-09,website_visit
656,evt_00006946,2026-05-24,email_open
656,evt_00006933,2026-05-28,email_open
656,evt_00006936,2026-06-13,email_open
656,evt_00006938,2026-06-18,email_open
656,evt_00006939,2026-06-21,email_open
656,evt_00006948,2026-06-24,form_fill
656,evt_00006940,2026-07-11,email_open
656,evt_00006947,2026-08-01,form_fill
656,evt_00006941,2026-08-07,form_fill
656,evt_00006943,2026-08-08,website_visit
657,evt_00006950,2026-06-04,email_click
657,evt_00006951,2026-06-21,email_open
657,evt_00006949,2026-07-27,form_fill
658,evt_00006956,2026-03-30,form_fill
658,evt_00006963,2026-04-03,email_click
658,evt_00006957,2026-04-06,demo_request
658,evt_00006958,2026-04-11,website_visit
658,evt_00006960,2026-04-14,demo_request
658,evt_00006961,2026-05-17,form_fill
658,evt_00006952,2026-06-01,email_open
658,evt_00006955,2026-06-10,email_open
658,evt_00006959,2026-06-11,email_open
658,evt_00006965,2026-06-16,email_open
658,evt_00006953,2026-07-05,website_visit
658,evt_00006954,2026-07-25,website_visit
658,evt_00006964,2026-07-25,website_visit
658,evt_00006962,2026-08-06,email_open
659,evt_00006970,2026-07-14,email_click
659,evt_00006979,2026-07-17,form_fill
659,evt_00006974,2026-07-18,email_open
659,evt_00006968,2026-07-20,website_visit
659,evt_00006969,2026-07-20,email_click
659,evt_00006967,2026-07-22,email_open
659,evt_00006971,2026-07-25,email_click
659,evt_00006975,2026-07-25,email_click
659,evt_00006977,2026-07-25,email_open
659,evt_00006966,2026-07-26,email_click
659,evt_00006973,2026-07-28,email_click
659,evt_00006980,2026-07-29,email_click
659,evt_00006976,2026-08-02,email_open
659,evt_00006972,2026-08-06,website_visit
659,evt_00006978,2026-08-06,website_visit
660,evt_00006985,2026-07-29,email_open
660,evt_00006983,2026-07-31,email_open
660,evt_00006987,2026-07-31,email_open
660,evt_00006984,2026-08-03,website_visit
660,evt_00006982,2026-08-04,form_fill
660,evt_00006988,2026-08-04,email_open
660,evt_00006986,2026-08-05,email_click
660,evt_00006981,2026-08-08,demo_request
661,evt_00006991,2026-03-31,email_open
661,evt_00006990,2026-04-19,website_visit
661,evt_00006989,2026-05-07,email_click
661,evt_00006992,2026-07-04,email_open
662,evt_00006993,2026-05-18,email_open
662,evt_00007002,2026-05-22,email_click
662,evt_00006998,2026-05-25,email_open
662,evt_00006994,2026-06-07,website_visit
662,evt_00007001,2026-06-21,email_click
662,evt_00007000,2026-06-26,email_open
662,evt_00006997,2026-07-08,website_visit
662,evt_00007004,2026-07-13,email_open
662,evt_00007003,2026-07-15,form_fill
662,evt_00006995,2026-07-21,email_open
662,evt_00006996,2026-07-24,website_visit
662,evt_00006999,2026-08-06,website_visit
663,evt_00007005,2026-03-31,email_open
663,evt_00007015,2026-04-02,website_visit
663,evt_00007011,2026-04-04,website_visit
663,evt_00007018,2026-04-10,email_open
663,evt_00007009,2026-04-28,website_visit
663,evt_00007013,2026-05-07,email_open
663,evt_00007014,2026-06-06,email_open
663,evt_00007007,2026-06-16,email_open
663,evt_00007016,2026-07-03,website_visit
663,evt_00007006,2026-07-05,email_open
663,evt_00007008,2026-07-24,email_click
663,evt_00007012,2026-07-28,email_open
663,evt_00007010,2026-08-07,website_visit
663,evt_00007017,2026-08-08,form_fill
664,evt_00007029,2026-07-14,email_click
664,evt_00007020,2026-07-16,email_open
664,evt_00007028,2026-07-16,email_open
664,evt_00007026,2026-07-17,email_open
664,evt_00007021,2026-07-21,website_visit
664,evt_00007019,2026-07-22,email_open
664,evt_00007030,2026-07-29,email_click
664,evt_00007022,2026-08-04,website_visit
664,evt_00007027,2026-08-04,website_visit
664,evt_00007025,2026-08-07,email_open
664,evt_00007023,2026-08-08,website_visit
664,evt_00007024,2026-08-08,form_fill
665,evt_00007034,2026-05-03,email_open
665,evt_00007035,2026-05-22,email_open
665,evt_00007036,2026-06-06,website_visit
665,evt_00007038,2026-06-10,website_visit
665,evt_00007042,2026-06-15,email_open
665,evt_00007032,2026-06-16,form_fill
665,evt_00007041,2026-06-16,website_visit
665,evt_00007039,2026-07-02,email_open
665,evt_00007040,2026-07-11,email_open
665,evt_00007037,2026-07-22,demo_request
665,evt_00007033,2026-07-24,form_fill
665,evt_00007031,2026-07-25,demo_request
665,evt_00007043,2026-07-31,website_visit
666,evt_00007046,2026-04-20,website_visit
666,evt_00007049,2026-05-13,email_open
666,evt_00007044,2026-05-30,demo_request
666,evt_00007047,2026-07-02,form_fill
666,evt_00007048,2026-08-03,website_visit
666,evt_00007045,2026-08-08,email_open
667,evt_00007054,2026-05-23,email_open
667,evt_00007050,2026-05-24,email_open
667,evt_00007055,2026-05-25,form_fill
667,evt_00007056,2026-06-11,email_click
667,evt_00007052,2026-06-22,email_open
667,evt_00007053,2026-06-29,email_click
667,evt_00007051,2026-08-03,website_visit
668,evt_00007057,2026-06-07,demo_request
669,evt_00007059,2026-06-28,email_open
669,evt_00007062,2026-06-28,form_fill
669,evt_00007061,2026-07-02,email_open
669,evt_00007068,2026-07-04,website_visit
669,evt_00007066,2026-07-06,email_click
669,evt_00007063,2026-07-08,email_click
669,evt_00007067,2026-07-20,email_open
669,evt_00007060,2026-07-26,website_visit
669,evt_00007058,2026-07-28,email_click
669,evt_00007065,2026-07-29,email_open
669,evt_00007069,2026-08-07,email_open
669,evt_00007064,2026-08-08,website_visit
671,evt_00007070,2026-08-01,email_click
672,evt_00007079,2026-05-11,website_visit
672,evt_00007078,2026-05-13,website_visit
672,evt_00007071,2026-06-02,email_open
672,evt_00007076,2026-06-02,email_open
672,evt_00007072,2026-06-06,email_open
672,evt_00007075,2026-06-14,email_open
672,evt_00007073,2026-07-06,email_open
672,evt_00007077,2026-08-03,email_click
672,evt_00007074,2026-08-08,email_open
673,evt_00007080,2026-05-10,email_click
674,evt_00007090,2026-02-26,email_open
674,evt_00007088,2026-03-09,email_click
674,evt_00007081,2026-03-15,website_visit
674,evt_00007085,2026-04-06,email_open
674,evt_00007083,2026-05-20,email_click
674,evt_00007092,2026-05-23,website_visit
674,evt_00007093,2026-05-24,email_open
674,evt_00007089,2026-06-01,website_visit
674,evt_00007086,2026-06-12,website_visit
674,evt_00007082,2026-06-27,email_open
674,evt_00007094,2026-07-04,email_open
674,evt_00007084,2026-07-17,form_fill
674,evt_00007091,2026-07-25,email_click
674,evt_00007087,2026-08-02,demo_request
675,evt_00007103,2026-06-05,email_open
675,evt_00007100,2026-06-10,email_open
675,evt_00007096,2026-06-15,demo_request
675,evt_00007097,2026-06-18,form_fill
675,evt_00007099,2026-07-18,email_open
675,evt_00007095,2026-07-24,email_click
675,evt_00007102,2026-07-26,form_fill
675,evt_00007101,2026-08-04,email_open
675,evt_00007098,2026-08-06,email_open
676,evt_00007104,2026-08-08,website_visit
676,evt_00007105,2026-08-08,email_open
676,evt_00007106,2026-08-08,email_click
676,evt_00007107,2026-08-08,email_open
676,evt_00007108,2026-08-08,demo_request
676,evt_00007109,2026-08-08,email_click
676,evt_00007110,2026-08-08,email_click
676,evt_00007111,2026-08-08,form_fill
676,evt_00007112,2026-08-08,form_fill
677,evt_00007114,2026-06-13,website_visit
677,evt_00007116,2026-06-27,email_open
677,evt_00007115,2026-07-07,website_visit
677,evt_00007113,2026-07-12,website_visit
678,evt_00007117,2026-07-27,email_click
678,evt_00007118,2026-07-27,email_open
678,evt_00007119,2026-08-07,email_open
679,evt_00007121,2026-07-23,website_visit
679,evt_00007120,2026-07-24,email_open
679,evt_00007127,2026-07-26,email_open
679,evt_00007126,2026-07-29,form_fill
679,evt_00007128,2026-07-29,email_open
679,evt_00007125,2026-07-30,website_visit
679,evt_00007124,2026-08-03,website_visit
679,evt_00007123,2026-08-04,website_visit
679,evt_00007122,2026-08-06,email_open
680,evt_00007137,2026-04-20,website_visit
680,evt_00007140,2026-05-07,email_open
680,evt_00007134,2026-05-12,website_visit
680,evt_00007139,2026-05-18,email_open
680,evt_00007129,2026-05-19,website_visit
680,evt_00007132,2026-05-26,form_fill
680,evt_00007130,2026-05-29,email_open
680,evt_00007131,2026-05-29,email_click
680,evt_00007138,2026-06-11,email_click
680,evt_00007136,2026-06-22,email_click
680,evt_00007141,2026-06-23,email_open
680,evt_00007133,2026-07-15,email_open
680,evt_00007135,2026-07-21,website_visit
680,evt_00007142,2026-08-01,email_click
681,evt_00007143,2026-03-07,website_visit
681,evt_00007156,2026-03-08,email_open
681,evt_00007155,2026-04-08,website_visit
681,evt_00007153,2026-04-11,email_open
681,evt_00007154,2026-04-19,website_visit
681,evt_00007150,2026-04-25,email_open
681,evt_00007148,2026-04-29,website_visit
681,evt_00007151,2026-05-08,email_click
681,evt_00007146,2026-05-18,email_click
681,evt_00007149,2026-05-24,email_click
681,evt_00007158,2026-06-16,email_open
681,evt_00007152,2026-06-29,email_click
681,evt_00007145,2026-07-10,website_visit
681,evt_00007147,2026-07-24,email_open
681,evt_00007157,2026-08-02,email_open
681,evt_00007144,2026-08-08,email_open
682,evt_00007159,2026-05-25,form_fill
682,evt_00007161,2026-07-05,website_visit
682,evt_00007160,2026-08-05,email_open
683,evt_00007163,2026-05-20,email_open
683,evt_00007167,2026-06-24,form_fill
683,evt_00007164,2026-06-30,email_open
683,evt_00007165,2026-07-28,website_visit
683,evt_00007166,2026-08-01,email_open
683,evt_00007162,2026-08-08,email_open
684,evt_00007191,2026-03-17,email_open
684,evt_00007181,2026-03-20,website_visit
684,evt_00007199,2026-03-22,email_open
684,evt_00007177,2026-03-25,email_open
684,evt_00007188,2026-04-03,email_open
684,evt_00007186,2026-04-13,email_open
684,evt_00007198,2026-04-14,form_fill
684,evt_00007196,2026-04-20,email_click
684,evt_00007182,2026-04-28,form_fill
684,evt_00007168,2026-05-02,website_visit
684,evt_00007179,2026-05-02,email_open
684,evt_00007184,2026-05-07,email_open
684,evt_00007192,2026-05-11,email_click
684,evt_00007178,2026-05-18,email_open
684,evt_00007193,2026-06-02,email_open
684,evt_00007200,2026-06-02,email_open
684,evt_00007175,2026-06-04,website_visit
684,evt_00007180,2026-06-06,website_visit
684,evt_00007185,2026-06-07,email_open
684,evt_00007187,2026-06-09,email_open
684,evt_00007197,2026-06-15,website_visit
684,evt_00007183,2026-06-16,email_click
684,evt_00007194,2026-06-19,email_click
684,evt_00007189,2026-06-20,email_open
684,evt_00007169,2026-06-29,email_open
684,evt_00007170,2026-07-06,email_open
684,evt_00007174,2026-07-12,email_open
684,evt_00007176,2026-07-12,email_click
684,evt_00007190,2026-07-19,email_open
684,evt_00007172,2026-07-29,website_visit
684,evt_00007171,2026-08-04,email_open
684,evt_00007173,2026-08-05,email_open
684,evt_00007195,2026-08-08,email_click
685,evt_00007207,2026-03-25,form_fill
685,evt_00007208,2026-05-10,form_fill
685,evt_00007203,2026-06-02,email_open
685,evt_00007205,2026-06-18,website_visit
685,evt_00007204,2026-06-22,form_fill
685,evt_00007206,2026-06-23,email_click
685,evt_00007202,2026-06-25,email_click
685,evt_00007209,2026-07-10,website_visit
685,evt_00007201,2026-07-31,email_open
686,evt_00007210,2026-07-15,email_click
686,evt_00007213,2026-07-28,email_open
686,evt_00007212,2026-08-01,website_visit
686,evt_00007211,2026-08-03,email_open
687,evt_00007215,2026-02-19,email_click
687,evt_00007218,2026-02-23,email_click
687,evt_00007219,2026-03-30,email_click
687,evt_00007214,2026-04-06,email_open
687,evt_00007217,2026-04-28,website_visit
687,evt_00007216,2026-05-02,email_open
687,evt_00007220,2026-06-06,email_open
688,evt_00007223,2026-04-30,website_visit
688,evt_00007225,2026-05-11,email_click
688,evt_00007222,2026-06-06,email_open
688,evt_00007221,2026-06-20,email_click
688,evt_00007224,2026-07-08,email_open
688,evt_00007226,2026-07-19,website_visit
689,evt_00007227,2026-07-09,email_open
690,evt_00007229,2026-07-30,website_visit
690,evt_00007228,2026-08-03,email_open
690,evt_00007232,2026-08-03,email_click
690,evt_00007233,2026-08-03,email_open
690,evt_00007234,2026-08-05,email_click
690,evt_00007235,2026-08-05,email_click
690,evt_00007230,2026-08-08,email_open
690,evt_00007231,2026-08-08,email_open
691,evt_00007258,2026-07-06,email_open
691,evt_00007247,2026-07-07,form_fill
691,evt_00007242,2026-07-08,email_click
691,evt_00007245,2026-07-08,email_open
691,evt_00007273,2026-07-08,form_fill
691,evt_00007248,2026-07-09,email_click
691,evt_00007255,2026-07-09,email_open
691,evt_00007236,2026-07-11,email_open
691,evt_00007269,2026-07-11,email_open
691,evt_00007251,2026-07-12,email_open
691,evt_00007267,2026-07-12,website_visit
691,evt_00007268,2026-07-12,email_open
691,evt_00007274,2026-07-12,email_open
691,evt_00007277,2026-07-12,email_open
691,evt_00007254,2026-07-13,email_click
691,evt_00007275,2026-07-13,email_open
691,evt_00007238,2026-07-14,email_click
691,evt_00007241,2026-07-14,website_visit
691,evt_00007246,2026-07-14,email_open
691,evt_00007265,2026-07-14,email_open
691,evt_00007243,2026-07-15,email_open
691,evt_00007237,2026-07-18,email_click
691,evt_00007266,2026-07-18,website_visit
691,evt_00007239,2026-07-19,website_visit
691,evt_00007279,2026-07-19,email_open
691,evt_00007253,2026-07-20,website_visit
691,evt_00007262,2026-07-20,website_visit
691,evt_00007260,2026-07-21,email_click
691,evt_00007257,2026-07-23,email_click
691,evt_00007272,2026-07-24,website_visit
691,evt_00007271,2026-07-25,email_open
691,evt_00007256,2026-07-26,email_open
691,evt_00007261,2026-07-26,email_click
691,evt_00007250,2026-07-27,email_click
691,evt_00007276,2026-07-27,email_open
691,evt_00007240,2026-07-31,website_visit
691,evt_00007270,2026-07-31,website_visit
691,evt_00007252,2026-08-01,email_open
691,evt_00007278,2026-08-01,email_click
691,evt_00007249,2026-08-03,email_open
691,evt_00007263,2026-08-03,email_open
691,evt_00007259,2026-08-04,website_visit
691,evt_00007244,2026-08-06,website_visit
691,evt_00007264,2026-08-07,website_visit
692,evt_00007294,2026-04-23,email_open
692,evt_00007290,2026-04-24,email_click
692,evt_00007314,2026-04-26,email_open
692,evt_00007305,2026-04-28,form_fill
692,evt_00007299,2026-04-30,email_click
692,evt_00007321,2026-04-30,email_open
692,evt_00007281,2026-05-03,website_visit
692,evt_00007312,2026-05-06,email_open
692,evt_00007320,2026-05-08,email_open
692,evt_00007297,2026-05-11,demo_request
692,evt_00007309,2026-05-12,email_open
692,evt_00007329,2026-05-12,form_fill
692,evt_00007330,2026-05-12,demo_request
692,evt_00007285,2026-05-19,email_click
692,evt_00007319,2026-05-19,form_fill
692,evt_00007326,2026-05-19,form_fill
692,evt_00007316,2026-05-24,email_click
692,evt_00007308,2026-05-28,email_open
692,evt_00007317,2026-05-30,website_visit
692,evt_00007325,2026-06-06,website_visit
692,evt_00007296,2026-06-08,email_open
692,evt_00007292,2026-06-09,email_open
692,evt_00007307,2026-06-13,email_click
692,evt_00007288,2026-06-16,email_open
692,evt_00007311,2026-06-16,website_visit
692,evt_00007310,2026-06-17,email_open
692,evt_00007328,2026-06-18,website_visit
692,evt_00007282,2026-06-19,website_visit
692,evt_00007291,2026-06-19,website_visit
692,evt_00007315,2026-06-19,email_open
692,evt_00007318,2026-06-21,form_fill
692,evt_00007303,2026-06-22,form_fill
692,evt_00007300,2026-06-23,email_open
692,evt_00007302,2026-06-24,email_open
692,evt_00007289,2026-06-25,website_visit
692,evt_00007283,2026-06-28,email_click
692,evt_00007293,2026-06-28,email_open
692,evt_00007322,2026-06-28,website_visit
692,evt_00007324,2026-07-01,website_visit
692,evt_00007287,2026-07-04,email_open
692,evt_00007306,2026-07-05,email_open
692,evt_00007323,2026-07-05,form_fill
692,evt_00007280,2026-07-07,email_click
692,evt_00007313,2026-07-07,email_open
692,evt_00007301,2026-07-09,email_click
692,evt_00007284,2026-07-16,email_open
692,evt_00007327,2026-07-17,email_click
692,evt_00007298,2026-07-21,website_visit
692,evt_00007304,2026-07-24,email_open
692,evt_00007295,2026-08-06,email_open
692,evt_00007286,2026-08-07,email_open
693,evt_00007331,2026-08-01,website_visit
693,evt_00007332,2026-08-01,website_visit
693,evt_00007333,2026-08-03,email_open
693,evt_00007336,2026-08-05,email_open
693,evt_00007334,2026-08-07,email_open
693,evt_00007335,2026-08-07,website_visit
694,evt_00007355,2026-05-28,demo_request
694,evt_00007350,2026-06-01,email_click
694,evt_00007337,2026-06-06,email_open
694,evt_00007346,2026-06-06,email_click
694,evt_00007343,2026-06-15,website_visit
694,evt_00007354,2026-06-21,email_open
694,evt_00007349,2026-06-27,website_visit
694,evt_00007340,2026-06-28,website_visit
694,evt_00007351,2026-06-29,email_open
694,evt_00007339,2026-06-30,email_click
694,evt_00007352,2026-06-30,email_open
694,evt_00007344,2026-07-01,email_open
694,evt_00007357,2026-07-02,form_fill
694,evt_00007347,2026-07-03,form_fill
694,evt_00007341,2026-07-09,email_click
694,evt_00007356,2026-07-23,email_click
694,evt_00007353,2026-07-25,email_open
694,evt_00007345,2026-07-28,email_click
694,evt_00007348,2026-07-29,email_open
694,evt_00007338,2026-08-06,email_open
694,evt_00007342,2026-08-06,email_open
695,evt_00007375,2026-02-15,demo_request
695,evt_00007367,2026-02-22,email_click
695,evt_00007374,2026-03-23,form_fill
695,evt_00007365,2026-04-02,email_click
695,evt_00007361,2026-04-07,email_open
695,evt_00007372,2026-04-08,email_open
695,evt_00007373,2026-04-11,website_visit
695,evt_00007360,2026-04-26,email_click
695,evt_00007376,2026-05-05,email_open
695,evt_00007364,2026-05-08,demo_request
695,evt_00007368,2026-05-24,email_open
695,evt_00007366,2026-06-03,website_visit
695,evt_00007371,2026-06-05,website_visit
695,evt_00007369,2026-06-14,email_open
695,evt_00007370,2026-06-17,email_open
695,evt_00007358,2026-06-30,email_open
695,evt_00007362,2026-07-12,website_visit
695,evt_00007363,2026-07-19,form_fill
695,evt_00007359,2026-08-01,website_visit
696,evt_00007388,2026-05-22,email_open
696,evt_00007379,2026-06-06,form_fill
696,evt_00007381,2026-06-13,website_visit
696,evt_00007387,2026-06-14,email_open
696,evt_00007384,2026-06-16,email_open
696,evt_00007382,2026-06-19,email_open
696,evt_00007380,2026-06-21,email_open
696,evt_00007386,2026-07-01,form_fill
696,evt_00007385,2026-07-04,email_click
696,evt_00007383,2026-07-29,email_open
696,evt_00007378,2026-08-04,email_open
696,evt_00007377,2026-08-08,email_open
697,evt_00007391,2026-06-02,email_open
697,evt_00007395,2026-06-04,website_visit
697,evt_00007390,2026-06-06,website_visit
697,evt_00007394,2026-06-20,email_open
697,evt_00007393,2026-06-23,email_open
697,evt_00007389,2026-06-29,email_open
697,evt_00007392,2026-08-06,email_click
698,evt_00007396,2026-05-20,website_visit
698,evt_00007398,2026-06-12,email_open
698,evt_00007397,2026-06-16,website_visit
698,evt_00007399,2026-07-06,email_open
699,evt_00007405,2026-06-14,email_open
699,evt_00007407,2026-06-17,website_visit
699,evt_00007408,2026-06-22,email_click
699,evt_00007403,2026-07-05,email_click
699,evt_00007402,2026-07-06,website_visit
699,evt_00007406,2026-07-12,email_open
699,evt_00007401,2026-07-15,email_open
699,evt_00007400,2026-07-27,website_visit
699,evt_00007404,2026-08-03,email_open
700,evt_00007414,2026-06-05,email_open
700,evt_00007413,2026-06-10,website_visit
700,evt_00007409,2026-06-28,email_open
700,evt_00007411,2026-06-29,email_click
700,evt_00007417,2026-07-17,website_visit
700,evt_00007412,2026-07-18,email_open
700,evt_00007415,2026-07-19,email_click
700,evt_00007410,2026-07-23,email_click
700,evt_00007416,2026-07-30,email_open
701,evt_00007420,2026-08-02,email_click
701,evt_00007422,2026-08-03,email_click
701,evt_00007419,2026-08-04,form_fill
701,evt_00007424,2026-08-04,email_click
701,evt_00007418,2026-08-05,email_open
701,evt_00007421,2026-08-05,email_open
701,evt_00007425,2026-08-05,website_visit
701,evt_00007423,2026-08-06,email_open
701,evt_00007426,2026-08-06,website_visit
702,evt_00007436,2026-03-10,email_open
702,evt_00007432,2026-03-13,demo_request
702,evt_00007430,2026-03-24,website_visit
702,evt_00007427,2026-04-04,email_click
702,evt_00007434,2026-04-08,email_click
702,evt_00007437,2026-04-08,form_fill
702,evt_00007428,2026-05-01,email_click
702,evt_00007435,2026-05-03,email_click
702,evt_00007433,2026-05-15,email_open
702,evt_00007431,2026-06-26,email_open
702,evt_00007429,2026-06-30,form_fill
703,evt_00007438,2026-05-15,form_fill
703,evt_00007442,2026-05-15,website_visit
703,evt_00007440,2026-05-30,email_open
703,evt_00007441,2026-06-17,email_click
703,evt_00007439,2026-07-11,email_open
704,evt_00007452,2026-04-21,email_open
704,evt_00007446,2026-05-01,email_click
704,evt_00007450,2026-05-07,form_fill
704,evt_00007449,2026-05-21,website_visit
704,evt_00007451,2026-06-07,email_open
704,evt_00007443,2026-07-01,website_visit
704,evt_00007444,2026-07-04,form_fill
704,evt_00007445,2026-07-08,email_click
704,evt_00007447,2026-07-30,email_open
704,evt_00007448,2026-07-30,form_fill
705,evt_00007458,2026-07-20,email_open
705,evt_00007462,2026-07-20,website_visit
705,evt_00007456,2026-07-21,website_visit
705,evt_00007461,2026-07-28,email_open
705,evt_00007460,2026-07-30,website_visit
705,evt_00007453,2026-08-01,email_open
705,evt_00007454,2026-08-01,website_visit
705,evt_00007463,2026-08-03,demo_request
705,evt_00007455,2026-08-05,email_open
705,evt_00007459,2026-08-05,email_click
705,evt_00007457,2026-08-06,email_open
706,evt_00007469,2026-07-27,website_visit
706,evt_00007468,2026-07-30,website_visit
706,evt_00007464,2026-07-31,email_click
706,evt_00007467,2026-08-01,website_visit
706,evt_00007466,2026-08-06,email_click
706,evt_00007465,2026-08-07,email_open
707,evt_00007471,2026-07-07,email_click
707,evt_00007475,2026-07-16,email_open
707,evt_00007470,2026-07-17,email_click
707,evt_00007473,2026-07-25,email_open
707,evt_00007472,2026-08-02,email_click
707,evt_00007474,2026-08-05,email_click
708,evt_00007479,2026-05-17,website_visit
708,evt_00007480,2026-06-02,email_open
708,evt_00007483,2026-06-29,form_fill
708,evt_00007476,2026-07-02,email_open
708,evt_00007481,2026-07-17,website_visit
708,evt_00007477,2026-07-28,website_visit
708,evt_00007482,2026-07-31,email_open
708,evt_00007484,2026-07-31,email_open
708,evt_00007478,2026-08-08,website_visit
709,evt_00007487,2026-06-26,form_fill
709,evt_00007485,2026-07-12,demo_request
709,evt_00007486,2026-07-28,email_click
710,evt_00007490,2026-03-29,email_open
710,evt_00007488,2026-04-03,email_open
710,evt_00007492,2026-05-04,email_open
710,evt_00007494,2026-05-04,email_click
710,evt_00007491,2026-05-14,email_click
710,evt_00007493,2026-05-14,email_open
710,evt_00007489,2026-06-05,website_visit
711,evt_00007501,2026-07-10,email_click
711,evt_00007497,2026-07-12,email_open
711,evt_00007505,2026-07-12,demo_request
711,evt_00007523,2026-07-12,email_open
711,evt_00007495,2026-07-13,email_open
711,evt_00007498,2026-07-14,email_open
711,evt_00007508,2026-07-15,email_open
711,evt_00007510,2026-07-15,email_open
711,evt_00007496,2026-07-16,email_open
711,evt_00007502,2026-07-16,email_click
711,evt_00007507,2026-07-16,email_open
711,evt_00007504,2026-07-19,email_open
711,evt_00007522,2026-07-20,email_click
711,evt_00007525,2026-07-20,demo_request
711,evt_00007526,2026-07-22,website_visit
711,evt_00007512,2026-07-24,email_open
711,evt_00007514,2026-07-24,form_fill
711,evt_00007527,2026-07-24,website_visit
711,evt_00007503,2026-07-26,email_click
711,evt_00007506,2026-07-26,email_click
711,evt_00007515,2026-07-26,email_open
711,evt_00007509,2026-07-29,form_fill
711,evt_00007511,2026-07-29,demo_request
711,evt_00007521,2026-07-29,email_open
711,evt_00007500,2026-07-30,email_open
711,evt_00007499,2026-07-31,website_visit
711,evt_00007520,2026-07-31,email_open
711,evt_00007524,2026-08-01,website_visit
711,evt_00007516,2026-08-02,email_open
711,evt_00007518,2026-08-04,website_visit
711,evt_00007513,2026-08-06,email_click
711,evt_00007517,2026-08-07,website_visit
711,evt_00007519,2026-08-08,website_visit
712,evt_00007532,2026-02-14,email_click
712,evt_00007530,2026-03-24,website_visit
712,evt_00007535,2026-04-17,email_click
712,evt_00007531,2026-04-24,email_open
712,evt_00007529,2026-05-02,website_visit
712,evt_00007534,2026-05-14,email_open
712,evt_00007528,2026-06-28,email_open
712,evt_00007533,2026-07-10,email_click
713,evt_00007543,2026-05-13,email_open
713,evt_00007546,2026-05-14,email_open
713,evt_00007538,2026-05-17,website_visit
713,evt_00007542,2026-05-20,email_open
713,evt_00007536,2026-05-31,email_open
713,evt_00007545,2026-06-01,email_open
713,evt_00007537,2026-06-21,email_open
713,evt_00007539,2026-06-22,email_open
713,evt_00007547,2026-07-03,website_visit
713,evt_00007540,2026-07-24,email_open
713,evt_00007544,2026-07-25,form_fill
713,evt_00007541,2026-08-06,email_open
714,evt_00007549,2026-07-17,website_visit
714,evt_00007550,2026-07-20,email_open
714,evt_00007551,2026-07-24,website_visit
714,evt_00007552,2026-07-27,website_visit
714,evt_00007556,2026-07-28,email_open
714,evt_00007553,2026-07-31,website_visit
714,evt_00007554,2026-07-31,email_click
714,evt_00007555,2026-07-31,email_open
714,evt_00007548,2026-08-08,email_open
715,evt_00007559,2026-05-11,website_visit
715,evt_00007557,2026-05-19,email_open
715,evt_00007560,2026-06-02,email_click
715,evt_00007558,2026-06-25,email_open
715,evt_00007561,2026-08-05,email_click
716,evt_00007566,2026-07-02,demo_request
716,evt_00007567,2026-07-02,email_open
716,evt_00007571,2026-07-03,email_open
716,evt_00007564,2026-07-07,email_open
716,evt_00007569,2026-07-08,email_open
716,evt_00007563,2026-07-12,email_open
716,evt_00007568,2026-07-14,email_open
716,evt_00007572,2026-07-14,email_open
716,evt_00007565,2026-07-25,email_open
716,evt_00007562,2026-07-30,website_visit
716,evt_00007570,2026-07-30,website_visit
717,evt_00007573,2026-06-29,email_open
717,evt_00007576,2026-07-04,email_open
717,evt_00007579,2026-07-07,email_click
717,evt_00007580,2026-07-10,email_open
717,evt_00007582,2026-07-10,email_open
717,evt_00007577,2026-07-13,email_click
717,evt_00007575,2026-07-25,website_visit
717,evt_00007578,2026-07-29,website_visit
717,evt_00007574,2026-08-01,email_open
717,evt_00007581,2026-08-07,email_open
718,evt_00007583,2026-05-03,website_visit
718,evt_00007584,2026-06-04,email_click
719,evt_00007586,2026-07-26,email_open
719,evt_00007585,2026-08-06,email_open
720,evt_00007593,2026-04-10,email_open
720,evt_00007591,2026-04-23,email_open
720,evt_00007594,2026-05-01,email_open
720,evt_00007596,2026-05-10,email_open
720,evt_00007588,2026-05-15,email_open
720,evt_00007595,2026-06-07,email_click
720,evt_00007587,2026-06-21,email_open
720,evt_00007589,2026-07-04,email_click
720,evt_00007590,2026-07-25,email_open
720,evt_00007592,2026-08-06,email_open
721,evt_00007597,2026-08-07,email_click
721,evt_00007599,2026-08-07,form_fill
721,evt_00007601,2026-08-07,email_open
721,evt_00007602,2026-08-07,email_click
721,evt_00007598,2026-08-08,email_open
721,evt_00007600,2026-08-08,email_open
722,evt_00007606,2026-05-17,email_open
722,evt_00007607,2026-05-21,email_open
722,evt_00007605,2026-06-20,website_visit
722,evt_00007608,2026-06-29,email_open
722,evt_00007604,2026-07-10,form_fill
722,evt_00007609,2026-07-15,email_open
722,evt_00007603,2026-07-22,email_open
723,evt_00007623,2026-04-19,form_fill
723,evt_00007630,2026-04-22,email_open
723,evt_00007625,2026-04-26,demo_request
723,evt_00007632,2026-04-30,form_fill
723,evt_00007611,2026-05-04,email_open
723,evt_00007631,2026-05-08,email_open
723,evt_00007626,2026-05-09,email_open
723,evt_00007624,2026-05-10,email_open
723,evt_00007613,2026-05-26,website_visit
723,evt_00007617,2026-05-26,email_click
723,evt_00007619,2026-05-28,email_click
723,evt_00007614,2026-05-29,website_visit
723,evt_00007618,2026-06-13,email_click
723,evt_00007627,2026-06-16,email_click
723,evt_00007620,2026-06-17,email_click
723,evt_00007622,2026-06-24,email_open
723,evt_00007610,2026-06-26,website_visit
723,evt_00007633,2026-07-01,email_click
723,evt_00007615,2026-07-06,email_open
723,evt_00007628,2026-07-19,email_open
723,evt_00007634,2026-07-21,form_fill
723,evt_00007612,2026-07-30,email_open
723,evt_00007616,2026-08-01,form_fill
723,evt_00007629,2026-08-04,email_click
723,evt_00007621,2026-08-05,website_visit
723,evt_00007635,2026-08-05,form_fill
724,evt_00007641,2026-06-03,form_fill
724,evt_00007638,2026-06-07,website_visit
724,evt_00007637,2026-06-19,email_open
724,evt_00007640,2026-06-20,email_click
724,evt_00007636,2026-06-24,website_visit
724,evt_00007639,2026-07-26,email_click
725,evt_00007643,2026-04-04,email_open
725,evt_00007648,2026-04-04,form_fill
725,evt_00007645,2026-04-09,email_click
725,evt_00007649,2026-04-13,email_open
725,evt_00007646,2026-04-22,email_open
725,evt_00007653,2026-04-22,email_open
725,evt_00007647,2026-05-10,website_visit
725,evt_00007642,2026-05-20,website_visit
725,evt_00007651,2026-06-14,email_click
725,evt_00007650,2026-07-01,email_open
725,evt_00007654,2026-07-13,website_visit
725,evt_00007644,2026-07-23,email_open
725,evt_00007652,2026-07-28,email_click
726,evt_00007656,2026-04-04,website_visit
726,evt_00007655,2026-05-11,website_visit
726,evt_00007659,2026-05-22,email_open
726,evt_00007658,2026-06-29,email_open
726,evt_00007660,2026-07-05,form_fill
726,evt_00007657,2026-08-04,email_click
727,evt_00007663,2026-03-10,website_visit
727,evt_00007661,2026-04-01,email_open
727,evt_00007664,2026-04-12,website_visit
727,evt_00007662,2026-04-22,website_visit
727,evt_00007665,2026-06-26,website_visit
727,evt_00007666,2026-06-29,email_click
728,evt_00007670,2026-06-17,email_open
728,evt_00007673,2026-06-23,website_visit
728,evt_00007667,2026-06-27,website_visit
728,evt_00007671,2026-07-15,email_click
728,evt_00007668,2026-07-22,email_open
728,evt_00007669,2026-07-23,email_open
728,evt_00007675,2026-07-25,email_click
728,evt_00007672,2026-08-01,email_click
728,evt_00007674,2026-08-06,email_click
729,evt_00007682,2026-04-04,email_open
729,evt_00007680,2026-04-11,email_open
729,evt_00007686,2026-04-13,email_open
729,evt_00007688,2026-04-22,email_open
729,evt_00007679,2026-04-23,email_open
729,evt_00007681,2026-04-23,email_open
729,evt_00007685,2026-05-06,email_open
729,evt_00007684,2026-05-28,email_open
729,evt_00007676,2026-06-25,website_visit
729,evt_00007687,2026-07-07,email_open
729,evt_00007683,2026-08-01,email_open
729,evt_00007677,2026-08-08,email_open
729,evt_00007678,2026-08-08,email_open
730,evt_00007693,2026-04-01,email_click
730,evt_00007694,2026-04-14,email_open
730,evt_00007697,2026-04-23,website_visit
730,evt_00007692,2026-04-27,website_visit
730,evt_00007690,2026-05-07,email_click
730,evt_00007696,2026-05-10,email_open
730,evt_00007695,2026-05-12,email_open
730,evt_00007698,2026-05-25,email_open
730,evt_00007689,2026-06-02,email_click
730,evt_00007699,2026-07-05,website_visit
730,evt_00007691,2026-07-15,email_open
731,evt_00007701,2026-05-13,email_open
731,evt_00007707,2026-05-26,email_open
731,evt_00007702,2026-05-27,website_visit
731,evt_00007703,2026-06-09,website_visit
731,evt_00007705,2026-07-03,website_visit
731,evt_00007706,2026-07-04,website_visit
731,evt_00007700,2026-07-22,website_visit
731,evt_00007704,2026-07-24,email_open
732,evt_00007714,2026-03-13,email_open
732,evt_00007711,2026-03-24,website_visit
732,evt_00007708,2026-05-01,email_click
732,evt_00007715,2026-05-21,form_fill
732,evt_00007710,2026-07-19,email_click
732,evt_00007716,2026-07-25,email_open
732,evt_00007713,2026-07-29,website_visit
732,evt_00007709,2026-08-02,email_open
732,evt_00007712,2026-08-08,email_click
733,evt_00007726,2026-03-17,email_open
733,evt_00007727,2026-03-28,email_open
733,evt_00007719,2026-04-28,email_open
733,evt_00007718,2026-05-02,email_click
733,evt_00007722,2026-05-06,email_open
733,evt_00007721,2026-05-14,email_click
733,evt_00007723,2026-05-20,email_click
733,evt_00007725,2026-05-20,email_click
733,evt_00007724,2026-05-31,website_visit
733,evt_00007717,2026-06-12,email_open
733,evt_00007720,2026-07-21,website_visit
733,evt_00007728,2026-07-29,website_visit
734,evt_00007732,2026-06-22,email_open
734,evt_00007729,2026-07-21,website_visit
734,evt_00007730,2026-07-29,form_fill
734,evt_00007731,2026-08-04,email_open
735,evt_00007745,2026-06-27,website_visit
735,evt_00007736,2026-07-01,email_open
735,evt_00007740,2026-07-01,email_click
735,evt_00007743,2026-07-02,email_open
735,evt_00007737,2026-07-03,email_open
735,evt_00007742,2026-07-09,email_open
735,evt_00007746,2026-07-09,email_open
735,evt_00007735,2026-07-10,email_open
735,evt_00007741,2026-07-14,email_click
735,evt_00007733,2026-07-16,email_open
735,evt_00007744,2026-07-19,email_open
735,evt_00007738,2026-08-02,form_fill
735,evt_00007734,2026-08-05,email_open
735,evt_00007739,2026-08-05,email_open
736,evt_00007755,2026-02-22,email_open
736,evt_00007751,2026-04-02,email_open
736,evt_00007756,2026-04-25,email_open
736,evt_00007752,2026-05-05,email_open
736,evt_00007758,2026-05-17,demo_request
736,evt_00007748,2026-05-26,email_click
736,evt_00007753,2026-05-26,form_fill
736,evt_00007749,2026-05-28,email_open
736,evt_00007757,2026-06-16,email_open
736,evt_00007754,2026-06-17,email_open
736,evt_00007759,2026-07-14,email_click
736,evt_00007747,2026-07-17,email_open
736,evt_00007750,2026-07-31,email_open
737,evt_00007761,2026-06-20,email_open
737,evt_00007762,2026-07-17,website_visit
737,evt_00007765,2026-07-24,website_visit
737,evt_00007763,2026-07-28,email_open
737,evt_00007764,2026-08-01,email_click
737,evt_00007760,2026-08-08,email_open
738,evt_00007778,2026-05-23,email_open
738,evt_00007780,2026-05-23,email_click
738,evt_00007768,2026-05-26,email_click
738,evt_00007776,2026-05-29,email_click
738,evt_00007782,2026-05-29,email_open
738,evt_00007783,2026-06-01,email_open
738,evt_00007772,2026-06-04,email_open
738,evt_00007777,2026-06-07,website_visit
738,evt_00007784,2026-06-29,email_open
738,evt_00007779,2026-07-02,email_open
738,evt_00007771,2026-07-04,email_click
738,evt_00007774,2026-07-12,website_visit
738,evt_00007770,2026-07-15,email_open
738,evt_00007773,2026-07-15,email_open
738,evt_00007781,2026-07-15,email_open
738,evt_00007766,2026-07-17,email_click
738,evt_00007775,2026-07-23,website_visit
738,evt_00007767,2026-07-24,email_open
738,evt_00007769,2026-07-27,email_click
738,evt_00007785,2026-07-29,form_fill
739,evt_00007801,2026-03-13,email_open
739,evt_00007803,2026-03-16,email_open
739,evt_00007810,2026-03-20,email_click
739,evt_00007796,2026-03-28,email_open
739,evt_00007812,2026-03-28,form_fill
739,evt_00007794,2026-04-01,website_visit
739,evt_00007808,2026-04-04,website_visit
739,evt_00007793,2026-04-19,email_open
739,evt_00007789,2026-04-20,website_visit
739,evt_00007813,2026-04-26,email_open
739,evt_00007799,2026-04-27,email_open
739,evt_00007815,2026-04-29,demo_request
739,evt_00007806,2026-05-02,website_visit
739,evt_00007811,2026-05-02,website_visit
739,evt_00007795,2026-05-22,email_open
739,evt_00007802,2026-05-23,email_click
739,evt_00007809,2026-05-29,website_visit
739,evt_00007800,2026-06-01,email_open
739,evt_00007804,2026-06-12,email_open
739,evt_00007807,2026-06-13,email_click
739,evt_00007786,2026-06-15,email_click
739,evt_00007797,2026-06-24,email_open
739,evt_00007790,2026-06-26,email_open
739,evt_00007798,2026-06-27,email_click
739,evt_00007814,2026-06-30,form_fill
739,evt_00007805,2026-07-04,email_click
739,evt_00007792,2026-07-18,website_visit
739,evt_00007788,2026-08-03,email_open
739,evt_00007787,2026-08-04,email_click
739,evt_00007791,2026-08-08,form_fill
740,evt_00007818,2026-04-17,website_visit
740,evt_00007817,2026-05-17,demo_request
740,evt_00007820,2026-07-05,email_open
740,evt_00007819,2026-07-09,email_open
740,evt_00007816,2026-07-12,email_open
741,evt_00007827,2026-07-27,website_visit
741,evt_00007825,2026-07-28,website_visit
741,evt_00007822,2026-07-29,form_fill
741,evt_00007823,2026-07-30,email_click
741,evt_00007831,2026-07-30,demo_request
741,evt_00007821,2026-07-31,email_open
741,evt_00007829,2026-07-31,email_open
741,evt_00007832,2026-08-01,email_open
741,evt_00007833,2026-08-01,email_open
741,evt_00007826,2026-08-03,email_click
741,evt_00007834,2026-08-03,email_open
741,evt_00007836,2026-08-04,email_open
741,evt_00007824,2026-08-05,email_open
741,evt_00007828,2026-08-06,website_visit
741,evt_00007830,2026-08-07,email_open
741,evt_00007835,2026-08-08,website_visit
742,evt_00007839,2026-05-02,email_open
742,evt_00007838,2026-06-13,email_open
742,evt_00007840,2026-06-24,website_visit
742,evt_00007837,2026-07-31,website_visit
743,evt_00007841,2026-07-05,email_open
743,evt_00007843,2026-07-20,email_open
743,evt_00007842,2026-07-22,email_open
743,evt_00007844,2026-08-03,email_open
744,evt_00007845,2026-02-27,website_visit
744,evt_00007848,2026-02-27,email_click
744,evt_00007849,2026-02-28,demo_request
744,evt_00007851,2026-04-13,email_click
744,evt_00007847,2026-05-12,email_click
744,evt_00007852,2026-05-22,website_visit
744,evt_00007846,2026-06-21,email_click
744,evt_00007854,2026-07-04,email_open
744,evt_00007850,2026-07-15,form_fill
744,evt_00007853,2026-07-27,email_click
745,evt_00007862,2026-06-01,email_open
745,evt_00007857,2026-06-13,email_open
745,evt_00007856,2026-06-17,email_open
745,evt_00007860,2026-07-03,website_visit
745,evt_00007859,2026-07-09,website_visit
745,evt_00007855,2026-07-20,email_click
745,evt_00007858,2026-07-29,email_open
745,evt_00007861,2026-07-31,email_click
746,evt_00007863,2026-08-08,email_open
746,evt_00007864,2026-08-08,email_click
746,evt_00007865,2026-08-08,website_visit
746,evt_00007866,2026-08-08,email_click
746,evt_00007867,2026-08-08,email_open
746,evt_00007868,2026-08-08,website_visit
746,evt_00007869,2026-08-08,email_open
746,evt_00007870,2026-08-08,email_open
746,evt_00007871,2026-08-08,website_visit
746,evt_00007872,2026-08-08,email_click
746,evt_00007873,2026-08-08,email_open
746,evt_00007874,2026-08-08,email_open
746,evt_00007875,2026-08-08,email_click
746,evt_00007876,2026-08-08,email_open
746,evt_00007877,2026-08-08,email_open
746,evt_00007878,2026-08-08,email_click
746,evt_00007879,2026-08-08,website_visit
746,evt_00007880,2026-08-08,email_open
746,evt_00007881,2026-08-08,email_click
746,evt_00007882,2026-08-08,email_click
747,evt_00007903,2026-04-21,website_visit
747,evt_00007904,2026-04-30,email_click
747,evt_00007895,2026-05-01,email_open
747,evt_00007883,2026-05-06,demo_request
747,evt_00007899,2026-05-12,email_click
747,evt_00007900,2026-05-14,email_open
747,evt_00007898,2026-05-20,email_click
747,evt_00007894,2026-05-23,email_click
747,evt_00007884,2026-05-24,website_visit
747,evt_00007897,2026-05-26,website_visit
747,evt_00007892,2026-05-31,website_visit
747,evt_00007888,2026-06-07,form_fill
747,evt_00007902,2026-06-14,email_open
747,evt_00007891,2026-06-21,email_open
747,evt_00007901,2026-07-04,website_visit
747,evt_00007896,2026-07-06,email_open
747,evt_00007886,2026-07-10,website_visit
747,evt_00007889,2026-07-18,form_fill
747,evt_00007885,2026-07-19,email_click
747,evt_00007893,2026-07-29,email_open
747,evt_00007887,2026-08-05,email_click
747,evt_00007890,2026-08-08,email_open
748,evt_00007905,2026-03-03,email_open
748,evt_00007907,2026-05-22,website_visit
748,evt_00007906,2026-07-18,website_visit
750,evt_00007908,2026-04-18,email_open
750,evt_00007911,2026-05-07,website_visit
750,evt_00007910,2026-06-23,email_open
750,evt_00007909,2026-07-19,email_open
751,evt_00007912,2026-08-04,website_visit
751,evt_00007913,2026-08-04,form_fill
751,evt_00007914,2026-08-04,website_visit
751,evt_00007915,2026-08-05,website_visit
752,evt_00007917,2026-04-28,email_click
752,evt_00007918,2026-05-21,email_click
752,evt_00007921,2026-07-04,email_click
752,evt_00007919,2026-07-14,email_open
752,evt_00007920,2026-07-16,email_open
752,evt_00007916,2026-08-05,website_visit
753,evt_00007925,2026-04-14,email_click
753,evt_00007926,2026-05-03,email_click
753,evt_00007924,2026-05-05,email_click
753,evt_00007923,2026-06-05,website_visit
753,evt_00007922,2026-07-13,email_open
754,evt_00007930,2026-07-10,email_open
754,evt_00007938,2026-07-10,demo_request
754,evt_00007934,2026-07-11,demo_request
754,evt_00007929,2026-07-13,website_visit
754,evt_00007936,2026-07-13,form_fill
754,evt_00007935,2026-07-18,email_click
754,evt_00007927,2026-07-24,email_open
754,evt_00007932,2026-07-27,form_fill
754,evt_00007928,2026-07-29,email_click
754,evt_00007933,2026-07-29,email_open
754,evt_00007931,2026-08-01,email_open
754,evt_00007937,2026-08-05,website_visit
755,evt_00007940,2026-05-24,website_visit
755,evt_00007939,2026-06-06,email_open
755,evt_00007948,2026-06-25,website_visit
755,evt_00007945,2026-06-28,email_open
755,evt_00007946,2026-07-02,email_open
755,evt_00007942,2026-07-06,website_visit
755,evt_00007947,2026-07-09,email_open
755,evt_00007943,2026-07-20,email_click
755,evt_00007944,2026-07-26,form_fill
755,evt_00007941,2026-08-08,email_open
756,evt_00007949,2026-04-17,email_open
756,evt_00007950,2026-04-18,email_open
756,evt_00007951,2026-06-14,email_open
757,evt_00007956,2026-06-06,email_open
757,evt_00007961,2026-06-07,email_open
757,evt_00007957,2026-06-20,email_open
757,evt_00007953,2026-06-26,email_open
757,evt_00007959,2026-06-29,email_open
757,evt_00007960,2026-07-05,website_visit
757,evt_00007958,2026-07-10,email_click
757,evt_00007955,2026-07-13,email_open
757,evt_00007954,2026-07-23,email_open
757,evt_00007952,2026-08-04,email_open
758,evt_00007964,2026-05-18,email_open
758,evt_00007963,2026-05-21,email_open
758,evt_00007962,2026-06-23,email_open
759,evt_00007965,2026-06-26,website_visit
759,evt_00007968,2026-06-26,email_click
759,evt_00007967,2026-07-07,email_open
759,evt_00007972,2026-07-11,email_click
759,evt_00007970,2026-07-19,email_open
759,evt_00007969,2026-07-26,email_open
759,evt_00007971,2026-07-27,email_open
759,evt_00007966,2026-07-28,email_click
760,evt_00007973,2026-03-10,website_visit
760,evt_00007989,2026-03-11,email_open
760,evt_00007988,2026-03-12,demo_request
760,evt_00007995,2026-03-24,website_visit
760,evt_00007994,2026-04-12,email_open
760,evt_00007974,2026-04-17,email_open
760,evt_00007978,2026-05-07,website_visit
760,evt_00007980,2026-05-11,email_open
760,evt_00007982,2026-05-20,email_open
760,evt_00007979,2026-06-17,email_click
760,evt_00007987,2026-06-26,email_open
760,evt_00007984,2026-06-29,website_visit
760,evt_00007992,2026-06-29,website_visit
760,evt_00007991,2026-07-06,email_click
760,evt_00007975,2026-07-07,email_open
760,evt_00007983,2026-07-07,email_open
760,evt_00007990,2026-07-07,email_open
760,evt_00007985,2026-07-11,email_open
760,evt_00007981,2026-07-19,email_click
760,evt_00007986,2026-07-24,email_open
760,evt_00007976,2026-07-30,website_visit
760,evt_00007977,2026-07-30,website_visit
760,evt_00007993,2026-08-03,email_click
761,evt_00008001,2026-04-27,email_open
761,evt_00008007,2026-05-06,form_fill
761,evt_00007999,2026-05-10,email_open
761,evt_00008000,2026-05-11,email_open
761,evt_00008005,2026-05-12,website_visit
761,evt_00008004,2026-05-26,email_open
761,evt_00008006,2026-05-27,email_click
761,evt_00007998,2026-05-31,email_open
761,evt_00008002,2026-05-31,email_open
761,evt_00008003,2026-06-16,website_visit
761,evt_00007996,2026-06-19,website_visit
761,evt_00007997,2026-06-29,email_click
761,evt_00008008,2026-07-10,email_click
762,evt_00008016,2026-02-25,form_fill
762,evt_00008020,2026-03-30,demo_request
762,evt_00008013,2026-04-14,website_visit
762,evt_00008017,2026-05-12,email_open
762,evt_00008010,2026-05-29,email_open
762,evt_00008009,2026-06-04,email_click
762,evt_00008019,2026-06-05,email_open
762,evt_00008014,2026-06-09,website_visit
762,evt_00008011,2026-06-13,email_click
762,evt_00008018,2026-06-26,website_visit
762,evt_00008012,2026-07-01,email_open
762,evt_00008015,2026-07-07,form_fill
763,evt_00008027,2026-03-02,email_open
763,evt_00008035,2026-03-02,website_visit
763,evt_00008037,2026-03-05,website_visit
763,evt_00008029,2026-03-07,demo_request
763,evt_00008026,2026-03-10,email_click
763,evt_00008024,2026-03-14,email_open
763,evt_00008021,2026-03-16,email_click
763,evt_00008032,2026-03-19,email_click
763,evt_00008022,2026-03-26,email_open
763,evt_00008028,2026-04-01,form_fill
763,evt_00008036,2026-04-09,email_open
763,evt_00008034,2026-04-23,form_fill
763,evt_00008033,2026-04-30,website_visit
763,evt_00008025,2026-05-12,email_click
763,evt_00008030,2026-07-07,email_open
763,evt_00008031,2026-07-11,website_visit
763,evt_00008023,2026-07-23,email_open
764,evt_00008042,2026-08-03,email_click
764,evt_00008045,2026-08-03,demo_request
764,evt_00008055,2026-08-03,website_visit
764,evt_00008040,2026-08-04,email_open
764,evt_00008043,2026-08-04,email_click
764,evt_00008047,2026-08-04,website_visit
764,evt_00008053,2026-08-04,form_fill
764,evt_00008054,2026-08-04,email_click
764,evt_00008039,2026-08-05,email_open
764,evt_00008051,2026-08-05,website_visit
764,evt_00008046,2026-08-06,website_visit
764,evt_00008049,2026-08-06,email_open
764,evt_00008056,2026-08-06,email_open
764,evt_00008058,2026-08-06,email_open
764,evt_00008038,2026-08-07,website_visit
764,evt_00008050,2026-08-07,form_fill
764,evt_00008052,2026-08-07,email_open
764,evt_00008041,2026-08-08,website_visit
764,evt_00008044,2026-08-08,website_visit
764,evt_00008048,2026-08-08,website_visit
764,evt_00008057,2026-08-08,form_fill
765,evt_00008060,2026-06-20,website_visit
765,evt_00008061,2026-07-21,email_open
765,evt_00008059,2026-08-04,email_open
766,evt_00008062,2026-08-05,email_click
766,evt_00008064,2026-08-05,website_visit
766,evt_00008068,2026-08-05,email_open
766,evt_00008063,2026-08-07,email_open
766,evt_00008065,2026-08-07,website_visit
766,evt_00008066,2026-08-08,form_fill
766,evt_00008067,2026-08-08,website_visit
767,evt_00008070,2026-06-21,email_click
767,evt_00008071,2026-06-27,email_open
767,evt_00008069,2026-06-28,website_visit
767,evt_00008072,2026-06-28,email_open
767,evt_00008074,2026-08-03,website_visit
767,evt_00008073,2026-08-05,email_open
768,evt_00008080,2026-03-29,email_open
768,evt_00008081,2026-04-22,email_open
768,evt_00008078,2026-05-17,website_visit
768,evt_00008075,2026-05-27,website_visit
768,evt_00008079,2026-06-18,email_open
768,evt_00008077,2026-07-21,email_open
768,evt_00008076,2026-08-07,email_click
769,evt_00008082,2026-06-05,demo_request
769,evt_00008084,2026-06-17,email_click
769,evt_00008083,2026-07-05,email_open
770,evt_00008092,2026-04-13,website_visit
770,evt_00008087,2026-04-18,email_open
770,evt_00008091,2026-05-04,email_open
770,evt_00008093,2026-05-16,email_open
770,evt_00008085,2026-05-27,form_fill
770,evt_00008088,2026-05-29,email_open
770,evt_00008086,2026-06-08,form_fill
770,evt_00008095,2026-06-17,website_visit
770,evt_00008090,2026-06-23,email_open
770,evt_00008089,2026-07-14,email_click
770,evt_00008094,2026-08-01,website_visit
771,evt_00008101,2026-03-04,email_open
771,evt_00008097,2026-06-05,website_visit
771,evt_00008100,2026-06-18,email_open
771,evt_00008096,2026-06-21,website_visit
771,evt_00008098,2026-06-21,website_visit
771,evt_00008099,2026-07-03,email_open
772,evt_00008103,2026-06-26,email_click
772,evt_00008102,2026-08-04,email_open
773,evt_00008104,2026-06-17,form_fill
773,evt_00008108,2026-06-27,form_fill
773,evt_00008105,2026-07-19,email_open
773,evt_00008106,2026-07-23,email_open
773,evt_00008110,2026-07-23,email_open
773,evt_00008109,2026-07-31,email_open
773,evt_00008107,2026-08-06,email_open
774,evt_00008121,2026-05-10,email_open
774,evt_00008125,2026-05-15,email_open
774,evt_00008113,2026-05-16,email_click
774,evt_00008115,2026-05-22,email_open
774,evt_00008111,2026-05-24,email_open
774,evt_00008130,2026-05-25,email_open
774,evt_00008123,2026-05-27,website_visit
774,evt_00008134,2026-05-27,form_fill
774,evt_00008133,2026-06-02,website_visit
774,evt_00008118,2026-06-21,email_click
774,evt_00008128,2026-06-26,email_open
774,evt_00008124,2026-06-29,email_click
774,evt_00008131,2026-07-04,email_open
774,evt_00008132,2026-07-06,email_open
774,evt_00008127,2026-07-13,website_visit
774,evt_00008116,2026-07-19,email_click
774,evt_00008119,2026-07-19,email_open
774,evt_00008114,2026-07-25,email_open
774,evt_00008129,2026-07-25,email_open
774,evt_00008120,2026-07-26,website_visit
774,evt_00008122,2026-07-26,email_click
774,evt_00008117,2026-08-02,website_visit
774,evt_00008112,2026-08-04,email_open
774,evt_00008126,2026-08-04,email_click
774,evt_00008135,2026-08-05,email_open
775,evt_00008137,2026-04-27,email_click
775,evt_00008138,2026-05-18,email_open
775,evt_00008136,2026-05-20,website_visit
776,evt_00008143,2026-07-02,website_visit
776,evt_00008144,2026-07-07,email_open
776,evt_00008141,2026-07-15,email_open
776,evt_00008142,2026-07-19,website_visit
776,evt_00008140,2026-07-20,email_click
776,evt_00008139,2026-08-07,email_click
777,evt_00008148,2026-03-04,email_open
777,evt_00008146,2026-03-14,email_click
777,evt_00008147,2026-03-25,email_click
777,evt_00008154,2026-04-13,email_open
777,evt_00008150,2026-04-18,email_open
777,evt_00008145,2026-04-29,email_open
777,evt_00008151,2026-05-04,email_open
777,evt_00008149,2026-05-10,email_open
777,evt_00008153,2026-07-01,email_open
777,evt_00008152,2026-07-15,website_visit
777,evt_00008155,2026-07-17,email_open
778,evt_00008161,2026-05-13,website_visit
778,evt_00008167,2026-05-15,website_visit
778,evt_00008165,2026-06-12,form_fill
778,evt_00008156,2026-06-13,email_open
778,evt_00008158,2026-06-15,email_click
778,evt_00008162,2026-06-28,email_open
778,evt_00008157,2026-07-02,email_open
778,evt_00008159,2026-07-02,email_click
778,evt_00008163,2026-07-09,email_open
778,evt_00008164,2026-07-13,email_click
778,evt_00008166,2026-07-14,email_click
778,evt_00008160,2026-07-15,website_visit
779,evt_00008169,2026-07-20,email_open
779,evt_00008171,2026-07-21,email_click
779,evt_00008170,2026-07-24,website_visit
779,evt_00008168,2026-08-07,demo_request
779,evt_00008172,2026-08-07,email_click
780,evt_00008176,2026-04-13,email_click
780,evt_00008179,2026-04-26,email_open
780,evt_00008174,2026-05-11,email_click
780,evt_00008173,2026-06-02,website_visit
780,evt_00008178,2026-06-22,website_visit
780,evt_00008175,2026-07-03,website_visit
780,evt_00008177,2026-07-21,email_open
781,evt_00008180,2026-04-12,website_visit
781,evt_00008184,2026-04-19,email_open
781,evt_00008190,2026-04-23,email_click
781,evt_00008189,2026-04-26,email_open
781,evt_00008185,2026-04-30,email_open
781,evt_00008181,2026-05-12,form_fill
781,evt_00008188,2026-05-13,email_click
781,evt_00008186,2026-06-05,email_open
781,evt_00008182,2026-06-24,email_open
781,evt_00008183,2026-07-09,email_click
781,evt_00008192,2026-07-18,email_click
781,evt_00008187,2026-07-24,email_open
781,evt_00008191,2026-08-04,website_visit
782,evt_00008193,2026-06-04,email_open
783,evt_00008195,2026-06-08,email_open
783,evt_00008194,2026-07-05,email_open
783,evt_00008196,2026-07-23,email_open
784,evt_00008200,2026-07-28,demo_request
784,evt_00008201,2026-08-01,email_open
784,evt_00008199,2026-08-03,form_fill
784,evt_00008197,2026-08-08,email_click
784,evt_00008198,2026-08-08,email_click
785,evt_00008207,2026-05-01,email_open
785,evt_00008202,2026-05-08,demo_request
785,evt_00008204,2026-05-10,email_open
785,evt_00008214,2026-05-19,email_open
785,evt_00008209,2026-05-28,website_visit
785,evt_00008208,2026-06-01,form_fill
785,evt_00008213,2026-06-04,email_open
785,evt_00008211,2026-06-13,demo_request
785,evt_00008210,2026-06-26,email_click
785,evt_00008205,2026-07-03,email_open
785,evt_00008206,2026-07-04,website_visit
785,evt_00008215,2026-07-04,website_visit
785,evt_00008216,2026-07-08,email_open
785,evt_00008212,2026-07-11,form_fill
785,evt_00008217,2026-07-12,demo_request
785,evt_00008218,2026-08-04,email_open
785,evt_00008203,2026-08-07,website_visit
786,evt_00008227,2026-07-11,website_visit
786,evt_00008219,2026-07-16,email_open
786,evt_00008223,2026-07-23,website_visit
786,evt_00008224,2026-07-23,email_click
786,evt_00008226,2026-07-23,email_click
786,evt_00008225,2026-07-27,email_open
786,evt_00008220,2026-07-30,email_click
786,evt_00008221,2026-07-30,email_click
786,evt_00008222,2026-08-01,email_click
787,evt_00008231,2026-07-15,email_click
787,evt_00008230,2026-07-21,email_click
787,evt_00008229,2026-07-24,email_click
787,evt_00008228,2026-08-04,email_open
788,evt_00008232,2026-08-04,email_open
789,evt_00008235,2026-06-08,email_open
789,evt_00008250,2026-06-09,email_click
789,evt_00008236,2026-06-11,website_visit
789,evt_00008243,2026-06-11,email_open
789,evt_00008238,2026-06-12,email_click
789,evt_00008233,2026-06-18,email_open
789,evt_00008240,2026-06-18,website_visit
789,evt_00008253,2026-06-19,email_open
789,evt_00008241,2026-06-23,email_open
789,evt_00008244,2026-06-23,website_visit
789,evt_00008242,2026-06-28,email_open
789,evt_00008239,2026-06-29,website_visit
789,evt_00008255,2026-07-08,form_fill
789,evt_00008248,2026-07-12,website_visit
789,evt_00008245,2026-07-13,email_open
789,evt_00008252,2026-07-15,website_visit
789,evt_00008249,2026-07-20,email_open
789,evt_00008247,2026-07-28,email_open
789,evt_00008234,2026-07-29,email_open
789,evt_00008237,2026-07-29,email_open
789,evt_00008254,2026-07-29,email_open
789,evt_00008251,2026-08-01,email_open
789,evt_00008246,2026-08-06,email_open
789,evt_00008256,2026-08-07,website_visit
790,evt_00008257,2026-07-17,email_click
790,evt_00008268,2026-07-17,website_visit
790,evt_00008263,2026-07-20,demo_request
790,evt_00008269,2026-07-22,demo_request
790,evt_00008266,2026-07-24,email_open
790,evt_00008260,2026-07-26,email_open
790,evt_00008259,2026-07-27,email_open
790,evt_00008264,2026-07-29,email_open
790,evt_00008262,2026-07-31,email_open
790,evt_00008265,2026-07-31,email_open
790,evt_00008258,2026-08-02,website_visit
790,evt_00008267,2026-08-02,email_click
790,evt_00008270,2026-08-04,email_click
790,evt_00008261,2026-08-08,email_open
791,evt_00008271,2026-04-11,email_open
791,evt_00008282,2026-04-12,form_fill
791,evt_00008276,2026-04-20,demo_request
791,evt_00008272,2026-05-02,email_open
791,evt_00008275,2026-05-12,email_open
791,evt_00008274,2026-05-15,email_open
791,evt_00008284,2026-05-23,email_open
791,evt_00008280,2026-06-07,website_visit
791,evt_00008283,2026-06-19,email_open
791,evt_00008277,2026-07-06,email_open
791,evt_00008273,2026-07-22,website_visit
791,evt_00008281,2026-07-26,website_visit
791,evt_00008278,2026-07-31,website_visit
791,evt_00008279,2026-08-07,email_click
792,evt_00008291,2026-07-16,email_click
792,evt_00008293,2026-07-21,email_open
792,evt_00008285,2026-07-25,email_open
792,evt_00008290,2026-07-31,email_open
792,evt_00008287,2026-08-01,website_visit
792,evt_00008288,2026-08-02,email_open
792,evt_00008289,2026-08-02,email_open
792,evt_00008286,2026-08-06,email_open
792,evt_00008292,2026-08-08,email_click
793,evt_00008294,2026-06-27,form_fill
794,evt_00008304,2026-07-15,website_visit
794,evt_00008301,2026-07-22,form_fill
794,evt_00008297,2026-07-23,email_open
794,evt_00008296,2026-07-24,email_open
794,evt_00008302,2026-07-27,website_visit
794,evt_00008295,2026-07-29,email_open
794,evt_00008300,2026-07-30,email_open
794,evt_00008303,2026-08-01,email_open
794,evt_00008298,2026-08-04,website_visit
794,evt_00008299,2026-08-07,email_click
795,evt_00008309,2026-07-23,email_open
795,evt_00008306,2026-07-29,email_open
795,evt_00008305,2026-08-01,website_visit
795,evt_00008313,2026-08-02,email_click
795,evt_00008308,2026-08-04,email_open
795,evt_00008312,2026-08-05,form_fill
795,evt_00008310,2026-08-07,website_visit
795,evt_00008307,2026-08-08,email_click
795,evt_00008311,2026-08-08,email_click
796,evt_00008334,2026-06-18,email_open
796,evt_00008322,2026-06-22,website_visit
796,evt_00008326,2026-06-26,email_click
796,evt_00008327,2026-06-27,email_click
796,evt_00008323,2026-06-30,email_open
796,evt_00008328,2026-07-04,email_open
796,evt_00008319,2026-07-05,website_visit
796,evt_00008333,2026-07-19,website_visit
796,evt_00008316,2026-07-20,website_visit
796,evt_00008320,2026-07-21,website_visit
796,evt_00008324,2026-07-24,email_open
796,evt_00008318,2026-07-28,website_visit
796,evt_00008332,2026-07-28,email_open
796,evt_00008314,2026-07-29,email_open
796,evt_00008330,2026-07-29,email_click
796,evt_00008331,2026-07-29,email_open
796,evt_00008321,2026-07-30,website_visit
796,evt_00008325,2026-07-30,email_click
796,evt_00008317,2026-08-05,email_open
796,evt_00008315,2026-08-08,website_visit
796,evt_00008329,2026-08-08,website_visit
797,evt_00008336,2026-04-27,email_open
797,evt_00008348,2026-04-27,email_open
797,evt_00008339,2026-05-01,form_fill
797,evt_00008344,2026-05-04,website_visit
797,evt_00008353,2026-05-04,email_open
797,evt_00008352,2026-05-08,website_visit
797,evt_00008347,2026-05-10,website_visit
797,evt_00008350,2026-05-10,email_open
797,evt_00008349,2026-05-12,website_visit
797,evt_00008341,2026-05-29,email_open
797,evt_00008346,2026-06-01,website_visit
797,evt_00008338,2026-06-12,email_open
797,evt_00008337,2026-06-14,website_visit
797,evt_00008351,2026-06-26,email_open
797,evt_00008345,2026-06-29,email_open
797,evt_00008335,2026-07-03,email_open
797,evt_00008340,2026-07-17,email_open
797,evt_00008342,2026-07-24,website_visit
797,evt_00008343,2026-07-24,form_fill
798,evt_00008357,2026-06-08,email_open
798,evt_00008364,2026-06-10,email_click
798,evt_00008365,2026-06-17,email_open
798,evt_00008367,2026-06-18,email_open
798,evt_00008354,2026-06-23,website_visit
798,evt_00008360,2026-06-26,email_open
798,evt_00008366,2026-07-13,form_fill
798,evt_00008355,2026-07-15,email_open
798,evt_00008368,2026-07-16,email_open
798,evt_00008356,2026-07-20,email_open
798,evt_00008358,2026-08-01,email_open
798,evt_00008359,2026-08-04,demo_request
798,evt_00008362,2026-08-04,email_click
798,evt_00008361,2026-08-05,website_visit
798,evt_00008363,2026-08-06,website_visit
799,evt_00008371,2026-05-31,form_fill
799,evt_00008369,2026-06-27,website_visit
799,evt_00008370,2026-07-16,email_open
800,evt_00008377,2026-07-05,email_open
800,evt_00008373,2026-07-12,email_open
800,evt_00008372,2026-07-13,email_open
800,evt_00008375,2026-07-21,email_open
800,evt_00008376,2026-07-30,email_click
800,evt_00008378,2026-08-03,website_visit
800,evt_00008374,2026-08-06,email_click
801,evt_00008384,2026-07-20,email_open
801,evt_00008379,2026-07-21,email_open
801,evt_00008380,2026-07-21,email_open
801,evt_00008388,2026-07-22,email_open
801,evt_00008386,2026-07-23,email_open
801,evt_00008391,2026-07-23,email_open
801,evt_00008392,2026-07-24,email_open
801,evt_00008389,2026-07-25,form_fill
801,evt_00008394,2026-07-25,website_visit
801,evt_00008387,2026-07-26,website_visit
801,evt_00008390,2026-07-28,email_click
801,evt_00008381,2026-07-30,email_open
801,evt_00008383,2026-08-07,website_visit
801,evt_00008385,2026-08-07,form_fill
801,evt_00008393,2026-08-07,website_visit
801,evt_00008382,2026-08-08,email_open
802,evt_00008397,2026-07-05,website_visit
802,evt_00008396,2026-07-07,email_click
802,evt_00008398,2026-07-07,email_open
802,evt_00008399,2026-07-11,form_fill
802,evt_00008395,2026-07-19,email_open
803,evt_00008405,2026-03-24,email_open
803,evt_00008403,2026-04-04,website_visit
803,evt_00008401,2026-04-05,email_open
803,evt_00008407,2026-04-28,email_click
803,evt_00008400,2026-06-12,email_open
803,evt_00008404,2026-07-14,form_fill
803,evt_00008406,2026-07-30,email_click
803,evt_00008402,2026-07-31,email_open
804,evt_00008410,2026-06-11,email_open
804,evt_00008408,2026-07-13,website_visit
804,evt_00008409,2026-07-16,website_visit
805,evt_00008412,2026-05-28,email_open
805,evt_00008417,2026-06-17,email_click
805,evt_00008415,2026-06-20,website_visit
805,evt_00008411,2026-07-03,email_open
805,evt_00008420,2026-07-06,website_visit
805,evt_00008418,2026-07-07,email_open
805,evt_00008419,2026-07-08,email_open
805,evt_00008413,2026-07-23,website_visit
805,evt_00008416,2026-07-24,website_visit
805,evt_00008414,2026-07-29,website_visit
805,evt_00008421,2026-07-31,email_open
806,evt_00008427,2026-08-03,email_open
806,evt_00008428,2026-08-03,website_visit
806,evt_00008440,2026-08-03,email_open
806,evt_00008443,2026-08-03,email_click
806,evt_00008453,2026-08-03,email_open
806,evt_00008457,2026-08-03,email_open
806,evt_00008458,2026-08-03,demo_request
806,evt_00008465,2026-08-03,email_open
806,evt_00008472,2026-08-03,email_open
806,evt_00008478,2026-08-03,email_open
806,evt_00008424,2026-08-04,email_click
806,evt_00008432,2026-08-04,email_open
806,evt_00008435,2026-08-04,website_visit
806,evt_00008444,2026-08-04,website_visit
806,evt_00008445,2026-08-04,email_open
806,evt_00008449,2026-08-04,email_open
806,evt_00008456,2026-08-04,website_visit
806,evt_00008461,2026-08-04,email_open
806,evt_00008464,2026-08-04,email_click
806,evt_00008466,2026-08-04,email_open
806,evt_00008475,2026-08-04,email_click
806,evt_00008448,2026-08-05,website_visit
806,evt_00008455,2026-08-05,website_visit
806,evt_00008462,2026-08-05,email_open
806,evt_00008469,2026-08-05,email_click
806,evt_00008430,2026-08-06,email_open
806,evt_00008431,2026-08-06,email_click
806,evt_00008433,2026-08-06,email_open
806,evt_00008436,2026-08-06,form_fill
806,evt_00008447,2026-08-06,email_open
806,evt_00008450,2026-08-06,form_fill
806,evt_00008459,2026-08-06,email_open
806,evt_00008463,2026-08-06,email_open
806,evt_00008470,2026-08-06,email_click
806,evt_00008473,2026-08-06,email_click
806,evt_00008425,2026-08-07,email_open
806,evt_00008426,2026-08-07,email_open
806,evt_00008437,2026-08-07,email_open
806,evt_00008438,2026-08-07,email_open
806,evt_00008442,2026-08-07,website_visit
806,evt_00008454,2026-08-07,email_open
806,evt_00008460,2026-08-07,email_open
806,evt_00008471,2026-08-07,demo_request
806,evt_00008476,2026-08-07,email_open
806,evt_00008477,2026-08-07,website_visit
806,evt_00008422,2026-08-08,website_visit
806,evt_00008423,2026-08-08,email_click
806,evt_00008429,2026-08-08,demo_request
806,evt_00008434,2026-08-08,form_fill
806,evt_00008439,2026-08-08,email_open
806,evt_00008441,2026-08-08,website_visit
806,evt_00008446,2026-08-08,email_open
806,evt_00008451,2026-08-08,website_visit
806,evt_00008452,2026-08-08,form_fill
806,evt_00008467,2026-08-08,website_visit
806,evt_00008468,2026-08-08,email_open
806,evt_00008474,2026-08-08,email_click
807,evt_00008482,2026-08-07,email_click
807,evt_00008484,2026-08-07,email_open
807,evt_00008485,2026-08-07,email_open
807,evt_00008479,2026-08-08,email_click
807,evt_00008480,2026-08-08,form_fill
807,evt_00008481,2026-08-08,email_click
807,evt_00008483,2026-08-08,website_visit
808,evt_00008487,2026-03-11,email_open
808,evt_00008488,2026-05-01,email_open
808,evt_00008489,2026-05-01,email_click
808,evt_00008486,2026-08-06,email_click
809,evt_00008492,2026-05-26,form_fill
809,evt_00008496,2026-05-30,form_fill
809,evt_00008501,2026-06-11,email_click
809,evt_00008493,2026-06-15,email_click
809,evt_00008500,2026-06-20,email_open
809,evt_00008497,2026-06-25,email_click
809,evt_00008490,2026-07-01,email_click
809,evt_00008499,2026-07-04,email_open
809,evt_00008494,2026-07-10,email_open
809,evt_00008503,2026-07-24,email_click
809,evt_00008495,2026-07-28,email_open
809,evt_00008498,2026-07-30,email_open
809,evt_00008491,2026-08-02,form_fill
809,evt_00008502,2026-08-04,website_visit
811,evt_00008506,2026-05-24,email_open
811,evt_00008505,2026-06-04,email_open
811,evt_00008504,2026-06-13,website_visit
812,evt_00008510,2026-04-25,email_click
812,evt_00008511,2026-06-06,website_visit
812,evt_00008507,2026-06-12,email_open
812,evt_00008508,2026-06-24,email_open
812,evt_00008509,2026-08-01,email_click
813,evt_00008523,2026-06-10,email_click
813,evt_00008526,2026-06-10,email_open
813,evt_00008539,2026-06-17,email_click
813,evt_00008527,2026-06-18,form_fill
813,evt_00008512,2026-06-26,form_fill
813,evt_00008528,2026-06-26,email_click
813,evt_00008516,2026-06-30,website_visit
813,evt_00008534,2026-07-01,email_open
813,evt_00008519,2026-07-03,email_click
813,evt_00008515,2026-07-05,email_open
813,evt_00008521,2026-07-05,email_click
813,evt_00008538,2026-07-11,email_click
813,evt_00008517,2026-07-14,email_open
813,evt_00008522,2026-07-14,email_open
813,evt_00008535,2026-07-15,form_fill
813,evt_00008531,2026-07-16,email_open
813,evt_00008520,2026-07-18,form_fill
813,evt_00008536,2026-07-18,form_fill
813,evt_00008525,2026-07-20,website_visit
813,evt_00008524,2026-07-23,email_click
813,evt_00008533,2026-07-25,email_click
813,evt_00008529,2026-07-31,email_click
813,evt_00008532,2026-07-31,website_visit
813,evt_00008537,2026-07-31,demo_request
813,evt_00008530,2026-08-04,email_open
813,evt_00008513,2026-08-07,website_visit
813,evt_00008514,2026-08-08,form_fill
813,evt_00008518,2026-08-08,email_open
814,evt_00008543,2026-07-31,email_open
814,evt_00008544,2026-08-01,email_open
814,evt_00008542,2026-08-04,email_open
814,evt_00008541,2026-08-06,demo_request
814,evt_00008540,2026-08-08,email_open
815,evt_00008555,2026-04-27,email_open
815,evt_00008552,2026-05-13,email_open
815,evt_00008547,2026-05-21,email_click
815,evt_00008550,2026-05-27,email_click
815,evt_00008551,2026-05-31,demo_request
815,evt_00008553,2026-06-02,email_open
815,evt_00008549,2026-06-13,website_visit
815,evt_00008560,2026-06-28,email_open
815,evt_00008557,2026-06-29,email_click
815,evt_00008548,2026-07-06,email_open
815,evt_00008556,2026-07-07,website_visit
815,evt_00008546,2026-07-21,email_open
815,evt_00008545,2026-07-22,website_visit
815,evt_00008559,2026-07-24,email_click
815,evt_00008558,2026-08-07,email_open
815,evt_00008554,2026-08-08,email_open
816,evt_00008561,2026-05-25,website_visit
816,evt_00008562,2026-05-25,email_open
816,evt_00008563,2026-06-07,website_visit
816,evt_00008566,2026-07-05,email_click
816,evt_00008565,2026-07-20,website_visit
816,evt_00008567,2026-07-21,email_open
816,evt_00008564,2026-08-02,form_fill
817,evt_00008569,2026-06-23,email_click
817,evt_00008572,2026-07-01,website_visit
817,evt_00008571,2026-07-07,email_open
817,evt_00008568,2026-07-08,website_visit
817,evt_00008570,2026-08-02,website_visit
818,evt_00008579,2026-06-06,website_visit
818,evt_00008580,2026-07-02,email_click
818,evt_00008581,2026-07-02,email_open
818,evt_00008576,2026-07-03,form_fill
818,evt_00008578,2026-07-10,email_click
818,evt_00008574,2026-07-15,email_click
818,evt_00008577,2026-07-16,website_visit
818,evt_00008573,2026-08-08,email_open
818,evt_00008575,2026-08-08,website_visit
818,evt_00008582,2026-08-08,website_visit
819,evt_00008588,2026-04-27,email_open
819,evt_00008590,2026-06-02,website_visit
819,evt_00008589,2026-06-04,email_click
819,evt_00008585,2026-06-10,email_click
819,evt_00008583,2026-06-21,email_open
819,evt_00008592,2026-06-25,email_open
819,evt_00008587,2026-07-06,email_open
819,evt_00008584,2026-07-07,website_visit
819,evt_00008591,2026-07-15,website_visit
819,evt_00008586,2026-07-27,form_fill
820,evt_00008594,2026-06-22,email_open
820,evt_00008596,2026-06-29,email_open
820,evt_00008593,2026-07-11,email_open
820,evt_00008595,2026-07-22,email_open
821,evt_00008604,2026-02-17,website_visit
821,evt_00008597,2026-02-18,email_open
821,evt_00008607,2026-03-30,email_open
821,evt_00008602,2026-05-07,email_open
821,evt_00008606,2026-05-08,email_open
821,evt_00008599,2026-05-18,form_fill
821,evt_00008598,2026-05-22,email_open
821,evt_00008608,2026-06-12,email_click
821,evt_00008603,2026-06-17,website_visit
821,evt_00008601,2026-06-23,email_open
821,evt_00008605,2026-07-11,email_open
821,evt_00008600,2026-07-27,website_visit
822,evt_00008610,2026-03-29,email_open
822,evt_00008618,2026-03-30,website_visit
822,evt_00008620,2026-04-03,email_open
822,evt_00008614,2026-04-11,email_open
822,evt_00008621,2026-05-06,website_visit
822,evt_00008619,2026-05-23,website_visit
822,evt_00008611,2026-06-02,email_click
822,evt_00008609,2026-06-14,email_click
822,evt_00008612,2026-06-20,email_open
822,evt_00008617,2026-06-24,email_open
822,evt_00008613,2026-07-03,email_open
822,evt_00008615,2026-07-11,website_visit
822,evt_00008616,2026-07-12,email_open
823,evt_00008622,2026-06-04,email_click
823,evt_00008626,2026-06-11,website_visit
823,evt_00008629,2026-06-27,email_open
823,evt_00008627,2026-07-01,website_visit
823,evt_00008624,2026-07-03,email_click
823,evt_00008632,2026-07-12,email_open
823,evt_00008625,2026-07-16,email_open
823,evt_00008623,2026-07-17,form_fill
823,evt_00008630,2026-07-17,email_open
823,evt_00008631,2026-07-24,demo_request
823,evt_00008628,2026-07-27,form_fill
823,evt_00008633,2026-07-27,website_visit
824,evt_00008636,2026-07-17,email_open
824,evt_00008640,2026-07-18,email_open
824,evt_00008638,2026-07-21,email_click
824,evt_00008639,2026-07-23,email_click
824,evt_00008637,2026-07-24,website_visit
824,evt_00008634,2026-07-30,email_open
824,evt_00008635,2026-08-06,email_open
825,evt_00008642,2026-06-06,demo_request
825,evt_00008641,2026-07-15,email_click
826,evt_00008646,2026-05-22,email_open
826,evt_00008645,2026-05-28,website_visit
826,evt_00008644,2026-06-17,email_open
826,evt_00008643,2026-07-20,email_click
826,evt_00008647,2026-07-22,email_open
826,evt_00008648,2026-07-29,website_visit
826,evt_00008649,2026-07-31,website_visit
827,evt_00008655,2026-07-15,email_click
827,evt_00008654,2026-07-17,website_visit
827,evt_00008651,2026-07-19,email_open
827,evt_00008657,2026-07-19,email_click
827,evt_00008652,2026-07-21,website_visit
827,evt_00008656,2026-07-24,website_visit
827,evt_00008662,2026-07-30,email_open
827,evt_00008653,2026-08-01,demo_request
827,evt_00008650,2026-08-03,website_visit
827,evt_00008658,2026-08-03,website_visit
827,evt_00008660,2026-08-04,email_open
827,evt_00008659,2026-08-05,demo_request
827,evt_00008661,2026-08-06,website_visit
828,evt_00008664,2026-06-14,email_open
828,evt_00008667,2026-06-16,website_visit
828,evt_00008666,2026-06-29,email_open
828,evt_00008668,2026-06-30,email_open
828,evt_00008663,2026-07-01,email_click
828,evt_00008669,2026-07-16,email_open
828,evt_00008665,2026-07-23,email_click
828,evt_00008670,2026-08-02,form_fill
830,evt_00008671,2026-04-27,email_open
830,evt_00008672,2026-05-19,email_open
830,evt_00008676,2026-05-23,website_visit
830,evt_00008675,2026-07-09,email_open
830,evt_00008673,2026-07-13,email_click
830,evt_00008674,2026-07-18,email_open
831,evt_00008680,2026-04-01,form_fill
831,evt_00008681,2026-04-12,email_open
831,evt_00008678,2026-04-23,email_open
831,evt_00008677,2026-05-20,email_open
831,evt_00008687,2026-05-25,email_open
831,evt_00008682,2026-06-01,email_open
831,evt_00008686,2026-06-10,email_open
831,evt_00008684,2026-06-14,email_open
831,evt_00008685,2026-06-21,email_click
831,evt_00008683,2026-06-26,email_open
831,evt_00008679,2026-07-09,website_visit
832,evt_00008693,2026-03-04,form_fill
832,evt_00008689,2026-04-10,email_click
832,evt_00008691,2026-05-16,email_open
832,evt_00008688,2026-05-17,email_open
832,evt_00008692,2026-05-30,form_fill
832,evt_00008690,2026-07-07,website_visit
832,evt_00008694,2026-07-10,email_open
832,evt_00008695,2026-07-30,form_fill
833,evt_00008706,2026-07-05,email_open
833,evt_00008700,2026-07-06,email_open
833,evt_00008707,2026-07-06,email_open
833,evt_00008697,2026-07-09,demo_request
833,evt_00008703,2026-07-12,email_open
833,evt_00008696,2026-07-14,email_click
833,evt_00008704,2026-07-15,email_open
833,evt_00008701,2026-07-18,form_fill
833,evt_00008699,2026-07-24,email_click
833,evt_00008708,2026-08-02,website_visit
833,evt_00008698,2026-08-03,email_open
833,evt_00008705,2026-08-06,email_open
833,evt_00008702,2026-08-08,email_open
834,evt_00008710,2026-07-17,email_open
834,evt_00008709,2026-08-02,website_visit
835,evt_00008719,2026-07-07,website_visit
835,evt_00008720,2026-07-07,email_open
835,evt_00008721,2026-07-08,email_open
835,evt_00008713,2026-07-12,email_open
835,evt_00008723,2026-07-15,email_open
835,evt_00008717,2026-07-19,website_visit
835,evt_00008716,2026-07-21,email_open
835,evt_00008715,2026-07-23,form_fill
835,evt_00008712,2026-07-24,email_open
835,evt_00008722,2026-07-24,website_visit
835,evt_00008718,2026-07-27,email_open
835,evt_00008714,2026-07-31,email_click
835,evt_00008711,2026-08-08,email_click
836,evt_00008726,2026-02-27,email_open
836,evt_00008725,2026-03-15,email_open
836,evt_00008729,2026-04-25,email_click
836,evt_00008724,2026-04-27,email_open
836,evt_00008727,2026-05-01,email_open
836,evt_00008728,2026-07-02,email_click
837,evt_00008738,2026-02-26,demo_request
837,evt_00008735,2026-03-16,website_visit
837,evt_00008730,2026-03-22,website_visit
837,evt_00008734,2026-03-27,email_click
837,evt_00008740,2026-04-16,email_click
837,evt_00008736,2026-04-27,email_click
837,evt_00008732,2026-05-13,email_open
837,evt_00008737,2026-06-17,email_open
837,evt_00008733,2026-07-03,website_visit
837,evt_00008731,2026-07-12,demo_request
837,evt_00008739,2026-07-27,email_open
838,evt_00008763,2026-05-25,email_open
838,evt_00008747,2026-05-26,email_open
838,evt_00008753,2026-05-29,website_visit
838,evt_00008756,2026-06-03,website_visit
838,evt_00008761,2026-06-07,website_visit
838,evt_00008755,2026-06-09,email_click
838,evt_00008748,2026-06-10,email_click
838,evt_00008750,2026-06-10,email_click
838,evt_00008754,2026-06-10,email_click
838,evt_00008745,2026-06-13,email_open
838,evt_00008742,2026-06-15,email_open
838,evt_00008743,2026-06-15,form_fill
838,evt_00008744,2026-06-16,website_visit
838,evt_00008758,2026-06-18,email_open
838,evt_00008741,2026-06-23,form_fill
838,evt_00008757,2026-06-26,email_open
838,evt_00008766,2026-06-26,email_open
838,evt_00008746,2026-06-27,website_visit
838,evt_00008752,2026-06-30,website_visit
838,evt_00008764,2026-07-08,email_click
838,evt_00008759,2026-07-09,website_visit
838,evt_00008762,2026-07-15,email_open
838,evt_00008749,2026-07-25,email_click
838,evt_00008767,2026-07-26,email_open
838,evt_00008760,2026-07-29,email_open
838,evt_00008751,2026-08-05,email_open
838,evt_00008765,2026-08-06,email_click
839,evt_00008769,2026-06-26,email_click
839,evt_00008768,2026-08-01,email_click
839,evt_00008770,2026-08-06,website_visit
840,evt_00008778,2026-07-15,website_visit
840,evt_00008779,2026-07-15,website_visit
840,evt_00008777,2026-07-23,email_click
840,evt_00008774,2026-07-30,demo_request
840,evt_00008773,2026-07-31,email_open
840,evt_00008771,2026-08-01,email_click
840,evt_00008772,2026-08-03,email_open
840,evt_00008781,2026-08-04,email_click
840,evt_00008775,2026-08-07,website_visit
840,evt_00008780,2026-08-07,email_open
840,evt_00008776,2026-08-08,website_visit
841,evt_00008788,2026-05-08,email_open
841,evt_00008783,2026-05-09,email_click
841,evt_00008787,2026-05-20,email_open
841,evt_00008789,2026-06-05,website_visit
841,evt_00008791,2026-06-05,email_click
841,evt_00008785,2026-06-10,email_open
841,evt_00008782,2026-06-11,email_click
841,evt_00008784,2026-07-02,email_open
841,evt_00008790,2026-07-12,email_click
841,evt_00008792,2026-07-25,email_open
841,evt_00008786,2026-07-29,website_visit
842,evt_00008799,2026-04-05,email_open
842,evt_00008797,2026-04-06,email_open
842,evt_00008801,2026-04-08,email_open
842,evt_00008794,2026-04-11,email_open
842,evt_00008796,2026-05-10,website_visit
842,evt_00008798,2026-05-17,website_visit
842,evt_00008802,2026-05-24,email_open
842,evt_00008800,2026-05-28,email_open
842,evt_00008793,2026-06-02,email_open
842,evt_00008795,2026-07-11,website_visit
842,evt_00008803,2026-07-21,email_open
843,evt_00008804,2026-07-25,email_click
843,evt_00008813,2026-07-25,email_open
843,evt_00008816,2026-07-26,website_visit
843,evt_00008818,2026-07-26,website_visit
843,evt_00008819,2026-07-26,website_visit
843,evt_00008820,2026-07-26,email_open
843,evt_00008825,2026-07-26,email_open
843,evt_00008829,2026-07-26,email_open
843,evt_00008832,2026-07-26,email_open
843,evt_00008807,2026-07-27,email_click
843,evt_00008805,2026-07-28,demo_request
843,evt_00008823,2026-07-28,email_open
843,evt_00008824,2026-07-28,email_open
843,evt_00008811,2026-07-29,form_fill
843,evt_00008821,2026-07-29,email_open
843,evt_00008809,2026-07-31,email_click
843,evt_00008834,2026-08-01,form_fill
843,evt_00008826,2026-08-03,email_open
843,evt_00008830,2026-08-03,website_visit
843,evt_00008827,2026-08-04,website_visit
843,evt_00008831,2026-08-04,email_click
843,evt_00008806,2026-08-05,website_visit
843,evt_00008810,2026-08-05,email_open
843,evt_00008814,2026-08-05,email_open
843,evt_00008828,2026-08-05,website_visit
843,evt_00008833,2026-08-05,email_click
843,evt_00008815,2026-08-06,email_click
843,evt_00008822,2026-08-06,email_click
843,evt_00008808,2026-08-07,email_click
843,evt_00008817,2026-08-07,form_fill
843,evt_00008812,2026-08-08,email_click
844,evt_00008835,2026-06-05,email_open
844,evt_00008836,2026-06-28,website_visit
844,evt_00008838,2026-07-20,email_open
844,evt_00008837,2026-07-29,website_visit
845,evt_00008841,2026-04-25,email_open
845,evt_00008839,2026-05-27,website_visit
845,evt_00008842,2026-06-14,email_click
845,evt_00008840,2026-07-09,email_open
846,evt_00008843,2026-07-13,form_fill
846,evt_00008845,2026-07-15,email_click
846,evt_00008857,2026-07-16,email_click
846,evt_00008851,2026-07-19,email_open
846,evt_00008849,2026-07-21,website_visit
846,evt_00008848,2026-07-25,email_open
846,evt_00008850,2026-07-25,website_visit
846,evt_00008853,2026-07-28,website_visit
846,evt_00008852,2026-07-30,email_open
846,evt_00008856,2026-07-30,website_visit
846,evt_00008847,2026-07-31,email_click
846,evt_00008846,2026-08-01,email_open
846,evt_00008859,2026-08-01,website_visit
846,evt_00008844,2026-08-05,email_open
846,evt_00008854,2026-08-07,website_visit
846,evt_00008855,2026-08-07,email_click
846,evt_00008858,2026-08-08,email_click
847,evt_00008863,2026-06-28,website_visit
847,evt_00008862,2026-06-29,email_open
847,evt_00008865,2026-06-29,email_open
847,evt_00008870,2026-07-01,website_visit
847,evt_00008866,2026-07-05,email_open
847,evt_00008861,2026-07-09,email_open
847,evt_00008871,2026-07-09,form_fill
847,evt_00008864,2026-07-10,email_open
847,evt_00008860,2026-07-16,email_open
847,evt_00008869,2026-07-19,email_click
847,evt_00008868,2026-07-21,email_open
847,evt_00008867,2026-07-23,form_fill
848,evt_00008879,2026-03-22,email_open
848,evt_00008880,2026-03-29,website_visit
848,evt_00008876,2026-04-04,email_open
848,evt_00008878,2026-04-04,email_click
848,evt_00008875,2026-04-17,website_visit
848,evt_00008877,2026-05-21,website_visit
848,evt_00008873,2026-06-04,email_open
848,evt_00008874,2026-06-21,website_visit
848,evt_00008872,2026-07-16,website_visit
848,evt_00008881,2026-08-08,email_open
849,evt_00008887,2026-04-21,email_click
849,evt_00008889,2026-04-23,email_open
849,evt_00008891,2026-05-16,email_open
849,evt_00008885,2026-05-26,email_open
849,evt_00008894,2026-06-09,email_click
849,evt_00008893,2026-06-10,form_fill
849,evt_00008884,2026-06-14,email_click
849,evt_00008883,2026-06-24,email_open
849,evt_00008886,2026-06-30,email_open
849,evt_00008892,2026-07-17,email_click
849,evt_00008882,2026-07-24,email_open
849,evt_00008890,2026-07-24,email_open
849,evt_00008888,2026-07-26,email_open
850,evt_00008898,2026-05-07,email_open
850,evt_00008899,2026-05-12,form_fill
850,evt_00008897,2026-06-05,website_visit
850,evt_00008901,2026-06-12,email_open
850,evt_00008895,2026-06-16,email_click
850,evt_00008903,2026-06-24,email_open
850,evt_00008904,2026-06-25,email_open
850,evt_00008900,2026-07-11,form_fill
850,evt_00008896,2026-07-12,email_click
850,evt_00008902,2026-07-24,website_visit
851,evt_00008905,2026-04-04,website_visit
851,evt_00008906,2026-05-09,email_click
851,evt_00008907,2026-06-01,email_open
852,evt_00008914,2026-02-22,email_open
852,evt_00008910,2026-02-25,email_open
852,evt_00008923,2026-03-15,email_open
852,evt_00008920,2026-03-16,email_click
852,evt_00008909,2026-03-20,website_visit
852,evt_00008917,2026-03-20,email_open
852,evt_00008911,2026-04-07,email_open
852,evt_00008926,2026-04-11,email_open
852,evt_00008912,2026-04-20,email_open
852,evt_00008921,2026-04-20,email_open
852,evt_00008918,2026-05-13,email_click
852,evt_00008916,2026-06-05,email_click
852,evt_00008913,2026-06-06,website_visit
852,evt_00008919,2026-06-22,email_open
852,evt_00008925,2026-07-06,email_open
852,evt_00008922,2026-07-08,email_open
852,evt_00008915,2026-08-03,email_click
852,evt_00008908,2026-08-05,email_click
852,evt_00008924,2026-08-06,website_visit
853,evt_00008935,2026-05-17,email_open
853,evt_00008929,2026-05-25,email_click
853,evt_00008938,2026-05-25,email_open
853,evt_00008946,2026-05-28,email_open
853,evt_00008950,2026-06-03,form_fill
853,evt_00008944,2026-06-09,website_visit
853,evt_00008931,2026-06-17,email_click
853,evt_00008947,2026-06-17,email_open
853,evt_00008933,2026-06-19,email_open
853,evt_00008928,2026-06-20,email_open
853,evt_00008927,2026-06-22,form_fill
853,evt_00008948,2026-06-23,form_fill
853,evt_00008934,2026-07-01,email_open
853,evt_00008943,2026-07-06,email_click
853,evt_00008939,2026-07-12,website_visit
853,evt_00008932,2026-07-15,email_open
853,evt_00008949,2026-07-15,email_open
853,evt_00008936,2026-07-17,email_click
853,evt_00008942,2026-07-20,website_visit
853,evt_00008945,2026-07-20,email_click
853,evt_00008930,2026-07-22,website_visit
853,evt_00008937,2026-07-25,email_click
853,evt_00008940,2026-07-26,email_open
853,evt_00008941,2026-08-03,website_visit
854,evt_00008955,2026-07-31,website_visit
854,evt_00008956,2026-08-01,email_click
854,evt_00008952,2026-08-05,email_open
854,evt_00008951,2026-08-06,email_open
854,evt_00008953,2026-08-08,email_open
854,evt_00008954,2026-08-08,website_visit
854,evt_00008957,2026-08-08,email_click
855,evt_00008965,2026-07-31,email_open
855,evt_00008959,2026-08-02,website_visit
855,evt_00008960,2026-08-03,email_open
855,evt_00008964,2026-08-03,email_open
855,evt_00008966,2026-08-03,email_open
855,evt_00008958,2026-08-04,email_open
855,evt_00008961,2026-08-04,email_open
855,evt_00008963,2026-08-04,demo_request
855,evt_00008967,2026-08-05,email_open
855,evt_00008962,2026-08-08,email_click
856,evt_00008974,2026-05-22,website_visit
856,evt_00008973,2026-06-11,email_click
856,evt_00008972,2026-06-21,email_open
856,evt_00008970,2026-06-26,email_open
856,evt_00008968,2026-07-01,website_visit
856,evt_00008976,2026-07-11,email_open
856,evt_00008975,2026-07-20,email_open
856,evt_00008971,2026-07-25,website_visit
856,evt_00008969,2026-08-08,email_open
857,evt_00008981,2026-05-20,email_open
857,evt_00009000,2026-05-21,email_open
857,evt_00008989,2026-05-22,email_open
857,evt_00009007,2026-05-24,email_open
857,evt_00008979,2026-05-26,website_visit
857,evt_00009004,2026-05-30,email_open
857,evt_00008977,2026-05-31,website_visit
857,evt_00008984,2026-06-01,email_open
857,evt_00009005,2026-06-01,email_open
857,evt_00008986,2026-06-03,email_open
857,evt_00008980,2026-06-04,website_visit
857,evt_00008983,2026-06-09,email_click
857,evt_00009002,2026-06-10,form_fill
857,evt_00009009,2026-06-12,email_click
857,evt_00009001,2026-06-17,email_open
857,evt_00009003,2026-06-17,website_visit
857,evt_00009008,2026-06-22,form_fill
857,evt_00008992,2026-06-23,email_click
857,evt_00008997,2026-06-24,email_click
857,evt_00008993,2026-07-02,email_click
857,evt_00008985,2026-07-04,email_open
857,evt_00008978,2026-07-10,email_click
857,evt_00008987,2026-07-11,email_open
857,evt_00008998,2026-07-13,website_visit
857,evt_00008988,2026-07-16,email_open
857,evt_00008996,2026-07-17,demo_request
857,evt_00008999,2026-07-20,website_visit
857,evt_00008991,2026-07-23,email_open
857,evt_00009006,2026-07-26,form_fill
857,evt_00008994,2026-07-28,email_click
857,evt_00008990,2026-08-03,website_visit
857,evt_00008995,2026-08-06,demo_request
857,evt_00008982,2026-08-08,email_open
858,evt_00009010,2026-06-20,website_visit
858,evt_00009015,2026-06-22,website_visit
858,evt_00009013,2026-06-24,form_fill
858,evt_00009016,2026-07-04,website_visit
858,evt_00009012,2026-07-09,website_visit
858,evt_00009014,2026-07-12,website_visit
858,evt_00009017,2026-07-25,email_open
858,evt_00009018,2026-07-31,website_visit
858,evt_00009011,2026-08-05,email_open
859,evt_00009019,2026-07-21,website_visit
859,evt_00009020,2026-07-29,email_open
860,evt_00009022,2026-07-19,website_visit
860,evt_00009027,2026-07-19,email_click
860,evt_00009034,2026-07-19,email_open
860,evt_00009031,2026-07-20,email_click
860,evt_00009032,2026-07-21,email_click
860,evt_00009025,2026-07-22,email_click
860,evt_00009033,2026-07-24,form_fill
860,evt_00009024,2026-07-28,email_open
860,evt_00009029,2026-07-28,website_visit
860,evt_00009028,2026-07-29,email_click
860,evt_00009030,2026-08-02,email_open
860,evt_00009026,2026-08-06,email_click
860,evt_00009021,2026-08-07,email_open
860,evt_00009023,2026-08-07,email_open
861,evt_00009038,2026-05-20,email_open
861,evt_00009036,2026-06-06,email_open
861,evt_00009035,2026-06-19,website_visit
861,evt_00009037,2026-07-04,website_visit
861,evt_00009039,2026-07-05,email_open
862,evt_00009046,2026-05-11,email_click
862,evt_00009045,2026-05-14,email_open
862,evt_00009043,2026-05-15,email_open
862,evt_00009040,2026-06-10,demo_request
862,evt_00009041,2026-06-21,email_open
862,evt_00009042,2026-07-16,website_visit
862,evt_00009044,2026-07-21,form_fill
863,evt_00009052,2026-06-27,email_open
863,evt_00009050,2026-06-29,website_visit
863,evt_00009053,2026-07-05,email_open
863,evt_00009049,2026-07-08,email_open
863,evt_00009048,2026-07-10,email_open
863,evt_00009051,2026-07-12,website_visit
863,evt_00009047,2026-07-29,email_open
864,evt_00009055,2026-08-03,email_click
864,evt_00009057,2026-08-03,email_open
864,evt_00009058,2026-08-05,website_visit
864,evt_00009054,2026-08-07,email_open
864,evt_00009056,2026-08-07,email_open
865,evt_00009063,2026-06-10,email_click
865,evt_00009064,2026-06-25,email_open
865,evt_00009060,2026-06-30,form_fill
865,evt_00009059,2026-07-05,email_click
865,evt_00009062,2026-07-25,email_open
865,evt_00009061,2026-07-28,email_click
866,evt_00009066,2026-07-21,email_open
866,evt_00009069,2026-07-25,website_visit
866,evt_00009068,2026-08-03,website_visit
866,evt_00009065,2026-08-04,email_open
866,evt_00009067,2026-08-04,email_click
866,evt_00009070,2026-08-06,email_open
867,evt_00009074,2026-07-21,email_open
867,evt_00009077,2026-07-21,website_visit
867,evt_00009098,2026-07-22,website_visit
867,evt_00009102,2026-07-22,email_open
867,evt_00009086,2026-07-23,website_visit
867,evt_00009099,2026-07-23,email_open
867,evt_00009101,2026-07-23,email_open
867,evt_00009090,2026-07-24,email_open
867,evt_00009071,2026-07-25,email_open
867,evt_00009072,2026-07-25,email_open
867,evt_00009075,2026-07-26,email_open
867,evt_00009078,2026-07-26,email_open
867,evt_00009084,2026-07-26,email_open
867,evt_00009097,2026-07-26,website_visit
867,evt_00009073,2026-07-28,website_visit
867,evt_00009100,2026-07-28,email_open
867,evt_00009085,2026-07-29,email_open
867,evt_00009087,2026-07-29,email_click
867,evt_00009094,2026-07-29,website_visit
867,evt_00009083,2026-08-01,website_visit
867,evt_00009095,2026-08-01,email_click
867,evt_00009092,2026-08-02,website_visit
867,evt_00009076,2026-08-03,form_fill
867,evt_00009089,2026-08-03,email_open
867,evt_00009082,2026-08-05,website_visit
867,evt_00009091,2026-08-05,email_open
867,evt_00009079,2026-08-06,email_open
867,evt_00009088,2026-08-06,website_visit
867,evt_00009080,2026-08-07,email_open
867,evt_00009081,2026-08-07,form_fill
867,evt_00009093,2026-08-07,website_visit
867,evt_00009096,2026-08-08,website_visit
868,evt_00009105,2026-06-12,website_visit
868,evt_00009104,2026-06-23,email_click
868,evt_00009109,2026-06-28,website_visit
868,evt_00009103,2026-07-03,website_visit
868,evt_00009106,2026-07-05,website_visit
868,evt_00009110,2026-07-05,email_open
868,evt_00009111,2026-07-06,form_fill
868,evt_00009107,2026-07-08,website_visit
868,evt_00009112,2026-07-09,website_visit
868,evt_00009108,2026-08-06,email_open
869,evt_00009115,2026-07-15,email_open
869,evt_00009114,2026-07-17,demo_request
869,evt_00009119,2026-07-21,email_open
869,evt_00009113,2026-07-29,email_open
869,evt_00009116,2026-08-02,email_open
869,evt_00009117,2026-08-05,email_click
869,evt_00009118,2026-08-05,form_fill
869,evt_00009121,2026-08-05,website_visit
869,evt_00009120,2026-08-06,email_open
870,evt_00009130,2026-07-12,email_click
870,evt_00009128,2026-07-13,website_visit
870,evt_00009125,2026-07-14,website_visit
870,evt_00009123,2026-07-17,email_open
870,evt_00009129,2026-07-19,email_open
870,evt_00009132,2026-07-19,email_open
870,evt_00009126,2026-07-20,email_open
870,evt_00009134,2026-07-24,form_fill
870,evt_00009127,2026-07-27,email_open
870,evt_00009122,2026-07-31,email_open
870,evt_00009124,2026-08-01,email_open
870,evt_00009131,2026-08-07,demo_request
870,evt_00009133,2026-08-07,email_click
871,evt_00009136,2026-07-06,email_open
871,evt_00009135,2026-07-11,form_fill
871,evt_00009138,2026-07-12,website_visit
871,evt_00009139,2026-07-16,website_visit
871,evt_00009137,2026-08-05,email_open
872,evt_00009140,2026-06-01,website_visit
872,evt_00009141,2026-07-05,form_fill
873,evt_00009148,2026-05-22,email_open
873,evt_00009143,2026-06-01,website_visit
873,evt_00009146,2026-06-12,email_click
873,evt_00009147,2026-06-15,email_open
873,evt_00009144,2026-06-19,email_open
873,evt_00009142,2026-06-21,website_visit
873,evt_00009145,2026-07-07,email_open
874,evt_00009159,2026-04-26,email_open
874,evt_00009162,2026-04-29,website_visit
874,evt_00009153,2026-05-01,email_click
874,evt_00009157,2026-05-10,website_visit
874,evt_00009150,2026-05-17,email_click
874,evt_00009158,2026-05-24,email_open
874,evt_00009155,2026-06-05,email_click
874,evt_00009160,2026-06-09,form_fill
874,evt_00009152,2026-06-15,website_visit
874,evt_00009151,2026-06-20,email_open
874,evt_00009154,2026-06-23,email_open
874,evt_00009163,2026-06-30,website_visit
874,evt_00009156,2026-07-02,email_open
874,evt_00009161,2026-07-04,email_click
874,evt_00009165,2026-07-24,email_click
874,evt_00009149,2026-07-31,website_visit
874,evt_00009164,2026-08-02,email_click
875,evt_00009175,2026-07-29,website_visit
875,evt_00009176,2026-07-29,demo_request
875,evt_00009172,2026-08-01,email_open
875,evt_00009170,2026-08-02,email_open
875,evt_00009169,2026-08-04,email_click
875,evt_00009171,2026-08-05,email_open
875,evt_00009168,2026-08-06,email_open
875,evt_00009179,2026-08-06,email_click
875,evt_00009173,2026-08-07,email_open
875,evt_00009177,2026-08-07,website_visit
875,evt_00009178,2026-08-07,email_click
875,evt_00009166,2026-08-08,website_visit
875,evt_00009167,2026-08-08,form_fill
875,evt_00009174,2026-08-08,email_open
876,evt_00009185,2026-03-01,form_fill
876,evt_00009186,2026-04-03,form_fill
876,evt_00009182,2026-04-15,email_open
876,evt_00009188,2026-04-23,form_fill
876,evt_00009183,2026-05-11,website_visit
876,evt_00009184,2026-05-25,email_open
876,evt_00009187,2026-06-10,website_visit
876,evt_00009180,2026-06-15,email_open
876,evt_00009181,2026-07-11,email_open
877,evt_00009189,2026-03-25,email_click
877,evt_00009192,2026-04-02,email_click
877,evt_00009219,2026-04-03,website_visit
877,evt_00009205,2026-04-11,website_visit
877,evt_00009210,2026-04-13,email_click
877,evt_00009203,2026-04-20,email_open
877,evt_00009193,2026-04-21,demo_request
877,evt_00009202,2026-04-23,email_open
877,evt_00009206,2026-04-25,website_visit
877,evt_00009207,2026-04-26,website_visit
877,evt_00009218,2026-04-26,website_visit
877,evt_00009217,2026-04-30,website_visit
877,evt_00009199,2026-05-10,email_click
877,evt_00009195,2026-05-12,website_visit
877,evt_00009200,2026-05-19,email_open
877,evt_00009196,2026-05-26,website_visit
877,evt_00009197,2026-05-27,email_open
877,evt_00009198,2026-06-07,email_click
877,evt_00009216,2026-06-16,email_click
877,evt_00009215,2026-06-18,website_visit
877,evt_00009209,2026-06-24,website_visit
877,evt_00009211,2026-06-24,email_open
877,evt_00009214,2026-06-24,email_open
877,evt_00009201,2026-06-30,email_open
877,evt_00009213,2026-07-03,email_open
877,evt_00009191,2026-07-12,website_visit
877,evt_00009190,2026-07-14,email_open
877,evt_00009194,2026-07-21,website_visit
877,evt_00009212,2026-07-24,website_visit
877,evt_00009204,2026-07-26,email_open
877,evt_00009208,2026-07-29,website_visit
878,evt_00009222,2026-06-10,email_click
878,evt_00009221,2026-06-17,email_open
878,evt_00009223,2026-06-26,website_visit
878,evt_00009227,2026-07-01,website_visit
878,evt_00009220,2026-07-09,email_click
878,evt_00009225,2026-07-11,email_open
878,evt_00009224,2026-07-16,email_open
878,evt_00009226,2026-07-24,email_open
879,evt_00009228,2026-07-29,website_visit
879,evt_00009239,2026-07-29,website_visit
879,evt_00009241,2026-07-29,email_open
879,evt_00009230,2026-07-30,website_visit
879,evt_00009237,2026-07-30,email_open
879,evt_00009234,2026-07-31,email_open
879,evt_00009240,2026-07-31,email_open
879,evt_00009244,2026-07-31,website_visit
879,evt_00009231,2026-08-04,email_open
879,evt_00009235,2026-08-04,email_click
879,evt_00009243,2026-08-04,website_visit
879,evt_00009232,2026-08-05,website_visit
879,evt_00009236,2026-08-05,email_click
879,evt_00009229,2026-08-06,email_click
879,evt_00009233,2026-08-06,email_click
879,evt_00009238,2026-08-06,website_visit
879,evt_00009242,2026-08-06,website_visit
879,evt_00009245,2026-08-08,website_visit
880,evt_00009257,2026-05-30,email_click
880,evt_00009248,2026-06-01,email_open
880,evt_00009249,2026-06-02,website_visit
880,evt_00009247,2026-06-08,email_open
880,evt_00009250,2026-06-16,email_click
880,evt_00009258,2026-06-16,email_open
880,evt_00009253,2026-06-19,website_visit
880,evt_00009256,2026-06-25,email_open
880,evt_00009255,2026-07-18,email_open
880,evt_00009254,2026-07-22,email_open
880,evt_00009251,2026-07-28,email_open
880,evt_00009246,2026-07-30,email_open
880,evt_00009252,2026-08-08,email_open
881,evt_00009260,2026-02-28,email_open
881,evt_00009262,2026-03-11,website_visit
881,evt_00009261,2026-04-02,email_open
881,evt_00009266,2026-05-10,form_fill
881,evt_00009264,2026-06-05,email_click
881,evt_00009265,2026-06-05,email_open
881,evt_00009259,2026-06-13,email_click
881,evt_00009263,2026-07-07,email_click
882,evt_00009268,2026-07-02,email_click
882,evt_00009267,2026-07-09,website_visit
882,evt_00009271,2026-07-27,email_click
882,evt_00009270,2026-08-01,email_open
882,evt_00009269,2026-08-08,website_visit
883,evt_00009282,2026-06-20,demo_request
883,evt_00009275,2026-06-23,email_open
883,evt_00009279,2026-06-29,email_click
883,evt_00009280,2026-07-08,email_open
883,evt_00009278,2026-07-09,email_open
883,evt_00009281,2026-07-20,email_open
883,evt_00009277,2026-07-21,website_visit
883,evt_00009272,2026-07-24,email_click
883,evt_00009274,2026-07-24,website_visit
883,evt_00009273,2026-08-01,website_visit
883,evt_00009276,2026-08-06,email_open
884,evt_00009298,2026-06-18,email_click
884,evt_00009288,2026-06-21,website_visit
884,evt_00009284,2026-06-23,website_visit
884,evt_00009286,2026-06-29,email_open
884,evt_00009291,2026-06-30,website_visit
884,evt_00009289,2026-07-01,website_visit
884,evt_00009293,2026-07-01,email_open
884,evt_00009295,2026-07-02,email_open
884,evt_00009292,2026-07-06,email_click
884,evt_00009290,2026-07-14,demo_request
884,evt_00009297,2026-07-18,website_visit
884,evt_00009296,2026-07-23,website_visit
884,evt_00009283,2026-07-25,email_open
884,evt_00009285,2026-07-26,website_visit
884,evt_00009287,2026-07-29,email_open
884,evt_00009294,2026-07-30,website_visit
885,evt_00009300,2026-05-06,form_fill
885,evt_00009301,2026-05-09,email_open
885,evt_00009305,2026-05-19,email_click
885,evt_00009304,2026-05-20,website_visit
885,evt_00009306,2026-05-31,website_visit
885,evt_00009302,2026-06-06,email_open
885,evt_00009303,2026-06-16,email_open
885,evt_00009299,2026-07-25,email_open
886,evt_00009307,2026-08-07,email_click
887,evt_00009308,2026-04-04,email_click
887,evt_00009310,2026-04-19,email_open
887,evt_00009313,2026-04-27,website_visit
887,evt_00009316,2026-04-27,email_click
887,evt_00009311,2026-05-27,form_fill
887,evt_00009312,2026-06-08,email_click
887,evt_00009315,2026-06-11,email_click
887,evt_00009314,2026-06-18,email_open
887,evt_00009309,2026-06-23,email_open
887,evt_00009317,2026-06-25,email_open
888,evt_00009319,2026-06-05,email_click
888,evt_00009321,2026-06-05,email_open
888,evt_00009320,2026-06-28,email_click
888,evt_00009318,2026-07-10,email_open
889,evt_00009325,2026-04-20,email_open
889,evt_00009323,2026-04-21,email_open
889,evt_00009329,2026-04-21,email_open
889,evt_00009326,2026-05-17,form_fill
889,evt_00009322,2026-05-21,email_open
889,evt_00009327,2026-05-27,email_click
889,evt_00009324,2026-07-12,website_visit
889,evt_00009328,2026-08-07,website_visit
890,evt_00009331,2026-04-13,email_open
890,evt_00009330,2026-05-11,website_visit
890,evt_00009339,2026-05-25,email_click
890,evt_00009336,2026-05-26,email_open
890,evt_00009334,2026-05-30,email_click
890,evt_00009340,2026-06-07,email_open
890,evt_00009333,2026-07-15,website_visit
890,evt_00009335,2026-07-16,email_open
890,evt_00009337,2026-07-23,email_click
890,evt_00009332,2026-07-30,email_click
890,evt_00009338,2026-08-05,website_visit
891,evt_00009348,2026-04-21,website_visit
891,evt_00009347,2026-05-03,form_fill
891,evt_00009344,2026-06-02,email_open
891,evt_00009343,2026-06-06,email_open
891,evt_00009345,2026-06-11,email_click
891,evt_00009341,2026-06-21,email_click
891,evt_00009342,2026-06-28,website_visit
891,evt_00009350,2026-06-28,website_visit
891,evt_00009346,2026-07-24,email_open
891,evt_00009349,2026-07-24,website_visit
893,evt_00009351,2026-05-11,email_open
893,evt_00009354,2026-06-02,website_visit
893,evt_00009353,2026-06-09,email_open
893,evt_00009352,2026-06-28,demo_request
893,evt_00009355,2026-07-15,email_click
894,evt_00009359,2026-05-07,email_open
894,evt_00009358,2026-05-23,email_open
894,evt_00009362,2026-06-05,form_fill
894,evt_00009364,2026-06-12,email_click
894,evt_00009365,2026-06-17,email_click
894,evt_00009356,2026-06-21,email_open
894,evt_00009361,2026-06-25,email_click
894,evt_00009360,2026-07-14,email_open
894,evt_00009363,2026-07-17,form_fill
894,evt_00009366,2026-07-31,email_open
894,evt_00009357,2026-08-05,email_click
895,evt_00009369,2026-04-10,email_open
895,evt_00009375,2026-04-13,email_click
895,evt_00009376,2026-04-29,website_visit
895,evt_00009372,2026-05-09,email_open
895,evt_00009374,2026-05-24,website_visit
895,evt_00009370,2026-06-29,email_open
895,evt_00009368,2026-07-17,demo_request
895,evt_00009367,2026-08-01,website_visit
895,evt_00009371,2026-08-04,email_open
895,evt_00009373,2026-08-05,email_click
896,evt_00009380,2026-07-20,email_open
896,evt_00009381,2026-07-24,website_visit
896,evt_00009377,2026-07-26,email_open
896,evt_00009378,2026-07-29,demo_request
896,evt_00009384,2026-07-29,email_open
896,evt_00009379,2026-08-03,email_open
896,evt_00009382,2026-08-07,email_open
896,evt_00009383,2026-08-07,email_open
896,evt_00009385,2026-08-07,website_visit
897,evt_00009392,2026-06-22,website_visit
897,evt_00009387,2026-07-05,email_open
897,evt_00009390,2026-07-18,email_open
897,evt_00009389,2026-07-21,website_visit
897,evt_00009386,2026-07-22,website_visit
897,evt_00009391,2026-07-31,email_open
897,evt_00009388,2026-08-07,email_open
898,evt_00009394,2026-07-14,website_visit
898,evt_00009395,2026-07-22,website_visit
898,evt_00009393,2026-08-03,website_visit
899,evt_00009404,2026-06-16,email_open
899,evt_00009418,2026-06-19,email_click
899,evt_00009401,2026-06-24,email_open
899,evt_00009409,2026-06-24,email_click
899,evt_00009417,2026-06-26,email_open
899,evt_00009403,2026-07-01,website_visit
899,evt_00009411,2026-07-01,email_open
899,evt_00009405,2026-07-02,email_open
899,evt_00009407,2026-07-03,website_visit
899,evt_00009398,2026-07-07,email_open
899,evt_00009413,2026-07-09,email_open
899,evt_00009396,2026-07-15,email_open
899,evt_00009399,2026-07-21,email_open
899,evt_00009397,2026-07-22,email_open
899,evt_00009419,2026-07-23,email_open
899,evt_00009406,2026-07-24,email_click
899,evt_00009408,2026-07-27,form_fill
899,evt_00009412,2026-07-29,email_open
899,evt_00009400,2026-07-30,website_visit
899,evt_00009410,2026-08-03,website_visit
899,evt_00009402,2026-08-05,form_fill
899,evt_00009415,2026-08-06,email_open
899,evt_00009416,2026-08-06,email_open
899,evt_00009414,2026-08-08,email_open
900,evt_00009421,2026-06-02,email_click
900,evt_00009420,2026-06-10,email_open
900,evt_00009423,2026-06-10,email_open
900,evt_00009422,2026-07-03,email_open
901,evt_00009426,2026-04-25,form_fill
901,evt_00009424,2026-06-01,form_fill
901,evt_00009425,2026-06-03,website_visit
901,evt_00009427,2026-08-01,email_open
902,evt_00009433,2026-03-21,email_open
902,evt_00009431,2026-03-30,website_visit
902,evt_00009436,2026-05-05,email_open
902,evt_00009434,2026-05-20,email_open
902,evt_00009430,2026-05-27,email_open
902,evt_00009429,2026-05-29,email_open
902,evt_00009435,2026-06-09,website_visit
902,evt_00009428,2026-06-17,email_click
902,evt_00009432,2026-07-19,email_open
903,evt_00009442,2026-07-12,email_open
903,evt_00009445,2026-07-19,email_open
903,evt_00009443,2026-07-20,email_open
903,evt_00009437,2026-07-22,email_open
903,evt_00009438,2026-07-23,email_open
903,evt_00009444,2026-07-23,email_click
903,evt_00009441,2026-07-26,email_click
903,evt_00009440,2026-07-27,email_click
903,evt_00009439,2026-07-28,email_open
904,evt_00009449,2026-05-20,website_visit
904,evt_00009447,2026-06-03,email_open
904,evt_00009450,2026-06-26,email_open
904,evt_00009452,2026-07-08,email_open
904,evt_00009446,2026-07-10,email_open
904,evt_00009448,2026-07-10,email_click
904,evt_00009451,2026-07-17,email_open
905,evt_00009453,2026-07-18,email_open
905,evt_00009458,2026-07-18,website_visit
905,evt_00009476,2026-07-19,email_open
905,evt_00009457,2026-07-20,email_open
905,evt_00009472,2026-07-20,email_open
905,evt_00009473,2026-07-20,email_click
905,evt_00009474,2026-07-20,form_fill
905,evt_00009460,2026-07-21,email_click
905,evt_00009468,2026-07-22,website_visit
905,evt_00009470,2026-07-24,form_fill
905,evt_00009469,2026-07-25,email_click
905,evt_00009477,2026-07-27,email_open
905,evt_00009478,2026-07-28,email_open
905,evt_00009479,2026-07-30,website_visit
905,evt_00009481,2026-07-30,email_open
905,evt_00009455,2026-07-31,email_open
905,evt_00009462,2026-07-31,email_click
905,evt_00009463,2026-07-31,email_open
905,evt_00009475,2026-07-31,email_click
905,evt_00009461,2026-08-01,email_open
905,evt_00009466,2026-08-01,email_open
905,evt_00009456,2026-08-02,form_fill
905,evt_00009471,2026-08-02,website_visit
905,evt_00009480,2026-08-02,form_fill
905,evt_00009464,2026-08-04,email_click
905,evt_00009465,2026-08-05,website_visit
905,evt_00009459,2026-08-06,website_visit
905,evt_00009454,2026-08-07,website_visit
905,evt_00009467,2026-08-08,email_open
906,evt_00009482,2026-08-06,email_open
906,evt_00009483,2026-08-07,email_open
907,evt_00009485,2026-07-28,email_open
907,evt_00009490,2026-07-29,email_open
907,evt_00009487,2026-07-30,form_fill
907,evt_00009488,2026-07-31,email_open
907,evt_00009489,2026-07-31,email_click
907,evt_00009484,2026-08-05,email_open
907,evt_00009491,2026-08-06,email_open
907,evt_00009486,2026-08-08,website_visit
908,evt_00009494,2026-06-25,email_open
908,evt_00009495,2026-07-20,email_open
908,evt_00009493,2026-08-01,website_visit
908,evt_00009492,2026-08-04,email_open
909,evt_00009497,2026-04-18,email_open
909,evt_00009496,2026-04-23,email_open
909,evt_00009498,2026-05-20,website_visit
910,evt_00009499,2026-07-04,email_open
910,evt_00009501,2026-07-10,email_open
910,evt_00009505,2026-07-20,email_open
910,evt_00009504,2026-07-22,website_visit
910,evt_00009500,2026-07-29,email_open
910,evt_00009503,2026-07-30,website_visit
910,evt_00009502,2026-08-06,website_visit
911,evt_00009547,2026-05-08,website_visit
911,evt_00009521,2026-05-09,email_open
911,evt_00009545,2026-05-09,website_visit
911,evt_00009508,2026-05-14,email_open
911,evt_00009531,2026-05-15,email_click
911,evt_00009519,2026-05-17,email_open
911,evt_00009546,2026-05-17,email_click
911,evt_00009549,2026-05-19,website_visit
911,evt_00009527,2026-05-20,email_click
911,evt_00009532,2026-05-25,email_open
911,evt_00009544,2026-05-26,email_open
911,evt_00009507,2026-05-27,website_visit
911,evt_00009518,2026-05-29,email_open
911,evt_00009542,2026-06-02,email_open
911,evt_00009525,2026-06-05,email_click
911,evt_00009529,2026-06-06,email_open
911,evt_00009522,2026-06-07,website_visit
911,evt_00009538,2026-06-11,email_open
911,evt_00009516,2026-06-18,email_open
911,evt_00009540,2026-06-19,email_open
911,evt_00009517,2026-06-23,email_open
911,evt_00009515,2026-06-27,email_open
911,evt_00009513,2026-06-28,website_visit
911,evt_00009548,2026-06-29,email_click
911,evt_00009509,2026-07-03,website_visit
911,evt_00009520,2026-07-04,email_open
911,evt_00009510,2026-07-06,email_open
911,evt_00009535,2026-07-07,email_open
911,evt_00009534,2026-07-10,email_open
911,evt_00009506,2026-07-13,email_click
911,evt_00009511,2026-07-13,email_open
911,evt_00009524,2026-07-15,email_open
911,evt_00009523,2026-07-16,email_open
911,evt_00009526,2026-07-16,email_click
911,evt_00009533,2026-07-16,website_visit
911,evt_00009514,2026-07-18,website_visit
911,evt_00009536,2026-07-18,email_click
911,evt_00009541,2026-07-18,email_open
911,evt_00009539,2026-07-23,email_open
911,evt_00009537,2026-07-28,form_fill
911,evt_00009528,2026-08-01,email_open
911,evt_00009530,2026-08-01,website_visit
911,evt_00009512,2026-08-03,email_open
911,evt_00009543,2026-08-04,website_visit
912,evt_00009552,2026-05-31,email_open
912,evt_00009551,2026-06-11,website_visit
912,evt_00009553,2026-06-16,email_open
912,evt_00009550,2026-06-20,form_fill
912,evt_00009556,2026-07-14,email_open
912,evt_00009554,2026-08-01,email_open
912,evt_00009555,2026-08-03,email_open
913,evt_00009571,2026-06-29,email_click
913,evt_00009558,2026-07-03,website_visit
913,evt_00009572,2026-07-06,website_visit
913,evt_00009559,2026-07-13,email_open
913,evt_00009564,2026-07-13,email_open
913,evt_00009561,2026-07-15,email_open
913,evt_00009565,2026-07-16,email_open
913,evt_00009566,2026-07-20,email_click
913,evt_00009557,2026-07-21,email_click
913,evt_00009567,2026-07-21,email_open
913,evt_00009563,2026-07-22,email_open
913,evt_00009570,2026-07-31,website_visit
913,evt_00009562,2026-08-01,website_visit
913,evt_00009560,2026-08-03,website_visit
913,evt_00009568,2026-08-06,email_open
913,evt_00009569,2026-08-06,website_visit
914,evt_00009574,2026-07-02,email_open
914,evt_00009573,2026-07-16,email_open
915,evt_00009575,2026-04-23,email_open
915,evt_00009576,2026-05-14,email_open
915,evt_00009577,2026-06-22,form_fill
916,evt_00009585,2026-03-18,email_open
916,evt_00009579,2026-03-20,email_open
916,evt_00009587,2026-03-21,form_fill
916,evt_00009584,2026-03-27,demo_request
916,evt_00009578,2026-04-08,email_click
916,evt_00009581,2026-04-10,email_open
916,evt_00009583,2026-05-04,email_open
916,evt_00009582,2026-05-15,email_click
916,evt_00009586,2026-05-29,website_visit
916,evt_00009588,2026-06-06,website_visit
916,evt_00009580,2026-08-07,email_click
917,evt_00009607,2026-07-08,email_open
917,evt_00009595,2026-07-09,email_open
917,evt_00009598,2026-07-09,email_click
917,evt_00009608,2026-07-11,email_click
917,evt_00009592,2026-07-12,form_fill
917,evt_00009596,2026-07-13,email_open
917,evt_00009594,2026-07-15,website_visit
917,evt_00009589,2026-07-17,website_visit
917,evt_00009597,2026-07-20,website_visit
917,evt_00009591,2026-07-22,website_visit
917,evt_00009606,2026-07-22,form_fill
917,evt_00009609,2026-07-22,email_open
917,evt_00009610,2026-07-22,email_click
917,evt_00009599,2026-07-23,email_click
917,evt_00009600,2026-07-24,email_open
917,evt_00009605,2026-07-29,form_fill
917,evt_00009603,2026-07-30,form_fill
917,evt_00009590,2026-07-31,email_open
917,evt_00009604,2026-07-31,website_visit
917,evt_00009593,2026-08-01,email_open
917,evt_00009601,2026-08-03,email_open
917,evt_00009602,2026-08-07,website_visit
918,evt_00009611,2026-08-08,form_fill
918,evt_00009612,2026-08-08,email_open
918,evt_00009613,2026-08-08,email_open
920,evt_00009622,2026-05-03,website_visit
920,evt_00009620,2026-05-05,form_fill
920,evt_00009617,2026-06-04,email_open
920,evt_00009619,2026-06-07,email_click
920,evt_00009618,2026-07-01,website_visit
920,evt_00009616,2026-07-10,form_fill
920,evt_00009614,2026-07-16,email_open
920,evt_00009621,2026-07-24,email_click
920,evt_00009615,2026-07-28,email_open
921,evt_00009624,2026-02-19,website_visit
921,evt_00009628,2026-02-21,email_open
921,evt_00009631,2026-03-30,form_fill
921,evt_00009627,2026-04-01,email_open
921,evt_00009632,2026-05-22,website_visit
921,evt_00009623,2026-06-02,email_open
921,evt_00009625,2026-06-05,email_click
921,evt_00009630,2026-07-01,email_open
921,evt_00009626,2026-07-31,email_open
921,evt_00009629,2026-08-06,email_open
922,evt_00009635,2026-07-07,email_open
922,evt_00009634,2026-07-15,email_open
922,evt_00009633,2026-07-20,email_open
923,evt_00009636,2026-07-03,email_open
923,evt_00009657,2026-07-04,email_open
923,evt_00009639,2026-07-06,form_fill
923,evt_00009653,2026-07-06,email_open
923,evt_00009650,2026-07-09,email_open
923,evt_00009652,2026-07-13,website_visit
923,evt_00009640,2026-07-14,demo_request
923,evt_00009644,2026-07-19,website_visit
923,evt_00009656,2026-07-19,email_click
923,evt_00009645,2026-07-21,website_visit
923,evt_00009651,2026-07-21,email_open
923,evt_00009646,2026-07-24,email_open
923,evt_00009647,2026-07-27,email_open
923,evt_00009638,2026-07-29,email_open
923,evt_00009642,2026-07-29,email_open
923,evt_00009655,2026-08-01,email_open
923,evt_00009649,2026-08-02,email_open
923,evt_00009654,2026-08-04,demo_request
923,evt_00009641,2026-08-05,email_open
923,evt_00009643,2026-08-05,website_visit
923,evt_00009637,2026-08-07,email_open
923,evt_00009648,2026-08-08,form_fill
924,evt_00009659,2026-07-25,email_open
924,evt_00009658,2026-07-28,email_open
925,evt_00009660,2026-02-15,website_visit
925,evt_00009664,2026-03-07,email_open
925,evt_00009661,2026-03-22,website_visit
925,evt_00009662,2026-06-19,email_open
925,evt_00009663,2026-07-22,email_open
926,evt_00009676,2026-03-30,email_open
926,evt_00009670,2026-05-02,website_visit
926,evt_00009672,2026-05-06,website_visit
926,evt_00009679,2026-05-07,email_open
926,evt_00009674,2026-06-05,email_open
926,evt_00009666,2026-06-14,website_visit
926,evt_00009665,2026-06-15,email_open
926,evt_00009673,2026-06-17,email_open
926,evt_00009677,2026-06-19,demo_request
926,evt_00009678,2026-06-20,website_visit
926,evt_00009671,2026-06-28,email_open
926,evt_00009668,2026-06-29,email_open
926,evt_00009667,2026-07-03,form_fill
926,evt_00009669,2026-07-11,website_visit
926,evt_00009675,2026-07-24,email_open
927,evt_00009680,2026-03-12,email_click
927,evt_00009681,2026-05-14,email_open
928,evt_00009682,2026-07-01,email_open
928,evt_00009690,2026-07-01,email_click
928,evt_00009689,2026-07-07,email_open
928,evt_00009685,2026-07-11,email_open
928,evt_00009684,2026-07-13,email_open
928,evt_00009686,2026-07-16,email_open
928,evt_00009683,2026-07-18,email_open
928,evt_00009687,2026-07-21,email_open
928,evt_00009691,2026-07-25,email_open
928,evt_00009688,2026-08-04,email_click
929,evt_00009696,2026-04-15,email_open
929,evt_00009706,2026-04-25,email_open
929,evt_00009695,2026-04-26,email_click
929,evt_00009700,2026-04-27,website_visit
929,evt_00009705,2026-05-01,website_visit
929,evt_00009709,2026-05-05,website_visit
929,evt_00009693,2026-05-14,email_click
929,evt_00009707,2026-05-18,email_open
929,evt_00009692,2026-05-27,form_fill
929,evt_00009701,2026-05-29,website_visit
929,evt_00009708,2026-06-05,email_open
929,evt_00009694,2026-06-11,email_open
929,evt_00009698,2026-06-26,website_visit
929,evt_00009697,2026-06-28,email_open
929,evt_00009703,2026-07-06,email_open
929,evt_00009702,2026-07-21,website_visit
929,evt_00009704,2026-07-23,email_click
929,evt_00009699,2026-07-29,form_fill
930,evt_00009712,2026-03-15,email_click
930,evt_00009719,2026-04-07,email_open
930,evt_00009711,2026-04-21,website_visit
930,evt_00009726,2026-05-07,email_click
930,evt_00009717,2026-05-11,email_open
930,evt_00009725,2026-05-12,email_click
930,evt_00009722,2026-05-23,email_click
930,evt_00009721,2026-06-07,website_visit
930,evt_00009716,2026-06-10,email_click
930,evt_00009724,2026-06-15,website_visit
930,evt_00009723,2026-06-17,email_open
930,evt_00009720,2026-06-25,email_open
930,evt_00009710,2026-07-01,website_visit
930,evt_00009718,2026-07-13,demo_request
930,evt_00009713,2026-07-18,email_open
930,evt_00009714,2026-08-02,demo_request
930,evt_00009715,2026-08-03,email_open
930,evt_00009727,2026-08-05,website_visit
931,evt_00009731,2026-02-16,form_fill
931,evt_00009730,2026-02-27,website_visit
931,evt_00009734,2026-03-11,email_open
931,evt_00009738,2026-04-19,email_click
931,evt_00009732,2026-05-15,website_visit
931,evt_00009739,2026-05-26,email_open
931,evt_00009742,2026-05-27,email_open
931,evt_00009735,2026-06-05,email_open
931,evt_00009728,2026-06-09,email_open
931,evt_00009733,2026-06-17,website_visit
931,evt_00009729,2026-06-26,email_open
931,evt_00009737,2026-06-30,email_click
931,evt_00009736,2026-07-27,email_open
931,evt_00009740,2026-08-02,email_open
931,evt_00009741,2026-08-03,form_fill
932,evt_00009744,2026-06-03,email_open
932,evt_00009745,2026-06-04,website_visit
932,evt_00009747,2026-06-07,website_visit
932,evt_00009743,2026-07-08,email_click
932,evt_00009746,2026-07-27,email_open
933,evt_00009749,2026-03-22,email_open
933,evt_00009752,2026-03-28,email_open
933,evt_00009753,2026-04-07,email_open
933,evt_00009750,2026-06-12,email_open
933,evt_00009756,2026-06-26,form_fill
933,evt_00009754,2026-07-11,email_open
933,evt_00009755,2026-07-15,email_open
933,evt_00009751,2026-07-26,email_open
933,evt_00009748,2026-07-30,form_fill
934,evt_00009761,2026-06-29,website_visit
934,evt_00009760,2026-07-08,form_fill
934,evt_00009757,2026-07-28,email_open
934,evt_00009758,2026-08-05,website_visit
934,evt_00009759,2026-08-07,email_open
935,evt_00009766,2026-04-15,email_open
935,evt_00009763,2026-05-10,email_open
935,evt_00009767,2026-05-21,email_open
935,evt_00009762,2026-07-04,email_open
935,evt_00009765,2026-07-24,email_open
935,evt_00009764,2026-07-25,email_open
936,evt_00009769,2026-03-17,email_click
936,evt_00009768,2026-04-08,website_visit
936,evt_00009770,2026-04-15,email_open
936,evt_00009774,2026-04-24,email_open
936,evt_00009771,2026-05-06,email_click
936,evt_00009772,2026-05-14,email_click
936,evt_00009773,2026-06-06,email_open
936,evt_00009775,2026-06-27,email_open
936,evt_00009776,2026-07-16,email_click
937,evt_00009782,2026-07-04,form_fill
937,evt_00009786,2026-07-04,email_open
937,evt_00009781,2026-07-06,email_open
937,evt_00009783,2026-07-09,email_click
937,evt_00009788,2026-07-11,email_open
937,evt_00009778,2026-07-12,email_click
937,evt_00009779,2026-07-14,website_visit
937,evt_00009780,2026-07-24,email_open
937,evt_00009784,2026-07-26,email_open
937,evt_00009777,2026-07-27,website_visit
937,evt_00009787,2026-08-05,email_open
937,evt_00009785,2026-08-06,email_open
939,evt_00009790,2026-06-07,email_open
939,evt_00009791,2026-06-27,email_click
939,evt_00009789,2026-07-13,email_open
940,evt_00009801,2026-05-05,email_open
940,evt_00009794,2026-05-14,website_visit
940,evt_00009800,2026-05-20,email_open
940,evt_00009796,2026-06-02,email_open
940,evt_00009793,2026-06-25,email_click
940,evt_00009799,2026-06-29,demo_request
940,evt_00009798,2026-07-12,website_visit
940,evt_00009797,2026-07-25,website_visit
940,evt_00009792,2026-07-28,email_open
940,evt_00009795,2026-08-08,email_open
941,evt_00009810,2026-07-31,email_open
941,evt_00009808,2026-08-01,email_open
941,evt_00009813,2026-08-01,website_visit
941,evt_00009815,2026-08-01,website_visit
941,evt_00009820,2026-08-01,email_open
941,evt_00009825,2026-08-01,email_open
941,evt_00009802,2026-08-02,email_click
941,evt_00009803,2026-08-02,email_open
941,evt_00009805,2026-08-02,email_click
941,evt_00009818,2026-08-02,email_open
941,evt_00009823,2026-08-02,website_visit
941,evt_00009804,2026-08-03,email_open
941,evt_00009822,2026-08-03,email_open
941,evt_00009806,2026-08-04,demo_request
941,evt_00009817,2026-08-04,website_visit
941,evt_00009819,2026-08-04,demo_request
941,evt_00009821,2026-08-04,email_open
941,evt_00009824,2026-08-04,email_open
941,evt_00009807,2026-08-05,form_fill
941,evt_00009809,2026-08-05,email_open
941,evt_00009814,2026-08-07,email_open
941,evt_00009811,2026-08-08,website_visit
941,evt_00009812,2026-08-08,email_open
941,evt_00009816,2026-08-08,form_fill
942,evt_00009826,2026-07-11,email_open
942,evt_00009831,2026-07-11,email_open
942,evt_00009832,2026-07-16,email_open
942,evt_00009837,2026-07-18,email_open
942,evt_00009835,2026-07-22,email_click
942,evt_00009828,2026-07-23,email_open
942,evt_00009827,2026-07-27,email_open
942,evt_00009829,2026-08-01,email_open
942,evt_00009830,2026-08-03,email_click
942,evt_00009836,2026-08-04,email_click
942,evt_00009833,2026-08-07,email_click
942,evt_00009834,2026-08-07,email_open
943,evt_00009840,2026-06-30,website_visit
943,evt_00009845,2026-07-04,website_visit
943,evt_00009846,2026-07-04,email_click
943,evt_00009839,2026-07-06,email_open
943,evt_00009841,2026-07-08,email_open
943,evt_00009843,2026-07-17,form_fill
943,evt_00009842,2026-07-22,email_open
943,evt_00009838,2026-07-25,website_visit
943,evt_00009844,2026-07-29,email_open
944,evt_00009849,2026-08-04,email_open
944,evt_00009851,2026-08-04,email_open
944,evt_00009847,2026-08-06,website_visit
944,evt_00009848,2026-08-08,email_click
944,evt_00009850,2026-08-08,email_open
945,evt_00009857,2026-03-15,email_open
945,evt_00009853,2026-04-04,email_open
945,evt_00009859,2026-04-22,website_visit
945,evt_00009852,2026-05-02,email_click
945,evt_00009854,2026-05-07,email_open
945,evt_00009855,2026-05-21,email_open
945,evt_00009858,2026-05-28,email_open
945,evt_00009860,2026-05-28,email_click
945,evt_00009856,2026-06-11,email_open
946,evt_00009865,2026-07-22,email_open
946,evt_00009869,2026-07-23,demo_request
946,evt_00009864,2026-07-24,demo_request
946,evt_00009861,2026-07-25,website_visit
946,evt_00009867,2026-07-25,demo_request
946,evt_00009866,2026-07-27,email_open
946,evt_00009870,2026-07-27,email_open
946,evt_00009862,2026-07-28,email_open
946,evt_00009868,2026-08-01,email_open
946,evt_00009863,2026-08-08,email_open
947,evt_00009888,2026-07-27,email_open
947,evt_00009874,2026-07-28,email_open
947,evt_00009889,2026-07-29,email_open
947,evt_00009871,2026-07-31,email_open
947,evt_00009885,2026-07-31,email_open
947,evt_00009882,2026-08-01,email_click
947,evt_00009887,2026-08-01,website_visit
947,evt_00009876,2026-08-02,email_open
947,evt_00009883,2026-08-02,form_fill
947,evt_00009884,2026-08-02,email_open
947,evt_00009875,2026-08-03,website_visit
947,evt_00009879,2026-08-03,email_click
947,evt_00009886,2026-08-03,email_open
947,evt_00009872,2026-08-04,website_visit
947,evt_00009880,2026-08-04,email_open
947,evt_00009873,2026-08-05,email_click
947,evt_00009878,2026-08-05,email_open
947,evt_00009877,2026-08-06,email_open
947,evt_00009881,2026-08-08,email_click
948,evt_00009891,2026-04-07,website_visit
948,evt_00009896,2026-04-11,website_visit
948,evt_00009893,2026-04-14,website_visit
948,evt_00009892,2026-04-24,email_open
948,evt_00009897,2026-04-28,email_open
948,evt_00009901,2026-04-30,email_open
948,evt_00009902,2026-05-05,email_open
948,evt_00009900,2026-06-27,email_open
948,evt_00009895,2026-06-30,email_open
948,evt_00009890,2026-07-25,email_open
948,evt_00009899,2026-07-31,website_visit
948,evt_00009894,2026-08-02,email_open
948,evt_00009898,2026-08-04,email_open
949,evt_00009908,2026-07-19,form_fill
949,evt_00009907,2026-07-20,email_open
949,evt_00009906,2026-07-23,website_visit
949,evt_00009910,2026-07-24,email_open
949,evt_00009903,2026-07-25,email_open
949,evt_00009905,2026-07-25,email_click
949,evt_00009909,2026-07-31,website_visit
949,evt_00009904,2026-08-02,email_open
949,evt_00009911,2026-08-05,website_visit
950,evt_00009915,2026-04-14,email_open
950,evt_00009917,2026-04-22,email_click
950,evt_00009913,2026-05-21,email_open
950,evt_00009914,2026-05-21,email_click
950,evt_00009912,2026-05-29,email_click
950,evt_00009916,2026-08-02,email_open
951,evt_00009918,2026-07-15,website_visit
951,evt_00009920,2026-07-17,form_fill
951,evt_00009919,2026-07-23,email_open
951,evt_00009921,2026-07-28,email_open
951,evt_00009922,2026-07-28,website_visit
951,evt_00009923,2026-08-04,website_visit
952,evt_00009931,2026-05-22,email_click
952,evt_00009929,2026-05-25,email_open
952,evt_00009925,2026-06-09,email_click
952,evt_00009927,2026-06-13,email_open
952,evt_00009934,2026-06-16,website_visit
952,evt_00009928,2026-06-22,email_click
952,evt_00009937,2026-06-24,email_open
952,evt_00009935,2026-07-14,email_click
952,evt_00009936,2026-07-14,email_open
952,evt_00009926,2026-07-16,website_visit
952,evt_00009932,2026-07-17,email_open
952,evt_00009933,2026-07-17,website_visit
952,evt_00009924,2026-07-20,email_open
952,evt_00009930,2026-07-26,email_click
953,evt_00009941,2026-04-08,email_click
953,evt_00009939,2026-04-28,email_click
953,evt_00009942,2026-05-03,email_click
953,evt_00009944,2026-06-06,email_open
953,evt_00009940,2026-06-10,website_visit
953,evt_00009946,2026-06-12,email_open
953,evt_00009945,2026-06-17,email_click
953,evt_00009938,2026-06-25,email_open
953,evt_00009943,2026-07-27,website_visit
954,evt_00009948,2026-06-05,email_open
954,evt_00009949,2026-06-22,form_fill
954,evt_00009950,2026-07-06,email_open
954,evt_00009947,2026-07-23,email_click
955,evt_00009957,2026-06-24,email_click
955,evt_00009953,2026-06-27,email_open
955,evt_00009956,2026-07-04,email_click
955,evt_00009951,2026-07-11,email_open
955,evt_00009954,2026-07-16,email_open
955,evt_00009952,2026-07-21,website_visit
955,evt_00009958,2026-07-21,website_visit
955,evt_00009955,2026-08-04,email_open
956,evt_00009959,2026-07-05,email_open
957,evt_00009962,2026-06-19,website_visit
957,evt_00009965,2026-06-20,form_fill
957,evt_00009967,2026-06-30,website_visit
957,evt_00009963,2026-07-05,email_open
957,evt_00009964,2026-07-15,email_open
957,evt_00009969,2026-07-21,email_click
957,evt_00009960,2026-07-24,email_open
957,evt_00009961,2026-07-25,website_visit
957,evt_00009968,2026-07-27,email_open
957,evt_00009970,2026-07-31,email_click
957,evt_00009966,2026-08-03,email_open
957,evt_00009971,2026-08-06,form_fill
958,evt_00009972,2026-03-23,demo_request
958,evt_00009973,2026-03-31,form_fill
958,evt_00009976,2026-03-31,email_click
958,evt_00009977,2026-07-15,website_visit
958,evt_00009975,2026-07-25,email_open
958,evt_00009974,2026-08-01,email_click
959,evt_00009978,2026-08-05,email_open
959,evt_00009979,2026-08-06,email_open
959,evt_00009980,2026-08-07,email_open
960,evt_00009985,2026-06-21,email_open
960,evt_00009987,2026-06-25,email_open
960,evt_00009983,2026-06-30,email_open
960,evt_00009982,2026-07-04,website_visit
960,evt_00009988,2026-07-04,demo_request
960,evt_00009984,2026-07-08,email_click
960,evt_00009981,2026-07-15,email_click
960,evt_00009986,2026-07-22,email_open
961,evt_00009990,2026-02-26,website_visit
961,evt_00009991,2026-02-26,website_visit
961,evt_00009989,2026-04-06,email_open
961,evt_00009993,2026-05-13,website_visit
961,evt_00009994,2026-06-04,website_visit
961,evt_00009992,2026-06-05,email_open
962,evt_00010004,2026-07-04,email_open
962,evt_00009997,2026-07-07,email_open
962,evt_00010008,2026-07-08,email_click
962,evt_00010007,2026-07-09,email_open
962,evt_00009998,2026-07-11,form_fill
962,evt_00010002,2026-07-13,email_open
962,evt_00010012,2026-07-13,form_fill
962,evt_00010001,2026-07-15,email_open
962,evt_00009996,2026-07-25,email_click
962,evt_00010000,2026-07-27,email_open
962,evt_00010005,2026-07-28,email_open
962,evt_00010009,2026-07-28,email_click
962,evt_00009995,2026-08-01,email_open
962,evt_00009999,2026-08-01,email_click
962,evt_00010003,2026-08-05,email_click
962,evt_00010011,2026-08-05,website_visit
962,evt_00010013,2026-08-06,website_visit
962,evt_00010006,2026-08-07,email_open
962,evt_00010010,2026-08-07,website_visit
963,evt_00010016,2026-03-08,email_open
963,evt_00010017,2026-03-12,email_open
963,evt_00010018,2026-03-15,email_click
963,evt_00010022,2026-03-24,website_visit
963,evt_00010021,2026-03-30,website_visit
963,evt_00010015,2026-04-02,website_visit
963,evt_00010027,2026-05-24,website_visit
963,evt_00010023,2026-05-25,email_click
963,evt_00010024,2026-05-29,email_click
963,evt_00010026,2026-05-30,website_visit
963,evt_00010025,2026-06-07,email_click
963,evt_00010019,2026-07-08,email_open
963,evt_00010014,2026-07-11,website_visit
963,evt_00010020,2026-07-26,email_open
964,evt_00010034,2026-03-31,website_visit
964,evt_00010050,2026-04-21,website_visit
964,evt_00010042,2026-04-24,email_open
964,evt_00010048,2026-04-25,demo_request
964,evt_00010035,2026-05-01,email_open
964,evt_00010037,2026-05-01,website_visit
964,evt_00010044,2026-05-14,website_visit
964,evt_00010033,2026-05-20,website_visit
964,evt_00010029,2026-06-12,form_fill
964,evt_00010038,2026-06-12,email_click
964,evt_00010031,2026-06-19,email_open
964,evt_00010040,2026-06-19,email_open
964,evt_00010049,2026-06-25,website_visit
964,evt_00010036,2026-07-01,email_open
964,evt_00010045,2026-07-01,website_visit
964,evt_00010046,2026-07-03,website_visit
964,evt_00010032,2026-07-15,email_open
964,evt_00010039,2026-07-17,demo_request
964,evt_00010047,2026-07-17,email_open
964,evt_00010043,2026-07-18,email_click
964,evt_00010028,2026-07-25,website_visit
964,evt_00010041,2026-07-28,website_visit
964,evt_00010030,2026-07-31,email_open
965,evt_00010051,2026-07-25,email_click
965,evt_00010057,2026-07-25,email_click
965,evt_00010053,2026-07-26,email_click
965,evt_00010064,2026-07-27,email_open
965,evt_00010055,2026-07-29,form_fill
965,evt_00010060,2026-07-29,email_click
965,evt_00010052,2026-07-30,website_visit
965,evt_00010054,2026-07-30,email_click
965,evt_00010058,2026-07-31,email_open
965,evt_00010062,2026-08-01,email_click
965,evt_00010061,2026-08-02,email_open
965,evt_00010065,2026-08-02,website_visit
965,evt_00010056,2026-08-03,email_open
965,evt_00010063,2026-08-04,website_visit
965,evt_00010059,2026-08-06,website_visit
965,evt_00010066,2026-08-07,email_open
966,evt_00010067,2026-08-05,demo_request
967,evt_00010072,2026-07-07,email_open
967,evt_00010071,2026-07-22,email_open
967,evt_00010069,2026-07-28,email_open
967,evt_00010068,2026-08-03,email_click
967,evt_00010070,2026-08-07,email_open
968,evt_00010073,2026-06-04,email_open
968,evt_00010074,2026-06-08,email_open
968,evt_00010075,2026-07-01,email_open
968,evt_00010076,2026-07-14,email_click
968,evt_00010077,2026-08-01,website_visit
969,evt_00010080,2026-04-14,website_visit
969,evt_00010082,2026-04-30,demo_request
969,evt_00010078,2026-05-17,email_open
969,evt_00010083,2026-05-23,email_click
969,evt_00010084,2026-06-14,email_click
969,evt_00010081,2026-06-25,email_open
969,evt_00010079,2026-07-19,email_open
970,evt_00010100,2026-02-23,website_visit
970,evt_00010088,2026-03-09,email_open
970,evt_00010086,2026-03-21,email_click
970,evt_00010092,2026-03-24,email_open
970,evt_00010102,2026-03-31,demo_request
970,evt_00010085,2026-04-03,email_open
970,evt_00010097,2026-04-05,email_click
970,evt_00010095,2026-04-19,email_open
970,evt_00010093,2026-04-27,email_open
970,evt_00010096,2026-05-07,website_visit
970,evt_00010087,2026-05-09,email_click
970,evt_00010094,2026-05-13,website_visit
970,evt_00010104,2026-05-17,email_open
970,evt_00010101,2026-05-25,demo_request
970,evt_00010089,2026-06-20,website_visit
970,evt_00010098,2026-07-03,email_open
970,evt_00010103,2026-07-05,email_open
970,evt_00010090,2026-07-08,email_click
970,evt_00010091,2026-07-13,email_open
970,evt_00010105,2026-07-15,email_click
970,evt_00010099,2026-07-31,email_open
971,evt_00010108,2026-05-25,email_open
971,evt_00010121,2026-05-29,email_click
971,evt_00010115,2026-06-04,email_open
971,evt_00010117,2026-06-09,form_fill
971,evt_00010114,2026-06-11,email_open
971,evt_00010106,2026-06-16,email_open
971,evt_00010111,2026-06-19,website_visit
971,evt_00010109,2026-06-22,email_open
971,evt_00010110,2026-06-30,email_open
971,evt_00010118,2026-07-08,website_visit
971,evt_00010107,2026-07-13,website_visit
971,evt_00010116,2026-07-18,email_open
971,evt_00010120,2026-07-19,email_open
971,evt_00010113,2026-07-26,form_fill
971,evt_00010112,2026-07-28,website_visit
971,evt_00010119,2026-08-03,email_open
972,evt_00010122,2026-06-21,demo_request
972,evt_00010125,2026-07-01,email_open
972,evt_00010124,2026-07-09,website_visit
972,evt_00010123,2026-08-06,email_open
973,evt_00010135,2026-06-28,email_open
973,evt_00010138,2026-07-06,website_visit
973,evt_00010139,2026-07-06,email_click
973,evt_00010126,2026-07-09,email_open
973,evt_00010129,2026-07-11,website_visit
973,evt_00010140,2026-07-13,website_visit
973,evt_00010131,2026-07-16,website_visit
973,evt_00010132,2026-07-17,email_click
973,evt_00010136,2026-07-18,email_open
973,evt_00010130,2026-07-26,email_click
973,evt_00010127,2026-07-27,website_visit
973,evt_00010133,2026-07-27,email_open
973,evt_00010134,2026-07-27,email_open
973,evt_00010137,2026-07-31,email_open
973,evt_00010128,2026-08-06,email_open
973,evt_00010141,2026-08-06,website_visit
974,evt_00010144,2026-05-23,email_open
974,evt_00010149,2026-05-24,website_visit
974,evt_00010151,2026-05-25,email_open
974,evt_00010150,2026-06-17,website_visit
974,evt_00010147,2026-06-28,email_open
974,evt_00010142,2026-07-09,email_open
974,evt_00010146,2026-07-15,email_click
974,evt_00010145,2026-07-20,email_open
974,evt_00010148,2026-07-21,email_open
974,evt_00010143,2026-07-24,email_click
975,evt_00010167,2026-03-07,website_visit
975,evt_00010152,2026-03-14,website_visit
975,evt_00010155,2026-03-17,demo_request
975,evt_00010157,2026-03-22,form_fill
975,evt_00010158,2026-03-27,email_open
975,evt_00010154,2026-03-28,email_open
975,evt_00010161,2026-04-04,email_open
975,evt_00010169,2026-04-08,email_open
975,evt_00010159,2026-04-18,email_open
975,evt_00010166,2026-04-26,email_click
975,evt_00010168,2026-04-28,email_open
975,evt_00010163,2026-04-30,email_open
975,evt_00010171,2026-05-10,website_visit
975,evt_00010153,2026-05-20,email_open
975,evt_00010156,2026-05-27,email_open
975,evt_00010164,2026-06-05,email_open
975,evt_00010170,2026-07-02,website_visit
975,evt_00010165,2026-07-07,email_click
975,evt_00010160,2026-07-12,email_open
975,evt_00010162,2026-07-31,email_click
975,evt_00010172,2026-08-05,website_visit
976,evt_00010173,2026-04-02,form_fill
976,evt_00010175,2026-04-04,email_open
976,evt_00010174,2026-04-05,email_click
976,evt_00010176,2026-07-24,email_open
976,evt_00010177,2026-07-25,email_open
977,evt_00010184,2026-05-07,website_visit
977,evt_00010181,2026-05-23,website_visit
977,evt_00010187,2026-05-23,email_open
977,evt_00010182,2026-05-27,email_open
977,evt_00010186,2026-05-30,email_click
977,evt_00010180,2026-06-04,email_open
977,evt_00010178,2026-06-21,email_open
977,evt_00010183,2026-07-14,website_visit
977,evt_00010185,2026-07-15,email_click
977,evt_00010179,2026-07-28,form_fill
978,evt_00010190,2026-05-22,email_open
978,evt_00010193,2026-05-29,website_visit
978,evt_00010191,2026-06-30,email_open
978,evt_00010192,2026-07-04,email_click
978,evt_00010189,2026-07-23,website_visit
978,evt_00010188,2026-08-04,form_fill
979,evt_00010194,2026-03-13,email_open
979,evt_00010200,2026-03-16,website_visit
979,evt_00010196,2026-03-24,email_open
979,evt_00010195,2026-05-11,form_fill
979,evt_00010201,2026-06-13,website_visit
979,evt_00010198,2026-06-30,website_visit
979,evt_00010199,2026-07-19,website_visit
979,evt_00010197,2026-07-30,form_fill
980,evt_00010219,2026-06-23,email_open
980,evt_00010223,2026-06-23,email_click
980,evt_00010203,2026-06-24,form_fill
980,evt_00010227,2026-06-24,website_visit
980,evt_00010207,2026-06-25,website_visit
980,evt_00010221,2026-06-26,website_visit
980,evt_00010217,2026-06-27,email_open
980,evt_00010225,2026-06-28,demo_request
980,evt_00010204,2026-06-30,email_click
980,evt_00010214,2026-07-01,email_click
980,evt_00010218,2026-07-01,email_open
980,evt_00010222,2026-07-01,website_visit
980,evt_00010224,2026-07-02,email_open
980,evt_00010211,2026-07-05,email_open
980,evt_00010215,2026-07-07,email_click
980,evt_00010212,2026-07-10,email_click
980,evt_00010213,2026-07-10,email_open
980,evt_00010226,2026-07-11,email_open
980,evt_00010210,2026-07-17,email_click
980,evt_00010202,2026-07-20,email_click
980,evt_00010228,2026-07-22,form_fill
980,evt_00010205,2026-07-28,email_open
980,evt_00010208,2026-07-28,email_open
980,evt_00010216,2026-07-29,email_click
980,evt_00010206,2026-07-30,email_open
980,evt_00010209,2026-07-31,email_open
980,evt_00010220,2026-08-07,email_click
981,evt_00010230,2026-06-22,email_open
981,evt_00010232,2026-06-25,email_open
981,evt_00010234,2026-06-27,email_open
981,evt_00010229,2026-07-04,email_open
981,evt_00010242,2026-07-10,website_visit
981,evt_00010236,2026-07-11,website_visit
981,evt_00010241,2026-07-19,email_open
981,evt_00010238,2026-07-20,email_open
981,evt_00010240,2026-07-21,email_open
981,evt_00010235,2026-07-22,website_visit
981,evt_00010231,2026-07-23,email_open
981,evt_00010243,2026-07-25,email_click
981,evt_00010237,2026-07-26,email_click
981,evt_00010233,2026-07-27,form_fill
981,evt_00010239,2026-08-05,email_open
982,evt_00010248,2026-07-26,email_open
982,evt_00010254,2026-07-30,email_click
982,evt_00010251,2026-07-31,email_click
982,evt_00010249,2026-08-02,website_visit
982,evt_00010244,2026-08-03,email_open
982,evt_00010246,2026-08-05,email_open
982,evt_00010250,2026-08-05,email_open
982,evt_00010252,2026-08-05,email_click
982,evt_00010255,2026-08-05,email_open
982,evt_00010245,2026-08-07,email_open
982,evt_00010247,2026-08-07,email_click
982,evt_00010253,2026-08-08,email_click
983,evt_00010256,2026-07-18,email_open
984,evt_00010262,2026-05-20,email_open
984,evt_00010259,2026-05-30,email_open
984,evt_00010260,2026-06-10,email_click
984,evt_00010264,2026-07-11,email_click
984,evt_00010261,2026-07-14,email_open
984,evt_00010258,2026-07-20,website_visit
984,evt_00010263,2026-07-21,form_fill
984,evt_00010257,2026-08-08,email_open
985,evt_00010272,2026-05-21,email_open
985,evt_00010277,2026-06-03,email_open
985,evt_00010267,2026-06-11,website_visit
985,evt_00010273,2026-06-17,email_open
985,evt_00010279,2026-06-17,email_open
985,evt_00010268,2026-06-28,email_open
985,evt_00010270,2026-06-28,website_visit
985,evt_00010265,2026-07-07,email_open
985,evt_00010274,2026-07-12,email_open
985,evt_00010266,2026-07-24,email_open
985,evt_00010271,2026-07-26,email_open
985,evt_00010269,2026-07-30,website_visit
985,evt_00010278,2026-07-30,email_click
985,evt_00010275,2026-08-03,email_open
985,evt_00010280,2026-08-06,email_click
985,evt_00010276,2026-08-07,email_open
986,evt_00010285,2026-05-04,email_open
986,evt_00010282,2026-05-24,email_click
986,evt_00010283,2026-05-31,email_open
986,evt_00010281,2026-07-18,website_visit
986,evt_00010284,2026-08-05,form_fill
987,evt_00010290,2026-07-05,email_open
987,evt_00010291,2026-07-15,email_click
987,evt_00010286,2026-07-22,website_visit
987,evt_00010287,2026-07-23,email_click
987,evt_00010288,2026-07-30,email_open
987,evt_00010289,2026-07-30,demo_request
988,evt_00010292,2026-07-09,email_open
988,evt_00010293,2026-07-10,website_visit
988,evt_00010294,2026-07-16,website_visit
988,evt_00010297,2026-07-29,email_open
988,evt_00010296,2026-08-03,email_open
988,evt_00010295,2026-08-08,email_open
989,evt_00010298,2026-07-24,email_open
989,evt_00010299,2026-08-07,website_visit
990,evt_00010315,2026-03-26,email_click
990,evt_00010312,2026-03-30,email_open
990,evt_00010304,2026-04-08,email_click
990,evt_00010301,2026-04-09,form_fill
990,evt_00010311,2026-05-09,email_open
990,evt_00010314,2026-05-10,email_open
990,evt_00010302,2026-05-24,email_open
990,evt_00010303,2026-06-04,website_visit
990,evt_00010308,2026-06-08,email_open
990,evt_00010317,2026-06-21,email_open
990,evt_00010305,2026-07-01,website_visit
990,evt_00010309,2026-07-09,email_click
990,evt_00010307,2026-07-10,email_open
990,evt_00010310,2026-07-11,email_click
990,evt_00010306,2026-07-17,website_visit
990,evt_00010300,2026-07-18,website_visit
990,evt_00010316,2026-07-29,email_open
990,evt_00010313,2026-08-04,email_open
991,evt_00010320,2026-06-14,email_open
991,evt_00010321,2026-06-29,email_open
991,evt_00010318,2026-07-31,website_visit
991,evt_00010319,2026-08-01,email_click
992,evt_00010322,2026-04-23,email_open
993,evt_00010323,2026-02-18,form_fill
993,evt_00010324,2026-03-17,email_open
993,evt_00010325,2026-04-13,email_open
994,evt_00010337,2026-05-19,email_click
994,evt_00010327,2026-05-25,website_visit
994,evt_00010336,2026-05-29,email_open
994,evt_00010339,2026-06-06,email_open
994,evt_00010334,2026-06-08,demo_request
994,evt_00010331,2026-06-18,website_visit
994,evt_00010335,2026-06-19,email_open
994,evt_00010332,2026-06-21,form_fill
994,evt_00010326,2026-06-27,email_open
994,evt_00010333,2026-06-29,email_open
994,evt_00010328,2026-07-04,website_visit
994,evt_00010338,2026-07-06,email_click
994,evt_00010329,2026-07-08,website_visit
994,evt_00010330,2026-07-09,email_open
994,evt_00010340,2026-08-03,email_click
995,evt_00010342,2026-07-14,form_fill
995,evt_00010351,2026-07-14,email_open
995,evt_00010360,2026-07-14,email_open
995,evt_00010361,2026-07-14,website_visit
995,evt_00010363,2026-07-16,email_open
995,evt_00010352,2026-07-17,website_visit
995,evt_00010362,2026-07-22,email_open
995,evt_00010349,2026-07-23,website_visit
995,evt_00010358,2026-07-25,email_open
995,evt_00010343,2026-07-27,email_click
995,evt_00010359,2026-07-27,email_open
995,evt_00010344,2026-07-28,email_click
995,evt_00010348,2026-07-28,form_fill
995,evt_00010355,2026-07-29,form_fill
995,evt_00010345,2026-07-30,email_open
995,evt_00010350,2026-07-30,email_open
995,evt_00010353,2026-07-30,website_visit
995,evt_00010357,2026-07-30,website_visit
995,evt_00010341,2026-07-31,website_visit
995,evt_00010364,2026-07-31,form_fill
995,evt_00010346,2026-08-03,website_visit
995,evt_00010366,2026-08-03,demo_request
995,evt_00010365,2026-08-05,email_open
995,evt_00010354,2026-08-06,email_open
995,evt_00010347,2026-08-07,email_open
995,evt_00010356,2026-08-08,website_visit
995,evt_00010367,2026-08-08,website_visit
996,evt_00010377,2026-04-07,website_visit
996,evt_00010376,2026-04-08,website_visit
996,evt_00010387,2026-04-08,email_open
996,evt_00010383,2026-04-10,email_open
996,evt_00010392,2026-04-24,email_click
996,evt_00010378,2026-04-26,email_click
996,evt_00010382,2026-04-26,email_open
996,evt_00010390,2026-04-27,website_visit
996,evt_00010373,2026-04-30,email_open
996,evt_00010393,2026-05-14,email_open
996,evt_00010370,2026-05-17,form_fill
996,evt_00010395,2026-05-28,email_open
996,evt_00010372,2026-05-29,form_fill
996,evt_00010384,2026-05-30,email_click
996,evt_00010375,2026-06-16,website_visit
996,evt_00010396,2026-06-16,email_open
996,evt_00010374,2026-06-23,email_open
996,evt_00010385,2026-06-24,email_click
996,evt_00010398,2026-06-25,website_visit
996,evt_00010400,2026-07-05,email_open
996,evt_00010371,2026-07-07,email_click
996,evt_00010381,2026-07-10,email_click
996,evt_00010389,2026-07-12,website_visit
996,evt_00010380,2026-07-13,email_click
996,evt_00010394,2026-07-15,email_click
996,evt_00010388,2026-07-17,website_visit
996,evt_00010369,2026-07-18,website_visit
996,evt_00010386,2026-07-23,website_visit
996,evt_00010399,2026-07-27,website_visit
996,evt_00010368,2026-07-30,website_visit
996,evt_00010397,2026-07-31,email_open
996,evt_00010379,2026-08-03,email_open
996,evt_00010391,2026-08-04,form_fill
997,evt_00010408,2026-06-16,email_open
997,evt_00010402,2026-06-18,email_open
997,evt_00010410,2026-06-26,email_open
997,evt_00010405,2026-07-03,email_open
997,evt_00010404,2026-07-05,email_open
997,evt_00010409,2026-07-11,website_visit
997,evt_00010407,2026-07-13,website_visit
997,evt_00010401,2026-07-17,website_visit
997,evt_00010403,2026-07-25,email_open
997,evt_00010406,2026-08-05,email_click
998,evt_00010411,2026-04-18,email_click
998,evt_00010412,2026-06-03,form_fill
998,evt_00010413,2026-07-11,email_open
998,evt_00010414,2026-07-13,form_fill
999,evt_00010415,2026-04-14,email_open
999,evt_00010419,2026-05-26,website_visit
999,evt_00010416,2026-06-24,email_click
999,evt_00010420,2026-07-03,website_visit
999,evt_00010418,2026-07-18,website_visit
999,evt_00010417,2026-07-26,email_click
999,evt_00010421,2026-07-26,email_open
1000,evt_00010422,2026-05-04,email_open
1000,evt_00010424,2026-05-07,website_visit
1000,evt_00010430,2026-05-16,website_visit
1000,evt_00010429,2026-06-07,form_fill
1000,evt_00010426,2026-06-09,website_visit
1000,evt_00010428,2026-06-24,form_fill
1000,evt_00010425,2026-06-27,email_open
1000,evt_00010431,2026-07-13,website_visit
1000,evt_00010423,2026-07-29,email_open
1000,evt_00010427,2026-08-01,website_visit
1000,evt_00010432,2026-08-08,website_visit
1001,evt_00010442,2026-06-16,email_open
1001,evt_00010434,2026-06-17,email_open
1001,evt_00010441,2026-06-23,form_fill
1001,evt_00010439,2026-06-27,email_open
1001,evt_00010436,2026-07-01,email_open
1001,evt_00010438,2026-07-01,email_open
1001,evt_00010445,2026-07-05,email_open
1001,evt_00010446,2026-07-14,email_open
1001,evt_00010443,2026-07-16,email_open
1001,evt_00010444,2026-07-16,email_open
1001,evt_00010440,2026-07-22,website_visit
1001,evt_00010433,2026-07-24,email_open
1001,evt_00010437,2026-07-25,email_open
1001,evt_00010435,2026-07-28,email_click
1002,evt_00010450,2026-04-24,email_click
1002,evt_00010447,2026-05-13,email_open
1002,evt_00010448,2026-07-12,website_visit
1002,evt_00010449,2026-07-17,email_open
1003,evt_00010460,2026-03-16,email_open
1003,evt_00010457,2026-03-30,email_click
1003,evt_00010456,2026-04-01,email_open
1003,evt_00010453,2026-04-07,email_open
1003,evt_00010461,2026-05-01,email_open
1003,evt_00010458,2026-05-09,email_open
1003,evt_00010452,2026-05-23,email_open
1003,evt_00010451,2026-06-09,form_fill
1003,evt_00010462,2026-07-01,email_open
1003,evt_00010459,2026-07-02,email_open
1003,evt_00010455,2026-07-14,email_open
1003,evt_00010454,2026-07-31,email_open
1004,evt_00010464,2026-04-16,email_open
1004,evt_00010470,2026-04-26,email_open
1004,evt_00010473,2026-05-04,website_visit
1004,evt_00010472,2026-05-08,website_visit
1004,evt_00010476,2026-05-24,email_open
1004,evt_00010471,2026-05-27,form_fill
1004,evt_00010475,2026-06-18,email_open
1004,evt_00010466,2026-06-21,website_visit
1004,evt_00010468,2026-06-27,email_open
1004,evt_00010474,2026-07-04,email_open
1004,evt_00010469,2026-07-19,email_open
1004,evt_00010465,2026-08-04,email_click
1004,evt_00010467,2026-08-06,website_visit
1004,evt_00010463,2026-08-07,email_open
1005,evt_00010484,2026-04-04,website_visit
1005,evt_00010485,2026-04-16,email_open
1005,evt_00010482,2026-04-25,email_open
1005,evt_00010483,2026-05-05,email_open
1005,evt_00010477,2026-05-11,email_click
1005,evt_00010478,2026-06-10,email_open
1005,evt_00010479,2026-06-28,email_open
1005,evt_00010481,2026-07-09,email_open
1005,evt_00010480,2026-07-28,email_click
1006,evt_00010487,2026-05-24,email_open
1006,evt_00010490,2026-06-01,email_open
1006,evt_00010489,2026-06-14,website_visit
1006,evt_00010488,2026-06-17,website_visit
1006,evt_00010491,2026-07-02,email_open
1006,evt_00010493,2026-07-03,email_open
1006,evt_00010486,2026-07-14,email_open
1006,evt_00010492,2026-08-05,email_open
1007,evt_00010498,2026-05-14,email_open
1007,evt_00010497,2026-05-21,email_click
1007,evt_00010494,2026-05-26,email_open
1007,evt_00010500,2026-06-03,website_visit
1007,evt_00010495,2026-06-04,email_open
1007,evt_00010496,2026-06-12,email_open
1007,evt_00010499,2026-06-17,email_open
1008,evt_00010503,2026-03-16,website_visit
1008,evt_00010505,2026-04-07,website_visit
1008,evt_00010501,2026-04-11,email_click
1008,evt_00010507,2026-05-20,email_click
1008,evt_00010504,2026-05-23,email_click
1008,evt_00010502,2026-06-09,form_fill
1008,evt_00010506,2026-07-07,email_click
1009,evt_00010509,2026-06-27,website_visit
1009,evt_00010508,2026-07-20,website_visit
1010,evt_00010514,2026-08-06,email_open
1010,evt_00010517,2026-08-06,website_visit
1010,evt_00010510,2026-08-07,email_open
1010,evt_00010512,2026-08-07,email_open
1010,evt_00010513,2026-08-07,email_open
1010,evt_00010518,2026-08-07,email_open
1010,evt_00010511,2026-08-08,email_open
1010,evt_00010515,2026-08-08,email_open
1010,evt_00010516,2026-08-08,email_click
1010,evt_00010519,2026-08-08,website_visit
1011,evt_00010526,2026-07-25,email_open
1011,evt_00010520,2026-07-27,email_open
1011,evt_00010525,2026-07-28,email_open
1011,evt_00010521,2026-07-29,website_visit
1011,evt_00010524,2026-07-31,website_visit
1011,evt_00010522,2026-08-03,email_open
1011,evt_00010527,2026-08-06,website_visit
1011,evt_00010523,2026-08-08,email_open
1012,evt_00010528,2026-07-13,form_fill
1012,evt_00010529,2026-07-18,email_click
1012,evt_00010533,2026-07-19,email_open
1012,evt_00010530,2026-07-21,form_fill
1012,evt_00010534,2026-07-29,email_click
1012,evt_00010531,2026-07-30,email_click
1012,evt_00010532,2026-08-03,email_open
1013,evt_00010540,2026-07-29,email_open
1013,evt_00010538,2026-07-31,email_open
1013,evt_00010537,2026-08-01,website_visit
1013,evt_00010544,2026-08-02,website_visit
1013,evt_00010539,2026-08-03,demo_request
1013,evt_00010536,2026-08-05,email_open
1013,evt_00010535,2026-08-06,website_visit
1013,evt_00010541,2026-08-06,email_open
1013,evt_00010542,2026-08-07,demo_request
1013,evt_00010543,2026-08-07,email_open
1014,evt_00010545,2026-07-16,email_open
1014,evt_00010548,2026-07-17,email_open
1014,evt_00010550,2026-07-25,email_open
1014,evt_00010547,2026-08-03,website_visit
1014,evt_00010549,2026-08-04,email_open
1014,evt_00010546,2026-08-07,email_click
1015,evt_00010551,2026-05-13,email_open
1016,evt_00010555,2026-07-03,form_fill
1016,evt_00010552,2026-07-15,email_click
1016,evt_00010553,2026-07-17,website_visit
1016,evt_00010554,2026-07-25,website_visit
1017,evt_00010557,2026-07-09,website_visit
1017,evt_00010562,2026-07-10,email_click
1017,evt_00010561,2026-07-14,email_open
1017,evt_00010558,2026-07-17,demo_request
1017,evt_00010556,2026-07-20,email_open
1017,evt_00010560,2026-07-29,website_visit
1017,evt_00010563,2026-07-31,website_visit
1017,evt_00010564,2026-08-03,email_open
1017,evt_00010559,2026-08-05,email_open
1018,evt_00010567,2026-06-26,form_fill
1018,evt_00010565,2026-06-27,website_visit
1018,evt_00010572,2026-06-27,website_visit
1018,evt_00010574,2026-07-02,email_click
1018,evt_00010566,2026-07-03,email_click
1018,evt_00010576,2026-07-03,email_click
1018,evt_00010575,2026-07-05,website_visit
1018,evt_00010569,2026-07-09,demo_request
1018,evt_00010571,2026-07-10,demo_request
1018,evt_00010568,2026-07-16,website_visit
1018,evt_00010578,2026-07-16,email_open
1018,evt_00010577,2026-07-19,email_click
1018,evt_00010570,2026-08-01,email_open
1018,evt_00010573,2026-08-03,website_visit
1019,evt_00010584,2026-05-16,email_open
1019,evt_00010579,2026-05-17,email_open
1019,evt_00010585,2026-06-08,website_visit
1019,evt_00010581,2026-06-15,email_open
1019,evt_00010580,2026-06-26,website_visit
1019,evt_00010582,2026-06-30,website_visit
1019,evt_00010587,2026-07-02,demo_request
1019,evt_00010583,2026-07-04,email_open
1019,evt_00010586,2026-07-30,website_visit
1020,evt_00010591,2026-06-10,email_click
1020,evt_00010590,2026-06-13,email_click
1020,evt_00010593,2026-06-26,email_click
1020,evt_00010597,2026-07-02,form_fill
1020,evt_00010596,2026-07-05,email_open
1020,evt_00010592,2026-07-18,email_open
1020,evt_00010595,2026-07-22,email_click
1020,evt_00010589,2026-07-25,website_visit
1020,evt_00010600,2026-07-30,email_click
1020,evt_00010599,2026-08-02,email_open
1020,evt_00010588,2026-08-04,email_open
1020,evt_00010598,2026-08-05,email_click
1020,evt_00010601,2026-08-06,email_open
1020,evt_00010594,2026-08-08,email_open
1021,evt_00010603,2026-03-23,website_visit
1021,evt_00010606,2026-04-02,website_visit
1021,evt_00010604,2026-04-20,email_open
1021,evt_00010605,2026-05-22,email_click
1021,evt_00010602,2026-08-08,website_visit
1022,evt_00010609,2026-04-02,website_visit
1022,evt_00010607,2026-06-30,email_click
1022,evt_00010608,2026-07-25,email_click
1023,evt_00010612,2026-07-18,email_click
1023,evt_00010611,2026-07-19,email_open
1023,evt_00010610,2026-07-21,email_click
1023,evt_00010613,2026-07-31,email_open
1024,evt_00010642,2026-04-26,email_open
1024,evt_00010618,2026-04-29,email_open
1024,evt_00010637,2026-05-07,email_open
1024,evt_00010620,2026-05-08,form_fill
1024,evt_00010622,2026-05-14,website_visit
1024,evt_00010638,2026-05-17,website_visit
1024,evt_00010630,2026-05-19,email_open
1024,evt_00010643,2026-05-23,form_fill
1024,evt_00010621,2026-05-24,email_open
1024,evt_00010644,2026-05-24,email_open
1024,evt_00010626,2026-05-28,email_open
1024,evt_00010633,2026-05-29,email_open
1024,evt_00010636,2026-06-02,email_open
1024,evt_00010619,2026-06-11,email_open
1024,evt_00010631,2026-06-11,website_visit
1024,evt_00010614,2026-06-14,email_open
1024,evt_00010629,2026-06-25,email_open
1024,evt_00010625,2026-06-30,email_open
1024,evt_00010632,2026-07-03,website_visit
1024,evt_00010635,2026-07-03,website_visit
1024,evt_00010615,2026-07-04,email_open
1024,evt_00010617,2026-07-04,email_open
1024,evt_00010627,2026-07-06,email_open
1024,evt_00010624,2026-07-08,email_click
1024,evt_00010623,2026-07-21,email_open
1024,evt_00010641,2026-07-26,website_visit
1024,evt_00010628,2026-07-28,email_open
1024,evt_00010640,2026-07-29,website_visit
1024,evt_00010634,2026-07-30,demo_request
1024,evt_00010639,2026-07-30,email_open
1024,evt_00010616,2026-08-01,email_open
1025,evt_00010650,2026-03-11,email_click
1025,evt_00010649,2026-03-29,website_visit
1025,evt_00010651,2026-04-04,email_open
1025,evt_00010652,2026-04-08,demo_request
1025,evt_00010645,2026-05-08,website_visit
1025,evt_00010648,2026-05-23,email_open
1025,evt_00010646,2026-06-11,email_open
1025,evt_00010653,2026-06-18,email_open
1025,evt_00010654,2026-06-30,email_click
1025,evt_00010655,2026-07-06,email_open
1025,evt_00010647,2026-07-15,website_visit
1025,evt_00010657,2026-07-24,email_click
1025,evt_00010656,2026-07-29,email_open
1026,evt_00010667,2026-07-11,email_click
1026,evt_00010662,2026-07-15,email_open
1026,evt_00010664,2026-07-18,email_click
1026,evt_00010659,2026-07-21,email_open
1026,evt_00010666,2026-07-21,email_open
1026,evt_00010658,2026-07-22,email_open
1026,evt_00010663,2026-07-23,email_open
1026,evt_00010665,2026-07-26,email_open
1026,evt_00010661,2026-07-30,email_open
1026,evt_00010668,2026-08-02,email_open
1026,evt_00010660,2026-08-03,email_open
1027,evt_00010680,2026-02-19,website_visit
1027,evt_00010674,2026-02-22,website_visit
1027,evt_00010670,2026-03-14,email_open
1027,evt_00010687,2026-04-01,email_open
1027,evt_00010685,2026-04-02,email_open
1027,evt_00010677,2026-04-03,email_open
1027,evt_00010689,2026-04-03,website_visit
1027,evt_00010679,2026-04-05,email_click
1027,evt_00010684,2026-04-17,email_click
1027,evt_00010686,2026-04-17,email_open
1027,evt_00010681,2026-04-30,email_open
1027,evt_00010675,2026-05-04,email_click
1027,evt_00010676,2026-05-08,email_open
1027,evt_00010673,2026-06-23,email_click
1027,evt_00010678,2026-06-23,email_open
1027,evt_00010669,2026-06-26,form_fill
1027,evt_00010688,2026-07-06,email_open
1027,evt_00010691,2026-07-08,email_open
1027,evt_00010683,2026-07-11,email_open
1027,evt_00010690,2026-07-15,website_visit
1027,evt_00010682,2026-07-22,email_click
1027,evt_00010672,2026-07-26,email_open
1027,evt_00010671,2026-08-05,website_visit
1028,evt_00010692,2026-04-28,email_click
1028,evt_00010693,2026-06-01,email_open
1029,evt_00010700,2026-07-21,email_open
1029,evt_00010694,2026-07-25,website_visit
1029,evt_00010702,2026-07-25,email_open
1029,evt_00010696,2026-07-26,website_visit
1029,evt_00010703,2026-07-29,email_open
1029,evt_00010695,2026-07-31,website_visit
1029,evt_00010699,2026-08-03,email_click
1029,evt_00010701,2026-08-03,website_visit
1029,evt_00010698,2026-08-05,email_open
1029,evt_00010704,2026-08-06,email_open
1029,evt_00010697,2026-08-07,email_click
1030,evt_00010715,2026-04-12,email_open
1030,evt_00010724,2026-04-13,email_open
1030,evt_00010727,2026-04-24,email_open
1030,evt_00010708,2026-05-02,website_visit
1030,evt_00010723,2026-05-03,email_open
1030,evt_00010734,2026-05-03,form_fill
1030,evt_00010710,2026-05-04,email_open
1030,evt_00010713,2026-05-04,email_click
1030,evt_00010721,2026-05-05,email_click
1030,evt_00010726,2026-05-05,email_open
1030,evt_00010731,2026-05-16,website_visit
1030,evt_00010718,2026-05-24,website_visit
1030,evt_00010730,2026-05-26,email_open
1030,evt_00010706,2026-05-31,email_open
1030,evt_00010719,2026-06-04,email_open
1030,evt_00010716,2026-06-05,email_open
1030,evt_00010725,2026-06-05,email_open
1030,evt_00010709,2026-06-06,website_visit
1030,evt_00010712,2026-06-07,website_visit
1030,evt_00010732,2026-06-08,email_click
1030,evt_00010733,2026-06-18,email_click
1030,evt_00010728,2026-06-25,website_visit
1030,evt_00010705,2026-06-30,email_open
1030,evt_00010714,2026-07-01,email_open
1030,evt_00010720,2026-07-07,email_open
1030,evt_00010722,2026-07-12,website_visit
1030,evt_00010707,2026-07-15,email_open
1030,evt_00010711,2026-08-01,email_open
1030,evt_00010717,2026-08-04,website_visit
1030,evt_00010729,2026-08-08,email_open
1031,evt_00010737,2026-05-12,email_open
1031,evt_00010751,2026-05-24,email_open
1031,evt_00010748,2026-05-25,email_click
1031,evt_00010736,2026-05-30,email_open
1031,evt_00010744,2026-06-09,form_fill
1031,evt_00010739,2026-06-13,email_open
1031,evt_00010747,2026-06-15,website_visit
1031,evt_00010742,2026-06-22,email_open
1031,evt_00010745,2026-06-24,email_open
1031,evt_00010738,2026-07-04,email_open
1031,evt_00010752,2026-07-08,email_click
1031,evt_00010741,2026-07-15,website_visit
1031,evt_00010743,2026-07-15,website_visit
1031,evt_00010750,2026-07-21,email_open
1031,evt_00010746,2026-07-23,email_click
1031,evt_00010735,2026-07-28,website_visit
1031,evt_00010740,2026-07-29,email_open
1031,evt_00010749,2026-08-03,email_open
1032,evt_00010754,2026-07-12,email_open
1032,evt_00010757,2026-07-17,email_open
1032,evt_00010759,2026-07-17,email_open
1032,evt_00010753,2026-07-23,email_open
1032,evt_00010755,2026-07-31,email_open
1032,evt_00010756,2026-08-08,demo_request
1032,evt_00010758,2026-08-08,website_visit
1033,evt_00010761,2026-06-25,email_click
1033,evt_00010760,2026-06-28,email_click
1033,evt_00010763,2026-06-28,website_visit
1033,evt_00010773,2026-07-03,demo_request
1033,evt_00010768,2026-07-06,email_open
1033,evt_00010775,2026-07-11,email_click
1033,evt_00010776,2026-07-11,email_open
1033,evt_00010764,2026-07-12,email_open
1033,evt_00010771,2026-07-12,email_open
1033,evt_00010766,2026-07-13,email_open
1033,evt_00010774,2026-07-13,email_click
1033,evt_00010770,2026-07-14,website_visit
1033,evt_00010767,2026-07-15,email_open
1033,evt_00010779,2026-07-22,email_click
1033,evt_00010777,2026-07-24,email_open
1033,evt_00010765,2026-07-25,email_open
1033,evt_00010772,2026-07-28,email_open
1033,evt_00010780,2026-07-31,email_open
1033,evt_00010769,2026-08-04,email_open
1033,evt_00010762,2026-08-05,website_visit
1033,evt_00010778,2026-08-07,website_visit
1034,evt_00010782,2026-03-30,email_open
1034,evt_00010784,2026-05-19,email_open
1034,evt_00010783,2026-07-12,website_visit
1034,evt_00010781,2026-07-14,website_visit
1035,evt_00010790,2026-07-16,email_click
1035,evt_00010792,2026-07-16,email_click
1035,evt_00010787,2026-07-18,website_visit
1035,evt_00010798,2026-07-18,email_open
1035,evt_00010791,2026-07-20,email_open
1035,evt_00010789,2026-07-21,email_open
1035,evt_00010802,2026-07-21,email_open
1035,evt_00010786,2026-07-22,website_visit
1035,evt_00010801,2026-07-23,website_visit
1035,evt_00010785,2026-07-24,email_open
1035,evt_00010797,2026-07-24,email_open
1035,evt_00010799,2026-07-24,email_open
1035,evt_00010796,2026-07-25,website_visit
1035,evt_00010800,2026-07-27,website_visit
1035,evt_00010793,2026-07-29,email_open
1035,evt_00010794,2026-07-29,email_click
1035,evt_00010795,2026-07-29,website_visit
1035,evt_00010788,2026-08-06,email_open
1035,evt_00010803,2026-08-06,email_open
1036,evt_00010806,2026-02-24,form_fill
1036,evt_00010810,2026-03-18,website_visit
1036,evt_00010808,2026-03-20,form_fill
1036,evt_00010804,2026-05-04,email_click
1036,evt_00010811,2026-05-18,email_click
1036,evt_00010812,2026-05-19,email_click
1036,evt_00010805,2026-06-22,email_click
1036,evt_00010813,2026-07-07,form_fill
1036,evt_00010809,2026-07-08,email_open
1036,evt_00010807,2026-07-18,email_click
1036,evt_00010814,2026-07-19,email_open
1037,evt_00010817,2026-05-15,website_visit
1037,evt_00010818,2026-05-31,website_visit
1037,evt_00010816,2026-06-06,email_open
1037,evt_00010815,2026-07-20,website_visit
1038,evt_00010823,2026-04-10,website_visit
1038,evt_00010821,2026-04-12,email_open
1038,evt_00010826,2026-04-19,email_open
1038,evt_00010828,2026-04-19,demo_request
1038,evt_00010824,2026-05-03,form_fill
1038,evt_00010822,2026-05-16,email_click
1038,evt_00010819,2026-05-31,email_open
1038,evt_00010829,2026-06-08,email_open
1038,evt_00010820,2026-06-09,email_click
1038,evt_00010827,2026-06-27,website_visit
1038,evt_00010833,2026-07-06,form_fill
1038,evt_00010825,2026-07-10,email_open
1038,evt_00010830,2026-07-11,email_open
1038,evt_00010831,2026-07-30,email_click
1038,evt_00010832,2026-08-06,website_visit
1039,evt_00010835,2026-03-16,website_visit
1039,evt_00010840,2026-04-13,website_visit
1039,evt_00010839,2026-04-15,email_open
1039,evt_00010842,2026-05-01,form_fill
1039,evt_00010838,2026-06-17,website_visit
1039,evt_00010837,2026-06-18,email_click
1039,evt_00010841,2026-06-30,form_fill
1039,evt_00010836,2026-07-03,email_open
1039,evt_00010834,2026-07-29,email_open
1040,evt_00010843,2026-08-02,email_click
1040,evt_00010848,2026-08-02,email_click
1040,evt_00010844,2026-08-03,form_fill
1040,evt_00010845,2026-08-04,website_visit
1040,evt_00010847,2026-08-04,email_open
1040,evt_00010846,2026-08-05,demo_request
1040,evt_00010850,2026-08-06,email_open
1040,evt_00010849,2026-08-08,email_open
1041,evt_00010852,2026-06-04,email_open
1041,evt_00010856,2026-06-15,email_click
1041,evt_00010854,2026-06-16,email_open
1041,evt_00010853,2026-07-01,website_visit
1041,evt_00010851,2026-07-04,email_open
1041,evt_00010855,2026-07-24,website_visit
1042,evt_00010857,2026-07-03,website_visit
1043,evt_00010864,2026-02-15,website_visit
1043,evt_00010876,2026-02-19,email_click
1043,evt_00010865,2026-03-15,website_visit
1043,evt_00010863,2026-03-18,email_open
1043,evt_00010866,2026-04-03,email_open
1043,evt_00010881,2026-04-17,email_click
1043,evt_00010882,2026-04-18,email_open
1043,evt_00010869,2026-04-20,website_visit
1043,evt_00010867,2026-04-26,email_open
1043,evt_00010883,2026-05-05,form_fill
1043,evt_00010875,2026-05-08,email_open
1043,evt_00010871,2026-05-09,website_visit
1043,evt_00010868,2026-05-10,email_open
1043,evt_00010858,2026-05-22,website_visit
1043,evt_00010877,2026-06-15,form_fill
1043,evt_00010878,2026-06-15,email_open
1043,evt_00010873,2026-06-23,email_click
1043,evt_00010874,2026-07-06,email_click
1043,evt_00010880,2026-07-07,website_visit
1043,evt_00010862,2026-07-17,email_open
1043,evt_00010879,2026-07-20,email_click
1043,evt_00010860,2026-07-23,email_open
1043,evt_00010859,2026-07-28,website_visit
1043,evt_00010861,2026-07-28,email_click
1043,evt_00010870,2026-07-31,website_visit
1043,evt_00010872,2026-08-07,website_visit
1044,evt_00010887,2026-08-05,website_visit
1044,evt_00010893,2026-08-05,form_fill
1044,evt_00010894,2026-08-05,website_visit
1044,evt_00010906,2026-08-05,email_click
1044,evt_00010888,2026-08-06,website_visit
1044,evt_00010889,2026-08-06,website_visit
1044,evt_00010891,2026-08-06,email_open
1044,evt_00010892,2026-08-06,website_visit
1044,evt_00010898,2026-08-06,email_open
1044,evt_00010899,2026-08-06,email_open
1044,evt_00010903,2026-08-06,email_click
1044,evt_00010905,2026-08-06,email_open
1044,evt_00010907,2026-08-06,website_visit
1044,evt_00010908,2026-08-06,website_visit
1044,evt_00010890,2026-08-07,email_open
1044,evt_00010895,2026-08-07,email_open
1044,evt_00010900,2026-08-07,email_open
1044,evt_00010901,2026-08-07,email_open
1044,evt_00010904,2026-08-07,form_fill
1044,evt_00010909,2026-08-07,form_fill
1044,evt_00010884,2026-08-08,website_visit
1044,evt_00010885,2026-08-08,email_open
1044,evt_00010886,2026-08-08,email_open
1044,evt_00010896,2026-08-08,website_visit
1044,evt_00010897,2026-08-08,email_click
1044,evt_00010902,2026-08-08,website_visit
1044,evt_00010910,2026-08-08,email_open
1045,evt_00010917,2026-03-26,form_fill
1045,evt_00010912,2026-03-27,email_open
1045,evt_00010922,2026-04-11,email_open
1045,evt_00010920,2026-04-17,website_visit
1045,evt_00010913,2026-05-27,email_open
1045,evt_00010918,2026-05-31,email_open
1045,evt_00010915,2026-06-05,website_visit
1045,evt_00010911,2026-06-30,email_open
1045,evt_00010916,2026-07-03,website_visit
1045,evt_00010919,2026-07-10,email_open
1045,evt_00010914,2026-07-13,email_open
1045,evt_00010921,2026-07-27,email_click
1046,evt_00010925,2026-08-06,website_visit
1046,evt_00010927,2026-08-06,email_open
1046,evt_00010928,2026-08-06,website_visit
1046,evt_00010929,2026-08-06,email_open
1046,evt_00010931,2026-08-06,email_click
1046,evt_00010924,2026-08-07,website_visit
1046,evt_00010926,2026-08-07,email_click
1046,evt_00010923,2026-08-08,email_open
1046,evt_00010930,2026-08-08,email_open
1047,evt_00010932,2026-08-08,email_open
1047,evt_00010933,2026-08-08,email_open
1047,evt_00010934,2026-08-08,email_open
1047,evt_00010935,2026-08-08,email_open
1047,evt_00010936,2026-08-08,email_open
1047,evt_00010937,2026-08-08,website_visit
1047,evt_00010938,2026-08-08,email_open
1047,evt_00010939,2026-08-08,email_open
1047,evt_00010940,2026-08-08,website_visit
1047,evt_00010941,2026-08-08,form_fill
1047,evt_00010942,2026-08-08,email_open
1047,evt_00010943,2026-08-08,email_open
1047,evt_00010944,2026-08-08,website_visit
1047,evt_00010945,2026-08-08,form_fill
1047,evt_00010946,2026-08-08,email_click
1047,evt_00010947,2026-08-08,email_open
1047,evt_00010948,2026-08-08,website_visit
1047,evt_00010949,2026-08-08,website_visit
1047,evt_00010950,2026-08-08,email_open
1047,evt_00010951,2026-08-08,email_open
1047,evt_00010952,2026-08-08,website_visit
1047,evt_00010953,2026-08-08,website_visit
1047,evt_00010954,2026-08-08,email_open
1047,evt_00010955,2026-08-08,website_visit
1048,evt_00010960,2026-04-20,email_click
1048,evt_00010964,2026-04-22,website_visit
1048,evt_00010956,2026-04-24,website_visit
1048,evt_00010957,2026-04-25,email_open
1048,evt_00010962,2026-05-14,email_open
1048,evt_00010966,2026-06-01,website_visit
1048,evt_00010967,2026-06-03,email_open
1048,evt_00010959,2026-06-14,website_visit
1048,evt_00010969,2026-06-27,demo_request
1048,evt_00010963,2026-07-09,email_open
1048,evt_00010961,2026-07-14,email_open
1048,evt_00010968,2026-07-15,email_open
1048,evt_00010958,2026-07-18,email_click
1048,evt_00010965,2026-08-02,email_open
1049,evt_00010984,2026-02-24,website_visit
1049,evt_00010983,2026-03-11,website_visit
1049,evt_00010979,2026-03-16,email_open
1049,evt_00010988,2026-03-24,email_open
1049,evt_00010985,2026-03-29,website_visit
1049,evt_00010989,2026-04-05,email_open
1049,evt_00010981,2026-04-08,website_visit
1049,evt_00010973,2026-04-11,email_open
1049,evt_00010987,2026-04-13,email_open
1049,evt_00010977,2026-04-25,email_click
1049,evt_00010982,2026-06-03,email_open
1049,evt_00010990,2026-06-03,email_open
1049,evt_00010975,2026-06-06,website_visit
1049,evt_00010970,2026-06-08,email_click
1049,evt_00010974,2026-07-02,email_open
1049,evt_00010980,2026-07-07,email_click
1049,evt_00010972,2026-07-09,email_open
1049,evt_00010971,2026-07-25,email_open
1049,evt_00010978,2026-08-04,website_visit
1049,evt_00010986,2026-08-04,email_open
1049,evt_00010976,2026-08-08,email_open
1050,evt_00011000,2026-03-18,email_open
1050,evt_00011001,2026-03-20,website_visit
1050,evt_00010994,2026-03-26,email_open
1050,evt_00010991,2026-04-12,website_visit
1050,evt_00010998,2026-04-18,email_open
1050,evt_00010999,2026-05-02,website_visit
1050,evt_00010996,2026-05-11,email_open
1050,evt_00010995,2026-05-18,website_visit
1050,evt_00010997,2026-05-26,email_click
1050,evt_00011003,2026-06-02,email_open
1050,evt_00011002,2026-06-18,website_visit
1050,evt_00010992,2026-06-28,website_visit
1050,evt_00010993,2026-07-10,demo_request
1050,evt_00011004,2026-07-11,email_open
1051,evt_00011020,2026-06-30,email_open
1051,evt_00011011,2026-07-01,email_open
1051,evt_00011014,2026-07-06,email_open
1051,evt_00011013,2026-07-07,email_click
1051,evt_00011021,2026-07-07,email_open
1051,evt_00011008,2026-07-09,form_fill
1051,evt_00011010,2026-07-11,email_open
1051,evt_00011016,2026-07-13,email_open
1051,evt_00011007,2026-07-15,email_click
1051,evt_00011012,2026-07-17,email_open
1051,evt_00011022,2026-07-17,email_click
1051,evt_00011005,2026-07-21,email_open
1051,evt_00011006,2026-07-26,website_visit
1051,evt_00011019,2026-07-27,website_visit
1051,evt_00011018,2026-07-28,email_click
1051,evt_00011015,2026-07-31,email_open
1051,evt_00011017,2026-08-04,email_open
1051,evt_00011009,2026-08-05,email_click
1052,evt_00011028,2026-06-09,email_open
1052,evt_00011024,2026-06-12,demo_request
1052,evt_00011029,2026-07-05,email_open
1052,evt_00011031,2026-07-18,website_visit
1052,evt_00011032,2026-07-18,email_click
1052,evt_00011026,2026-07-20,email_open
1052,evt_00011027,2026-07-25,email_open
1052,evt_00011030,2026-07-26,email_open
1052,evt_00011025,2026-08-03,email_open
1052,evt_00011023,2026-08-06,email_open
1053,evt_00011038,2026-03-19,email_open
1053,evt_00011040,2026-05-07,website_visit
1053,evt_00011039,2026-05-10,email_open
1053,evt_00011036,2026-06-15,website_visit
1053,evt_00011035,2026-06-18,website_visit
1053,evt_00011037,2026-07-18,email_open
1053,evt_00011033,2026-07-25,website_visit
1053,evt_00011034,2026-07-30,email_open
1054,evt_00011043,2026-03-09,email_open
1054,evt_00011045,2026-04-04,form_fill
1054,evt_00011042,2026-05-15,form_fill
1054,evt_00011044,2026-06-11,email_open
1054,evt_00011046,2026-07-02,website_visit
1054,evt_00011041,2026-07-06,email_open
1054,evt_00011048,2026-07-09,email_click
1054,evt_00011047,2026-07-26,website_visit
1055,evt_00011056,2026-06-22,email_open
1055,evt_00011055,2026-06-24,email_open
1055,evt_00011059,2026-07-02,website_visit
1055,evt_00011054,2026-07-03,email_open
1055,evt_00011052,2026-07-13,website_visit
1055,evt_00011053,2026-07-13,website_visit
1055,evt_00011050,2026-07-15,email_click
1055,evt_00011051,2026-07-15,email_click
1055,evt_00011057,2026-07-22,website_visit
1055,evt_00011049,2026-07-29,email_open
1055,evt_00011058,2026-07-29,email_open
1056,evt_00011063,2026-06-20,email_open
1056,evt_00011064,2026-07-02,email_open
1056,evt_00011060,2026-07-05,website_visit
1056,evt_00011065,2026-07-26,website_visit
1056,evt_00011061,2026-07-31,email_open
1056,evt_00011062,2026-08-08,email_click
1057,evt_00011067,2026-05-08,email_open
1057,evt_00011077,2026-05-12,email_open
1057,evt_00011080,2026-05-14,website_visit
1057,evt_00011081,2026-05-14,email_click
1057,evt_00011068,2026-05-20,email_open
1057,evt_00011071,2026-05-24,email_click
1057,evt_00011072,2026-06-03,website_visit
1057,evt_00011075,2026-06-09,email_open
1057,evt_00011069,2026-06-11,website_visit
1057,evt_00011079,2026-06-19,email_open
1057,evt_00011074,2026-06-30,email_click
1057,evt_00011078,2026-07-13,website_visit
1057,evt_00011073,2026-07-25,email_open
1057,evt_00011076,2026-08-03,demo_request
1057,evt_00011066,2026-08-06,form_fill
1057,evt_00011070,2026-08-07,email_open
1058,evt_00011083,2026-05-09,email_click
1058,evt_00011082,2026-07-11,website_visit
1059,evt_00011092,2026-03-01,email_open
1059,evt_00011100,2026-03-05,email_open
1059,evt_00011089,2026-03-09,email_click
1059,evt_00011099,2026-03-11,email_click
1059,evt_00011095,2026-03-24,website_visit
1059,evt_00011085,2026-03-31,website_visit
1059,evt_00011087,2026-04-07,email_open
1059,evt_00011096,2026-04-07,website_visit
1059,evt_00011097,2026-04-14,website_visit
1059,evt_00011088,2026-04-28,email_click
1059,evt_00011090,2026-05-03,email_open
1059,evt_00011098,2026-06-12,email_click
1059,evt_00011093,2026-06-13,website_visit
1059,evt_00011094,2026-07-02,demo_request
1059,evt_00011084,2026-07-05,email_click
1059,evt_00011086,2026-07-11,email_click
1059,evt_00011091,2026-08-03,email_open
1059,evt_00011101,2026-08-07,email_open
1060,evt_00011104,2026-02-27,website_visit
1060,evt_00011110,2026-03-06,email_open
1060,evt_00011105,2026-03-25,form_fill
1060,evt_00011113,2026-04-07,email_click
1060,evt_00011111,2026-04-12,email_open
1060,evt_00011103,2026-05-05,email_click
1060,evt_00011117,2026-05-05,website_visit
1060,evt_00011109,2026-05-21,email_open
1060,evt_00011108,2026-05-24,form_fill
1060,evt_00011116,2026-05-24,email_open
1060,evt_00011114,2026-05-26,website_visit
1060,evt_00011106,2026-06-19,email_click
1060,evt_00011112,2026-06-25,email_open
1060,evt_00011115,2026-06-25,email_click
1060,evt_00011107,2026-06-26,email_open
1060,evt_00011102,2026-07-31,email_open
1061,evt_00011119,2026-07-27,website_visit
1061,evt_00011123,2026-07-30,website_visit
1061,evt_00011125,2026-07-30,email_click
1061,evt_00011124,2026-07-31,email_open
1061,evt_00011121,2026-08-01,demo_request
1061,evt_00011122,2026-08-01,email_open
1061,evt_00011120,2026-08-02,email_click
1061,evt_00011118,2026-08-07,email_click
1061,evt_00011126,2026-08-08,email_open
1062,evt_00011131,2026-04-02,website_visit
1062,evt_00011151,2026-04-03,email_open
1062,evt_00011160,2026-04-09,email_open
1062,evt_00011136,2026-04-14,email_open
1062,evt_00011139,2026-04-14,email_open
1062,evt_00011143,2026-04-24,form_fill
1062,evt_00011162,2026-04-26,email_open
1062,evt_00011134,2026-04-28,email_open
1062,evt_00011155,2026-04-28,email_click
1062,evt_00011149,2026-05-09,email_click
1062,evt_00011152,2026-05-10,email_click
1062,evt_00011132,2026-05-12,website_visit
1062,evt_00011148,2026-05-13,email_open
1062,evt_00011159,2026-05-13,email_open
1062,evt_00011129,2026-05-15,email_open
1062,evt_00011147,2026-05-15,email_open
1062,evt_00011144,2026-05-18,email_click
1062,evt_00011163,2026-05-28,email_click
1062,evt_00011138,2026-06-02,email_click
1062,evt_00011164,2026-06-06,email_open
1062,evt_00011158,2026-06-10,form_fill
1062,evt_00011166,2026-06-10,website_visit
1062,evt_00011157,2026-06-19,email_click
1062,evt_00011154,2026-06-23,demo_request
1062,evt_00011127,2026-06-30,email_open
1062,evt_00011153,2026-06-30,email_click
1062,evt_00011141,2026-07-02,website_visit
1062,evt_00011146,2026-07-02,email_open
1062,evt_00011130,2026-07-03,email_open
1062,evt_00011145,2026-07-06,email_open
1062,evt_00011137,2026-07-09,website_visit
1062,evt_00011133,2026-07-12,website_visit
1062,evt_00011150,2026-07-12,form_fill
1062,evt_00011156,2026-07-12,form_fill
1062,evt_00011161,2026-07-16,website_visit
1062,evt_00011165,2026-07-19,email_open
1062,evt_00011140,2026-07-23,demo_request
1062,evt_00011128,2026-07-27,website_visit
1062,evt_00011142,2026-07-29,form_fill
1062,evt_00011135,2026-07-31,website_visit
1063,evt_00011177,2026-06-24,demo_request
1063,evt_00011178,2026-06-25,email_open
1063,evt_00011167,2026-06-28,email_open
1063,evt_00011179,2026-07-01,email_open
1063,evt_00011172,2026-07-02,website_visit
1063,evt_00011170,2026-07-05,email_open
1063,evt_00011169,2026-07-13,email_open
1063,evt_00011175,2026-07-13,website_visit
1063,evt_00011180,2026-07-17,website_visit
1063,evt_00011176,2026-07-19,website_visit
1063,evt_00011168,2026-07-26,website_visit
1063,evt_00011174,2026-08-01,email_open
1063,evt_00011173,2026-08-02,email_open
1063,evt_00011171,2026-08-04,website_visit
1064,evt_00011184,2026-04-07,email_open
1064,evt_00011183,2026-04-12,email_open
1064,evt_00011188,2026-05-07,email_click
1064,evt_00011190,2026-05-14,email_open
1064,evt_00011187,2026-05-19,website_visit
1064,evt_00011181,2026-05-21,website_visit
1064,evt_00011186,2026-05-24,email_open
1064,evt_00011189,2026-06-03,website_visit
1064,evt_00011182,2026-06-26,email_open
1064,evt_00011185,2026-06-28,email_open
1064,evt_00011191,2026-07-24,email_open
1065,evt_00011195,2026-06-23,website_visit
1065,evt_00011230,2026-06-23,email_click
1065,evt_00011211,2026-06-24,email_open
1065,evt_00011233,2026-06-24,email_click
1065,evt_00011221,2026-06-25,email_open
1065,evt_00011209,2026-06-26,email_open
1065,evt_00011222,2026-06-26,email_open
1065,evt_00011217,2026-06-28,website_visit
1065,evt_00011231,2026-06-29,email_open
1065,evt_00011224,2026-06-30,email_open
1065,evt_00011235,2026-06-30,website_visit
1065,evt_00011234,2026-07-01,email_open
1065,evt_00011236,2026-07-02,email_open
1065,evt_00011212,2026-07-04,email_open
1065,evt_00011226,2026-07-04,demo_request
1065,evt_00011215,2026-07-05,email_open
1065,evt_00011228,2026-07-08,website_visit
1065,evt_00011223,2026-07-09,email_open
1065,evt_00011229,2026-07-10,email_open
1065,evt_00011210,2026-07-11,website_visit
1065,evt_00011219,2026-07-11,email_click
1065,evt_00011198,2026-07-13,email_open
1065,evt_00011193,2026-07-14,website_visit
1065,evt_00011203,2026-07-14,email_click
1065,evt_00011205,2026-07-16,email_click
1065,evt_00011225,2026-07-16,email_open
1065,evt_00011218,2026-07-19,email_open
1065,evt_00011232,2026-07-19,email_open
1065,evt_00011220,2026-07-21,email_click
1065,evt_00011201,2026-07-23,email_open
1065,evt_00011200,2026-07-25,email_open
1065,evt_00011196,2026-07-26,email_click
1065,evt_00011214,2026-07-26,website_visit
1065,evt_00011216,2026-07-26,website_visit
1065,evt_00011192,2026-07-27,email_click
1065,evt_00011199,2026-07-29,website_visit
1065,evt_00011206,2026-07-29,email_open
1065,evt_00011197,2026-07-30,email_open
1065,evt_00011227,2026-07-31,email_click
1065,evt_00011213,2026-08-01,email_open
1065,evt_00011194,2026-08-04,email_open
1065,evt_00011202,2026-08-04,email_open
1065,evt_00011208,2026-08-04,email_open
1065,evt_00011204,2026-08-07,email_open
1065,evt_00011207,2026-08-07,email_open
1066,evt_00011240,2026-07-05,email_open
1066,evt_00011239,2026-07-06,email_click
1066,evt_00011237,2026-07-16,form_fill
1066,evt_00011241,2026-07-21,email_open
1066,evt_00011238,2026-07-28,website_visit
1067,evt_00011246,2026-04-13,email_click
1067,evt_00011245,2026-04-22,email_open
1067,evt_00011247,2026-04-26,email_open
1067,evt_00011242,2026-04-27,email_click
1067,evt_00011248,2026-05-25,website_visit
1067,evt_00011244,2026-06-23,email_open
1067,evt_00011243,2026-08-07,email_open
1068,evt_00011255,2026-03-19,website_visit
1068,evt_00011253,2026-04-15,email_open
1068,evt_00011249,2026-05-20,email_open
1068,evt_00011251,2026-06-16,email_click
1068,evt_00011254,2026-06-20,email_click
1068,evt_00011256,2026-06-27,form_fill
1068,evt_00011252,2026-08-02,email_open
1068,evt_00011250,2026-08-04,email_open
1069,evt_00011257,2026-07-21,email_click
1069,evt_00011269,2026-07-27,email_open
1069,evt_00011261,2026-07-29,email_click
1069,evt_00011260,2026-07-30,email_open
1069,evt_00011265,2026-07-30,form_fill
1069,evt_00011263,2026-07-31,email_open
1069,evt_00011264,2026-07-31,email_click
1069,evt_00011268,2026-07-31,email_click
1069,evt_00011271,2026-07-31,email_click
1069,evt_00011262,2026-08-01,email_click
1069,evt_00011267,2026-08-01,email_click
1069,evt_00011258,2026-08-03,form_fill
1069,evt_00011270,2026-08-03,website_visit
1069,evt_00011259,2026-08-04,demo_request
1069,evt_00011266,2026-08-05,email_open
1069,evt_00011273,2026-08-06,website_visit
1069,evt_00011275,2026-08-06,form_fill
1069,evt_00011277,2026-08-06,email_open
1069,evt_00011272,2026-08-07,demo_request
1069,evt_00011274,2026-08-07,email_click
1069,evt_00011276,2026-08-07,email_click
1070,evt_00011279,2026-06-08,form_fill
1070,evt_00011278,2026-08-01,website_visit
1071,evt_00011282,2026-05-16,email_open
1071,evt_00011283,2026-06-14,email_click
1071,evt_00011281,2026-06-16,demo_request
1071,evt_00011280,2026-07-27,website_visit
1072,evt_00011285,2026-07-15,demo_request
1072,evt_00011291,2026-07-15,website_visit
1072,evt_00011295,2026-07-15,email_open
1072,evt_00011287,2026-07-16,website_visit
1072,evt_00011298,2026-07-16,form_fill
1072,evt_00011304,2026-07-16,email_open
1072,evt_00011308,2026-07-17,email_open
1072,evt_00011303,2026-07-18,email_open
1072,evt_00011293,2026-07-19,email_click
1072,evt_00011297,2026-07-21,email_open
1072,evt_00011299,2026-07-23,form_fill
1072,evt_00011305,2026-07-23,website_visit
1072,evt_00011292,2026-07-24,website_visit
1072,evt_00011312,2026-07-24,website_visit
1072,evt_00011313,2026-07-24,website_visit
1072,evt_00011314,2026-07-24,email_open
1072,evt_00011307,2026-07-25,email_open
1072,evt_00011315,2026-07-25,email_click
1072,evt_00011301,2026-07-26,email_open
1072,evt_00011310,2026-07-26,email_open
1072,evt_00011316,2026-07-26,email_open
1072,evt_00011294,2026-07-27,email_open
1072,evt_00011284,2026-07-28,email_open
1072,evt_00011289,2026-07-28,demo_request
1072,evt_00011311,2026-07-29,email_open
1072,evt_00011317,2026-07-29,email_click
1072,evt_00011290,2026-07-31,email_click
1072,evt_00011306,2026-08-01,email_open
1072,evt_00011309,2026-08-03,website_visit
1072,evt_00011318,2026-08-04,email_open
1072,evt_00011286,2026-08-05,email_open
1072,evt_00011296,2026-08-07,form_fill
1072,evt_00011288,2026-08-08,email_open
1072,evt_00011300,2026-08-08,website_visit
1072,evt_00011302,2026-08-08,email_open
1072,evt_00011319,2026-08-08,email_open
1073,evt_00011321,2026-05-20,email_open
1073,evt_00011341,2026-05-21,email_open
1073,evt_00011337,2026-05-22,email_open
1073,evt_00011330,2026-05-23,email_open
1073,evt_00011338,2026-05-28,email_open
1073,evt_00011339,2026-05-28,form_fill
1073,evt_00011327,2026-06-05,email_open
1073,evt_00011335,2026-06-05,email_open
1073,evt_00011323,2026-06-09,email_open
1073,evt_00011333,2026-06-12,email_open
1073,evt_00011325,2026-06-24,email_click
1073,evt_00011326,2026-07-08,email_open
1073,evt_00011332,2026-07-11,email_open
1073,evt_00011340,2026-07-14,email_open
1073,evt_00011320,2026-07-15,email_open
1073,evt_00011329,2026-07-16,email_click
1073,evt_00011328,2026-07-17,form_fill
1073,evt_00011334,2026-07-17,email_open
1073,evt_00011336,2026-07-18,email_open
1073,evt_00011322,2026-07-22,website_visit
1073,evt_00011324,2026-07-26,email_click
1073,evt_00011331,2026-07-28,email_open
1074,evt_00011369,2026-06-01,website_visit
1074,evt_00011367,2026-06-02,form_fill
1074,evt_00011363,2026-06-03,email_open
1074,evt_00011366,2026-06-03,website_visit
1074,evt_00011346,2026-06-04,website_visit
1074,evt_00011349,2026-06-04,email_open
1074,evt_00011356,2026-06-05,form_fill
1074,evt_00011368,2026-06-07,website_visit
1074,evt_00011372,2026-06-07,email_open
1074,evt_00011350,2026-06-11,website_visit
1074,evt_00011344,2026-06-26,email_click
1074,evt_00011345,2026-06-26,email_open
1074,evt_00011358,2026-06-27,email_open
1074,evt_00011343,2026-06-28,email_open
1074,evt_00011359,2026-06-28,email_click
1074,evt_00011378,2026-06-29,demo_request
1074,evt_00011342,2026-07-03,email_open
1074,evt_00011370,2026-07-04,email_open
1074,evt_00011351,2026-07-11,form_fill
1074,evt_00011352,2026-07-11,website_visit
1074,evt_00011376,2026-07-12,email_click
1074,evt_00011357,2026-07-13,email_open
1074,evt_00011360,2026-07-13,form_fill
1074,evt_00011377,2026-07-13,email_open
1074,evt_00011373,2026-07-14,email_open
1074,evt_00011371,2026-07-15,email_open
1074,evt_00011348,2026-07-16,email_click
1074,evt_00011374,2026-07-16,email_open
1074,evt_00011347,2026-07-17,email_open
1074,evt_00011362,2026-07-18,email_open
1074,evt_00011365,2026-07-22,email_click
1074,evt_00011353,2026-07-24,email_open
1074,evt_00011375,2026-07-27,email_open
1074,evt_00011361,2026-07-28,email_click
1074,evt_00011364,2026-07-30,demo_request
1074,evt_00011355,2026-08-02,email_click
1074,evt_00011354,2026-08-07,email_open
1075,evt_00011382,2026-06-19,email_click
1075,evt_00011381,2026-06-20,email_open
1075,evt_00011380,2026-07-17,email_open
1075,evt_00011379,2026-08-05,email_open
1075,evt_00011383,2026-08-05,email_click
1076,evt_00011384,2026-02-17,email_click
1076,evt_00011385,2026-03-07,demo_request
1076,evt_00011387,2026-03-13,email_open
1076,evt_00011389,2026-03-22,website_visit
1076,evt_00011391,2026-03-25,demo_request
1076,evt_00011392,2026-03-31,form_fill
1076,evt_00011393,2026-03-31,email_open
1076,evt_00011394,2026-04-07,website_visit
1076,evt_00011395,2026-04-25,form_fill
1076,evt_00011386,2026-06-09,website_visit
1076,evt_00011390,2026-06-21,email_click
1076,evt_00011388,2026-07-23,email_click
1077,evt_00011396,2026-07-16,email_open
1078,evt_00011397,2026-03-11,email_open
1078,evt_00011401,2026-03-21,website_visit
1078,evt_00011398,2026-05-04,email_open
1078,evt_00011400,2026-05-11,email_open
1078,evt_00011399,2026-05-21,website_visit
1079,evt_00011407,2026-05-03,email_click
1079,evt_00011409,2026-05-08,website_visit
1079,evt_00011411,2026-05-22,email_click
1079,evt_00011402,2026-05-27,demo_request
1079,evt_00011414,2026-05-30,website_visit
1079,evt_00011405,2026-06-01,email_open
1079,evt_00011413,2026-06-06,email_click
1079,evt_00011412,2026-06-18,form_fill
1079,evt_00011406,2026-06-19,demo_request
1079,evt_00011408,2026-07-18,email_click
1079,evt_00011410,2026-07-19,website_visit
1079,evt_00011403,2026-08-02,email_open
1079,evt_00011404,2026-08-02,email_open
1080,evt_00011422,2026-04-23,form_fill
1080,evt_00011417,2026-05-13,email_open
1080,evt_00011423,2026-05-22,email_open
1080,evt_00011421,2026-05-31,website_visit
1080,evt_00011415,2026-06-02,form_fill
1080,evt_00011419,2026-06-10,website_visit
1080,evt_00011416,2026-06-24,email_click
1080,evt_00011418,2026-07-07,website_visit
1080,evt_00011420,2026-07-11,email_open
1081,evt_00011431,2026-06-06,email_open
1081,evt_00011429,2026-06-11,email_click
1081,evt_00011424,2026-06-14,website_visit
1081,evt_00011428,2026-06-22,email_open
1081,evt_00011433,2026-06-28,email_open
1081,evt_00011435,2026-06-29,email_open
1081,evt_00011425,2026-07-04,website_visit
1081,evt_00011430,2026-07-17,email_click
1081,evt_00011432,2026-07-24,demo_request
1081,evt_00011434,2026-07-28,website_visit
1081,evt_00011427,2026-07-29,email_click
1081,evt_00011426,2026-07-30,email_open
1082,evt_00011437,2026-07-05,email_click
1082,evt_00011436,2026-07-30,email_open
1083,evt_00011452,2026-07-13,website_visit
1083,evt_00011448,2026-07-16,email_open
1083,evt_00011454,2026-07-19,form_fill
1083,evt_00011451,2026-07-20,email_open
1083,evt_00011449,2026-07-22,form_fill
1083,evt_00011444,2026-07-24,email_open
1083,evt_00011455,2026-07-25,email_click
1083,evt_00011447,2026-07-26,email_open
1083,evt_00011453,2026-07-26,email_open
1083,evt_00011445,2026-07-28,website_visit
1083,evt_00011443,2026-07-29,email_open
1083,evt_00011450,2026-08-01,email_open
1083,evt_00011440,2026-08-02,email_click
1083,evt_00011438,2026-08-04,email_open
1083,evt_00011446,2026-08-04,email_open
1083,evt_00011442,2026-08-06,website_visit
1083,evt_00011439,2026-08-07,form_fill
1083,evt_00011441,2026-08-07,email_open
1084,evt_00011460,2026-07-21,email_open
1084,evt_00011468,2026-07-21,email_open
1084,evt_00011467,2026-07-22,email_click
1084,evt_00011461,2026-07-23,email_open
1084,evt_00011470,2026-07-23,email_open
1084,evt_00011456,2026-07-25,email_open
1084,evt_00011472,2026-07-26,demo_request
1084,evt_00011471,2026-07-28,email_click
1084,evt_00011459,2026-07-30,email_open
1084,evt_00011462,2026-07-31,website_visit
1084,evt_00011466,2026-07-31,website_visit
1084,evt_00011457,2026-08-01,email_open
1084,evt_00011469,2026-08-04,email_click
1084,evt_00011458,2026-08-06,email_open
1084,evt_00011465,2026-08-06,email_open
1084,evt_00011463,2026-08-08,email_open
1084,evt_00011464,2026-08-08,email_open
1085,evt_00011486,2026-03-22,email_open
1085,evt_00011489,2026-03-22,website_visit
1085,evt_00011493,2026-04-09,email_open
1085,evt_00011482,2026-04-27,email_click
1085,evt_00011477,2026-04-29,email_click
1085,evt_00011492,2026-04-29,email_open
1085,evt_00011484,2026-05-02,email_open
1085,evt_00011475,2026-05-14,email_click
1085,evt_00011476,2026-05-25,email_click
1085,evt_00011481,2026-05-29,website_visit
1085,evt_00011473,2026-06-09,email_click
1085,evt_00011478,2026-06-09,website_visit
1085,evt_00011488,2026-06-18,demo_request
1085,evt_00011487,2026-06-20,email_open
1085,evt_00011479,2026-06-21,email_open
1085,evt_00011474,2026-06-27,email_open
1085,evt_00011480,2026-06-30,email_click
1085,evt_00011483,2026-07-06,email_open
1085,evt_00011494,2026-07-18,website_visit
1085,evt_00011485,2026-07-20,email_click
1085,evt_00011490,2026-08-05,form_fill
1085,evt_00011491,2026-08-06,email_open
1086,evt_00011497,2026-05-06,website_visit
1086,evt_00011495,2026-05-16,website_visit
1086,evt_00011506,2026-05-18,website_visit
1086,evt_00011501,2026-05-19,website_visit
1086,evt_00011505,2026-05-29,email_open
1086,evt_00011504,2026-06-14,email_open
1086,evt_00011498,2026-06-20,email_click
1086,evt_00011496,2026-06-21,email_click
1086,evt_00011499,2026-06-24,email_open
1086,evt_00011508,2026-06-25,email_open
1086,evt_00011502,2026-07-03,email_open
1086,evt_00011503,2026-07-03,email_click
1086,evt_00011500,2026-07-27,email_open
1086,evt_00011507,2026-08-03,email_open
1087,evt_00011515,2026-05-02,email_open
1087,evt_00011512,2026-05-08,email_open
1087,evt_00011527,2026-05-08,email_open
1087,evt_00011516,2026-05-16,email_open
1087,evt_00011522,2026-05-20,email_click
1087,evt_00011509,2026-05-27,email_open
1087,evt_00011530,2026-05-29,email_open
1087,evt_00011510,2026-06-03,form_fill
1087,evt_00011518,2026-06-07,email_click
1087,evt_00011525,2026-06-12,email_click
1087,evt_00011521,2026-06-17,email_click
1087,evt_00011514,2026-06-25,email_click
1087,evt_00011513,2026-07-03,website_visit
1087,evt_00011520,2026-07-03,email_click
1087,evt_00011529,2026-07-10,email_open
1087,evt_00011524,2026-07-11,email_open
1087,evt_00011523,2026-07-20,email_open
1087,evt_00011511,2026-07-26,email_open
1087,evt_00011526,2026-07-26,email_open
1087,evt_00011528,2026-07-29,email_open
1087,evt_00011519,2026-08-06,website_visit
1087,evt_00011517,2026-08-07,email_open
1088,evt_00011548,2026-05-26,email_open
1088,evt_00011549,2026-05-27,form_fill
1088,evt_00011557,2026-06-01,email_open
1088,evt_00011540,2026-06-02,email_open
1088,evt_00011537,2026-06-03,email_open
1088,evt_00011550,2026-06-05,website_visit
1088,evt_00011541,2026-06-08,email_open
1088,evt_00011545,2026-06-12,email_open
1088,evt_00011532,2026-06-14,email_open
1088,evt_00011556,2026-06-15,website_visit
1088,evt_00011543,2026-06-16,email_open
1088,evt_00011533,2026-06-17,website_visit
1088,evt_00011538,2026-06-19,email_open
1088,evt_00011547,2026-06-19,email_open
1088,evt_00011553,2026-06-24,email_open
1088,evt_00011544,2026-06-25,email_open
1088,evt_00011546,2026-06-29,website_visit
1088,evt_00011551,2026-06-29,email_click
1088,evt_00011554,2026-06-29,website_visit
1088,evt_00011558,2026-06-30,email_open
1088,evt_00011539,2026-07-04,email_click
1088,evt_00011536,2026-07-11,email_open
1088,evt_00011552,2026-07-20,email_open
1088,evt_00011555,2026-07-20,email_open
1088,evt_00011531,2026-07-22,email_click
1088,evt_00011542,2026-07-27,website_visit
1088,evt_00011534,2026-07-30,website_visit
1088,evt_00011535,2026-07-31,email_click
1089,evt_00011562,2026-04-10,website_visit
1089,evt_00011559,2026-04-23,email_open
1089,evt_00011560,2026-04-30,email_click
1089,evt_00011561,2026-07-09,form_fill
1090,evt_00011566,2026-03-28,website_visit
1090,evt_00011565,2026-06-22,website_visit
1090,evt_00011564,2026-07-20,email_click
1090,evt_00011563,2026-07-28,demo_request
1091,evt_00011569,2026-08-01,email_open
1091,evt_00011567,2026-08-04,website_visit
1091,evt_00011568,2026-08-07,website_visit
1091,evt_00011570,2026-08-08,website_visit
1092,evt_00011574,2026-07-04,email_open
1092,evt_00011577,2026-07-06,email_click
1092,evt_00011572,2026-07-07,website_visit
1092,evt_00011571,2026-07-08,email_click
1092,evt_00011575,2026-07-10,email_click
1092,evt_00011573,2026-07-21,email_open
1092,evt_00011576,2026-07-26,email_click
1093,evt_00011580,2026-06-23,website_visit
1093,evt_00011579,2026-06-26,website_visit
1093,evt_00011578,2026-08-05,website_visit
1094,evt_00011581,2026-08-08,email_open
1094,evt_00011582,2026-08-08,email_open
1094,evt_00011583,2026-08-08,website_visit
1094,evt_00011584,2026-08-08,website_visit
1094,evt_00011585,2026-08-08,email_open
1094,evt_00011586,2026-08-08,email_open
1094,evt_00011587,2026-08-08,email_click
1094,evt_00011588,2026-08-08,website_visit
1094,evt_00011589,2026-08-08,email_open
1094,evt_00011590,2026-08-08,email_open
1094,evt_00011591,2026-08-08,email_click
1094,evt_00011592,2026-08-08,email_open
1094,evt_00011593,2026-08-08,email_open
1094,evt_00011594,2026-08-08,form_fill
1094,evt_00011595,2026-08-08,website_visit
1094,evt_00011596,2026-08-08,email_open
1094,evt_00011597,2026-08-08,website_visit
1094,evt_00011598,2026-08-08,email_click
1095,evt_00011601,2026-07-08,email_click
1095,evt_00011602,2026-07-26,email_click
1095,evt_00011600,2026-08-06,email_open
1095,evt_00011599,2026-08-08,website_visit
1096,evt_00011606,2026-05-31,form_fill
1096,evt_00011608,2026-06-07,email_open
1096,evt_00011607,2026-06-12,email_open
1096,evt_00011609,2026-06-30,email_open
1096,evt_00011603,2026-07-03,website_visit
1096,evt_00011604,2026-07-06,form_fill
1096,evt_00011605,2026-07-06,website_visit
1096,evt_00011610,2026-07-30,email_click
1097,evt_00011611,2026-02-21,email_click
1097,evt_00011614,2026-06-02,email_open
1097,evt_00011612,2026-07-07,email_click
1097,evt_00011613,2026-07-30,email_open
1098,evt_00011617,2026-06-06,email_open
1098,evt_00011616,2026-06-09,email_click
1098,evt_00011624,2026-06-09,email_open
1098,evt_00011622,2026-06-12,email_open
1098,evt_00011618,2026-06-15,website_visit
1098,evt_00011620,2026-06-22,email_open
1098,evt_00011619,2026-07-08,email_click
1098,evt_00011621,2026-07-09,email_click
1098,evt_00011615,2026-07-20,email_open
1098,evt_00011623,2026-08-06,email_open
1099,evt_00011634,2026-04-29,website_visit
1099,evt_00011630,2026-05-04,email_open
1099,evt_00011628,2026-06-13,email_open
1099,evt_00011629,2026-06-15,email_open
1099,evt_00011627,2026-06-23,email_open
1099,evt_00011625,2026-06-25,form_fill
1099,evt_00011633,2026-07-06,email_open
1099,evt_00011632,2026-07-09,email_open
1099,evt_00011631,2026-07-28,email_open
1099,evt_00011626,2026-08-02,email_click
1099,evt_00011635,2026-08-08,website_visit
1100,evt_00011636,2026-04-21,email_open
1100,evt_00011642,2026-05-21,email_open
1100,evt_00011640,2026-05-22,email_open
1100,evt_00011639,2026-06-11,website_visit
1100,evt_00011637,2026-07-08,website_visit
1100,evt_00011638,2026-07-17,website_visit
1100,evt_00011641,2026-07-21,email_open
1100,evt_00011643,2026-08-07,form_fill
1101,evt_00011644,2026-03-31,website_visit
1101,evt_00011648,2026-04-02,email_open
1101,evt_00011653,2026-04-11,website_visit
1101,evt_00011645,2026-04-28,form_fill
1101,evt_00011660,2026-05-03,email_click
1101,evt_00011651,2026-05-13,website_visit
1101,evt_00011652,2026-05-16,email_open
1101,evt_00011649,2026-05-19,email_open
1101,evt_00011657,2026-06-10,email_open
1101,evt_00011656,2026-06-11,email_open
1101,evt_00011654,2026-06-14,email_open
1101,evt_00011655,2026-06-14,website_visit
1101,evt_00011647,2026-06-23,email_open
1101,evt_00011650,2026-06-23,email_open
1101,evt_00011659,2026-07-22,email_open
1101,evt_00011658,2026-07-29,email_open
1101,evt_00011646,2026-08-05,website_visit
1102,evt_00011682,2026-03-31,email_click
1102,evt_00011679,2026-04-02,email_open
1102,evt_00011674,2026-04-12,email_open
1102,evt_00011673,2026-04-16,email_open
1102,evt_00011684,2026-04-18,website_visit
1102,evt_00011675,2026-04-19,form_fill
1102,evt_00011661,2026-04-28,email_open
1102,evt_00011663,2026-04-29,email_click
1102,evt_00011683,2026-05-04,website_visit
1102,evt_00011676,2026-05-10,email_open
1102,evt_00011680,2026-05-21,email_open
1102,evt_00011666,2026-05-23,email_open
1102,evt_00011685,2026-05-26,website_visit
1102,evt_00011668,2026-06-02,email_open
1102,evt_00011670,2026-06-25,email_open
1102,evt_00011665,2026-06-28,website_visit
1102,evt_00011677,2026-07-05,email_open
1102,evt_00011669,2026-07-14,email_open
1102,evt_00011662,2026-07-19,email_open
1102,evt_00011664,2026-07-26,email_open
1102,evt_00011667,2026-07-26,email_open
1102,evt_00011681,2026-07-29,email_click
1102,evt_00011672,2026-07-31,website_visit
1102,evt_00011678,2026-08-04,email_click
1102,evt_00011671,2026-08-05,form_fill
1103,evt_00011686,2026-05-09,email_open
1103,evt_00011687,2026-08-08,website_visit
1104,evt_00011691,2026-03-02,email_open
1104,evt_00011690,2026-03-14,email_click
1104,evt_00011688,2026-03-21,email_click
1104,evt_00011689,2026-07-28,email_open
1106,evt_00011694,2026-06-20,website_visit
1106,evt_00011693,2026-07-02,email_open
1106,evt_00011695,2026-07-03,email_open
1106,evt_00011696,2026-07-04,website_visit
1106,evt_00011697,2026-07-20,email_open
1106,evt_00011692,2026-07-21,email_click
1107,evt_00011699,2026-04-14,email_open
1107,evt_00011702,2026-04-29,email_open
1107,evt_00011701,2026-05-08,email_open
1107,evt_00011698,2026-05-09,website_visit
1107,evt_00011705,2026-05-11,email_open
1107,evt_00011704,2026-05-26,email_open
1107,evt_00011706,2026-06-09,website_visit
1107,evt_00011700,2026-07-09,email_open
1107,evt_00011703,2026-07-10,email_open
1108,evt_00011720,2026-05-19,email_click
1108,evt_00011709,2026-05-20,website_visit
1108,evt_00011713,2026-05-23,website_visit
1108,evt_00011712,2026-05-30,email_click
1108,evt_00011714,2026-06-03,website_visit
1108,evt_00011723,2026-06-03,email_click
1108,evt_00011726,2026-06-03,email_open
1108,evt_00011716,2026-06-05,email_click
1108,evt_00011719,2026-06-06,email_open
1108,evt_00011717,2026-06-07,website_visit
1108,evt_00011715,2026-06-14,email_click
1108,evt_00011718,2026-06-14,email_open
1108,evt_00011725,2026-06-19,website_visit
1108,evt_00011729,2026-06-20,website_visit
1108,evt_00011708,2026-06-25,email_open
1108,evt_00011724,2026-06-29,email_open
1108,evt_00011707,2026-07-03,email_open
1108,evt_00011711,2026-07-12,website_visit
1108,evt_00011722,2026-07-18,website_visit
1108,evt_00011728,2026-07-25,website_visit
1108,evt_00011721,2026-07-26,email_click
1108,evt_00011727,2026-07-30,email_open
1108,evt_00011710,2026-08-06,email_click
1109,evt_00011733,2026-06-20,website_visit
1109,evt_00011730,2026-07-07,email_open
1109,evt_00011731,2026-07-13,website_visit
1109,evt_00011732,2026-08-03,demo_request
1111,evt_00011739,2026-07-22,email_open
1111,evt_00011736,2026-07-23,email_click
1111,evt_00011740,2026-07-31,website_visit
1111,evt_00011741,2026-08-02,demo_request
1111,evt_00011738,2026-08-03,email_open
1111,evt_00011735,2026-08-05,email_open
1111,evt_00011734,2026-08-06,email_click
1111,evt_00011737,2026-08-08,form_fill
1112,evt_00011766,2026-03-04,email_open
1112,evt_00011761,2026-03-14,email_open
1112,evt_00011744,2026-03-20,email_open
1112,evt_00011751,2026-03-21,email_open
1112,evt_00011749,2026-04-13,email_open
1112,evt_00011756,2026-04-14,email_open
1112,evt_00011753,2026-04-16,form_fill
1112,evt_00011759,2026-05-05,website_visit
1112,evt_00011762,2026-05-09,email_click
1112,evt_00011765,2026-05-18,form_fill
1112,evt_00011755,2026-05-19,email_open
1112,evt_00011752,2026-05-26,website_visit
1112,evt_00011747,2026-05-28,email_click
1112,evt_00011757,2026-06-09,email_open
1112,evt_00011742,2026-06-13,email_open
1112,evt_00011750,2026-06-13,email_open
1112,evt_00011746,2026-06-18,email_open
1112,evt_00011754,2026-06-18,email_open
1112,evt_00011758,2026-06-18,email_open
1112,evt_00011764,2026-06-24,email_open
1112,evt_00011745,2026-06-29,email_open
1112,evt_00011760,2026-07-04,email_open
1112,evt_00011767,2026-07-06,website_visit
1112,evt_00011748,2026-07-13,email_open
1112,evt_00011743,2026-07-14,form_fill
1112,evt_00011763,2026-08-07,email_open
1113,evt_00011772,2026-06-06,website_visit
1113,evt_00011769,2026-06-08,website_visit
1113,evt_00011776,2026-06-13,email_click
1113,evt_00011768,2026-06-17,email_open
1113,evt_00011773,2026-07-11,website_visit
1113,evt_00011771,2026-07-20,email_click
1113,evt_00011774,2026-07-21,email_open
1113,evt_00011770,2026-07-22,email_open
1113,evt_00011775,2026-07-25,email_click
1114,evt_00011779,2026-04-08,email_open
1114,evt_00011782,2026-04-13,email_click
1114,evt_00011780,2026-04-14,email_open
1114,evt_00011778,2026-05-30,email_open
1114,evt_00011777,2026-06-07,demo_request
1114,evt_00011781,2026-07-09,email_open
1115,evt_00011783,2026-05-20,form_fill
1115,evt_00011785,2026-06-28,website_visit
1115,evt_00011789,2026-06-30,email_open
1115,evt_00011787,2026-07-08,website_visit
1115,evt_00011790,2026-07-18,website_visit
1115,evt_00011786,2026-07-25,email_click
1115,evt_00011784,2026-08-04,email_click
1115,evt_00011788,2026-08-06,email_open
1116,evt_00011793,2026-04-22,email_open
1116,evt_00011802,2026-04-22,email_click
1116,evt_00011804,2026-05-12,form_fill
1116,evt_00011806,2026-05-23,email_open
1116,evt_00011799,2026-05-26,website_visit
1116,evt_00011796,2026-05-27,email_open
1116,evt_00011800,2026-05-28,email_open
1116,evt_00011805,2026-05-30,email_open
1116,evt_00011803,2026-06-07,email_click
1116,evt_00011798,2026-06-17,email_open
1116,evt_00011801,2026-07-01,email_click
1116,evt_00011792,2026-07-20,email_click
1116,evt_00011797,2026-07-21,email_click
1116,evt_00011791,2026-07-27,website_visit
1116,evt_00011794,2026-07-27,email_open
1116,evt_00011795,2026-07-27,website_visit
1117,evt_00011820,2026-04-04,email_click
1117,evt_00011817,2026-04-09,email_click
1117,evt_00011811,2026-04-14,email_open
1117,evt_00011824,2026-04-19,email_open
1117,evt_00011816,2026-04-29,email_click
1117,evt_00011822,2026-05-06,form_fill
1117,evt_00011821,2026-05-08,email_open
1117,evt_00011812,2026-05-29,email_open
1117,evt_00011819,2026-06-03,website_visit
1117,evt_00011809,2026-06-11,email_open
1117,evt_00011815,2026-06-16,email_open
1117,evt_00011810,2026-06-18,email_open
1117,evt_00011807,2026-06-22,email_click
1117,evt_00011813,2026-06-23,email_open
1117,evt_00011808,2026-06-25,website_visit
1117,evt_00011818,2026-07-02,email_click
1117,evt_00011814,2026-07-04,email_click
1117,evt_00011823,2026-07-25,website_visit
1118,evt_00011829,2026-04-08,website_visit
1118,evt_00011826,2026-04-16,email_open
1118,evt_00011825,2026-04-29,form_fill
1118,evt_00011830,2026-05-17,website_visit
1118,evt_00011827,2026-06-07,email_open
1118,evt_00011828,2026-07-15,email_click
1118,evt_00011831,2026-07-19,form_fill
1119,evt_00011834,2026-03-03,website_visit
1119,evt_00011832,2026-03-31,email_open
1119,evt_00011835,2026-04-10,email_click
1119,evt_00011837,2026-04-16,website_visit
1119,evt_00011841,2026-06-11,email_open
1119,evt_00011833,2026-06-16,website_visit
1119,evt_00011840,2026-06-26,email_click
1119,evt_00011838,2026-06-28,email_click
1119,evt_00011839,2026-07-18,email_open
1119,evt_00011836,2026-07-28,website_visit
1120,evt_00011846,2026-03-14,email_open
1120,evt_00011845,2026-04-06,website_visit
1120,evt_00011847,2026-05-02,website_visit
1120,evt_00011844,2026-06-21,email_open
1120,evt_00011843,2026-07-16,email_click
1120,evt_00011842,2026-08-03,email_open
1121,evt_00011857,2026-06-15,email_open
1121,evt_00011848,2026-06-16,website_visit
1121,evt_00011859,2026-06-16,email_click
1121,evt_00011850,2026-06-17,email_open
1121,evt_00011858,2026-06-18,email_click
1121,evt_00011856,2026-06-22,email_click
1121,evt_00011863,2026-06-27,email_open
1121,evt_00011852,2026-07-04,email_click
1121,evt_00011853,2026-07-08,email_open
1121,evt_00011851,2026-07-18,website_visit
1121,evt_00011861,2026-07-18,email_open
1121,evt_00011862,2026-07-18,website_visit
1121,evt_00011849,2026-07-21,email_open
1121,evt_00011855,2026-07-24,email_open
1121,evt_00011854,2026-07-26,website_visit
1121,evt_00011860,2026-07-27,email_open
1122,evt_00011876,2026-08-02,email_open
1122,evt_00011868,2026-08-03,email_open
1122,evt_00011875,2026-08-03,website_visit
1122,evt_00011878,2026-08-03,website_visit
1122,evt_00011879,2026-08-03,email_open
1122,evt_00011880,2026-08-03,website_visit
1122,evt_00011889,2026-08-03,email_open
1122,evt_00011881,2026-08-04,email_click
1122,evt_00011886,2026-08-04,email_click
1122,evt_00011867,2026-08-05,email_open
1122,evt_00011871,2026-08-05,website_visit
1122,evt_00011873,2026-08-05,email_open
1122,evt_00011874,2026-08-05,email_open
1122,evt_00011888,2026-08-05,website_visit
1122,evt_00011882,2026-08-06,website_visit
1122,evt_00011883,2026-08-06,website_visit
1122,evt_00011884,2026-08-06,email_open
1122,evt_00011885,2026-08-06,email_click
1122,evt_00011887,2026-08-06,website_visit
1122,evt_00011864,2026-08-07,email_open
1122,evt_00011865,2026-08-07,email_click
1122,evt_00011866,2026-08-07,email_open
1122,evt_00011869,2026-08-07,email_open
1122,evt_00011870,2026-08-07,email_open
1122,evt_00011872,2026-08-07,email_open
1122,evt_00011877,2026-08-08,email_open
1122,evt_00011890,2026-08-08,email_open
1123,evt_00011896,2026-04-19,email_click
1123,evt_00011893,2026-05-22,website_visit
1123,evt_00011892,2026-06-03,email_open
1123,evt_00011894,2026-06-04,email_open
1123,evt_00011895,2026-06-15,email_open
1123,evt_00011891,2026-08-06,website_visit
1124,evt_00011898,2026-04-18,form_fill
1124,evt_00011899,2026-05-24,email_open
1124,evt_00011900,2026-06-06,email_open
1124,evt_00011897,2026-06-09,email_open
1125,evt_00011901,2026-04-30,email_open
1125,evt_00011902,2026-05-31,email_click
1125,evt_00011904,2026-06-15,website_visit
1125,evt_00011903,2026-07-06,email_open
1126,evt_00011909,2026-04-23,website_visit
1126,evt_00011907,2026-05-10,website_visit
1126,evt_00011906,2026-05-17,website_visit
1126,evt_00011908,2026-06-02,email_open
1126,evt_00011911,2026-06-05,email_open
1126,evt_00011910,2026-07-18,demo_request
1126,evt_00011912,2026-07-24,email_open
1126,evt_00011905,2026-08-01,email_open
1127,evt_00011914,2026-07-30,website_visit
1127,evt_00011913,2026-07-31,demo_request
1127,evt_00011919,2026-08-01,email_open
1127,evt_00011915,2026-08-02,email_open
1127,evt_00011916,2026-08-02,email_open
1127,evt_00011920,2026-08-04,email_open
1127,evt_00011918,2026-08-05,email_click
1127,evt_00011921,2026-08-05,form_fill
1127,evt_00011917,2026-08-07,email_open
1127,evt_00011922,2026-08-07,email_click
1128,evt_00011928,2026-06-30,website_visit
1128,evt_00011925,2026-07-07,website_visit
1128,evt_00011924,2026-07-20,email_click
1128,evt_00011923,2026-07-31,website_visit
1128,evt_00011927,2026-07-31,email_open
1128,evt_00011926,2026-08-05,email_open
1129,evt_00011932,2026-06-18,email_open
1129,evt_00011930,2026-07-02,website_visit
1129,evt_00011929,2026-07-11,email_open
1129,evt_00011931,2026-07-17,email_click
1129,evt_00011934,2026-07-17,email_open
1129,evt_00011933,2026-08-03,website_visit
1130,evt_00011936,2026-07-08,email_open
1130,evt_00011935,2026-07-09,email_open
1130,evt_00011937,2026-07-09,email_open
1130,evt_00011957,2026-07-11,email_open
1130,evt_00011948,2026-07-13,email_click
1130,evt_00011950,2026-07-13,email_open
1130,evt_00011958,2026-07-13,website_visit
1130,evt_00011938,2026-07-16,website_visit
1130,evt_00011943,2026-07-18,email_click
1130,evt_00011953,2026-07-20,email_open
1130,evt_00011955,2026-07-20,email_click
1130,evt_00011941,2026-07-21,email_open
1130,evt_00011945,2026-07-23,email_open
1130,evt_00011939,2026-07-25,email_open
1130,evt_00011954,2026-07-25,email_open
1130,evt_00011946,2026-07-27,email_open
1130,evt_00011944,2026-07-28,website_visit
1130,evt_00011956,2026-07-28,email_open
1130,evt_00011952,2026-07-29,website_visit
1130,evt_00011951,2026-07-30,email_open
1130,evt_00011959,2026-08-02,website_visit
1130,evt_00011940,2026-08-04,email_open
1130,evt_00011947,2026-08-05,website_visit
1130,evt_00011949,2026-08-06,email_click
1130,evt_00011942,2026-08-08,email_open
1131,evt_00011960,2026-04-26,email_click
1131,evt_00011961,2026-06-26,email_open
1132,evt_00011962,2026-06-20,website_visit
1132,evt_00011964,2026-07-23,email_open
1132,evt_00011963,2026-08-05,email_click
1133,evt_00011965,2026-07-19,website_visit
1134,evt_00011974,2026-05-15,website_visit
1134,evt_00011970,2026-05-20,email_click
1134,evt_00011966,2026-05-21,website_visit
1134,evt_00011971,2026-05-22,website_visit
1134,evt_00011981,2026-05-22,website_visit
1134,evt_00011976,2026-05-27,website_visit
1134,evt_00011986,2026-05-29,email_open
1134,evt_00011975,2026-06-12,email_open
1134,evt_00011980,2026-06-12,website_visit
1134,evt_00011978,2026-06-19,demo_request
1134,evt_00011967,2026-06-24,email_open
1134,evt_00011972,2026-06-30,email_click
1134,evt_00011983,2026-07-02,email_open
1134,evt_00011979,2026-07-04,email_click
1134,evt_00011984,2026-07-05,email_click
1134,evt_00011968,2026-07-08,email_open
1134,evt_00011969,2026-07-09,email_open
1134,evt_00011982,2026-07-22,website_visit
1134,evt_00011973,2026-07-23,website_visit
1134,evt_00011977,2026-07-29,website_visit
1134,evt_00011985,2026-08-01,email_open
1135,evt_00011993,2026-06-12,email_open
1135,evt_00011989,2026-06-21,email_open
1135,evt_00011990,2026-06-26,demo_request
1135,evt_00011992,2026-07-11,email_open
1135,evt_00011995,2026-07-13,website_visit
1135,evt_00011991,2026-07-14,website_visit
1135,evt_00011988,2026-07-30,email_open
1135,evt_00011994,2026-08-05,email_open
1135,evt_00011987,2026-08-07,email_open
1136,evt_00011999,2026-04-10,email_open
1136,evt_00011997,2026-04-19,website_visit
1136,evt_00011998,2026-04-23,email_open
1136,evt_00011996,2026-07-09,email_open
1137,evt_00012027,2026-03-03,email_open
1137,evt_00012008,2026-03-06,website_visit
1137,evt_00012004,2026-03-09,website_visit
1137,evt_00012007,2026-03-11,email_click
1137,evt_00012002,2026-03-12,website_visit
1137,evt_00012011,2026-03-12,email_open
1137,evt_00012045,2026-03-19,email_open
1137,evt_00012017,2026-03-20,email_open
1137,evt_00012024,2026-03-22,email_open
1137,evt_00012014,2026-03-26,email_open
1137,evt_00012025,2026-04-01,email_open
1137,evt_00012013,2026-04-09,form_fill
1137,evt_00012026,2026-04-10,form_fill
1137,evt_00012021,2026-04-22,email_click
1137,evt_00012051,2026-04-23,email_open
1137,evt_00012044,2026-04-27,website_visit
1137,evt_00012052,2026-04-30,email_click
1137,evt_00012003,2026-05-01,email_click
1137,evt_00012018,2026-05-04,form_fill
1137,evt_00012036,2026-05-04,email_open
1137,evt_00012039,2026-05-08,email_open
1137,evt_00012015,2026-05-10,email_open
1137,evt_00012046,2026-05-12,demo_request
1137,evt_00012049,2026-05-13,email_click
1137,evt_00012053,2026-05-14,form_fill
1137,evt_00012019,2026-05-16,email_open
1137,evt_00012037,2026-05-20,email_click
1137,evt_00012035,2026-05-22,email_open
1137,evt_00012005,2026-05-24,email_open
1137,evt_00012043,2026-05-25,email_open
1137,evt_00012012,2026-05-28,form_fill
1137,evt_00012040,2026-05-29,email_click
1137,evt_00012022,2026-06-03,form_fill
1137,evt_00012031,2026-06-11,email_open
1137,evt_00012050,2026-06-13,email_open
1137,evt_00012048,2026-06-22,email_open
1137,evt_00012001,2026-06-23,website_visit
1137,evt_00012042,2026-06-24,email_click
1137,evt_00012020,2026-06-26,email_open
1137,evt_00012016,2026-07-01,email_open
1137,evt_00012006,2026-07-07,email_click
1137,evt_00012010,2026-07-12,website_visit
1137,evt_00012023,2026-07-14,website_visit
1137,evt_00012033,2026-07-17,email_open
1137,evt_00012028,2026-07-18,email_open
1137,evt_00012029,2026-07-19,website_visit
1137,evt_00012032,2026-07-20,form_fill
1137,evt_00012030,2026-07-22,email_click
1137,evt_00012038,2026-07-22,website_visit
1137,evt_00012009,2026-07-24,email_open
1137,evt_00012041,2026-07-27,email_open
1137,evt_00012034,2026-07-30,website_visit
1137,evt_00012000,2026-08-02,website_visit
1137,evt_00012047,2026-08-06,website_visit
1138,evt_00012062,2026-05-22,form_fill
1138,evt_00012058,2026-05-24,website_visit
1138,evt_00012057,2026-06-03,website_visit
1138,evt_00012063,2026-06-07,email_open
1138,evt_00012064,2026-06-21,email_click
1138,evt_00012061,2026-06-24,email_open
1138,evt_00012060,2026-06-26,email_open
1138,evt_00012055,2026-06-27,email_open
1138,evt_00012056,2026-07-09,email_open
1138,evt_00012054,2026-07-20,website_visit
1138,evt_00012059,2026-08-07,email_click
1139,evt_00012067,2026-06-26,email_open
1139,evt_00012066,2026-07-22,email_open
1139,evt_00012068,2026-07-24,website_visit
1139,evt_00012065,2026-08-06,email_open
1140,evt_00012077,2026-06-10,website_visit
1140,evt_00012071,2026-07-02,email_open
1140,evt_00012076,2026-07-11,demo_request
1140,evt_00012069,2026-07-15,website_visit
1140,evt_00012070,2026-07-15,email_open
1140,evt_00012072,2026-07-20,website_visit
1140,evt_00012078,2026-07-24,email_click
1140,evt_00012074,2026-07-29,website_visit
1140,evt_00012073,2026-07-31,email_open
1140,evt_00012075,2026-08-02,email_open
1140,evt_00012079,2026-08-06,email_open
1141,evt_00012080,2026-07-02,email_open
1142,evt_00012088,2026-07-29,email_open
1142,evt_00012091,2026-07-29,website_visit
1142,evt_00012096,2026-07-29,website_visit
1142,evt_00012087,2026-07-31,email_click
1142,evt_00012084,2026-08-01,email_open
1142,evt_00012086,2026-08-01,website_visit
1142,evt_00012095,2026-08-01,demo_request
1142,evt_00012081,2026-08-03,website_visit
1142,evt_00012082,2026-08-03,email_open
1142,evt_00012085,2026-08-03,email_click
1142,evt_00012090,2026-08-03,email_open
1142,evt_00012092,2026-08-03,website_visit
1142,evt_00012093,2026-08-05,email_open
1142,evt_00012083,2026-08-06,email_open
1142,evt_00012089,2026-08-06,form_fill
1142,evt_00012094,2026-08-07,website_visit
1143,evt_00012098,2026-03-18,email_open
1143,evt_00012100,2026-06-15,email_click
1143,evt_00012097,2026-07-04,email_click
1143,evt_00012099,2026-07-12,email_open
1144,evt_00012101,2026-03-04,website_visit
1144,evt_00012102,2026-06-18,email_open
1144,evt_00012103,2026-07-23,website_visit
1145,evt_00012104,2026-05-16,website_visit
1145,evt_00012107,2026-06-04,demo_request
1145,evt_00012106,2026-06-15,email_open
1145,evt_00012105,2026-06-24,email_open
1146,evt_00012110,2026-07-12,email_open
1146,evt_00012112,2026-07-12,email_click
1146,evt_00012111,2026-07-18,email_click
1146,evt_00012108,2026-07-19,website_visit
1146,evt_00012109,2026-08-03,email_open
1147,evt_00012115,2026-03-12,website_visit
1147,evt_00012118,2026-03-30,email_open
1147,evt_00012122,2026-04-08,form_fill
1147,evt_00012114,2026-04-13,website_visit
1147,evt_00012121,2026-04-22,email_open
1147,evt_00012123,2026-05-15,email_click
1147,evt_00012116,2026-05-16,email_open
1147,evt_00012113,2026-05-21,email_open
1147,evt_00012120,2026-06-12,website_visit
1147,evt_00012124,2026-06-26,website_visit
1147,evt_00012117,2026-06-30,email_open
1147,evt_00012119,2026-07-26,email_open
1148,evt_00012130,2026-03-02,email_click
1148,evt_00012129,2026-04-10,email_open
1148,evt_00012128,2026-04-20,email_click
1148,evt_00012126,2026-05-11,email_click
1148,evt_00012127,2026-05-13,email_click
1148,evt_00012131,2026-05-31,form_fill
1148,evt_00012133,2026-06-04,form_fill
1148,evt_00012132,2026-06-12,email_open
1148,evt_00012125,2026-06-22,email_open
1148,evt_00012134,2026-07-08,website_visit
1149,evt_00012147,2026-05-10,email_open
1149,evt_00012143,2026-05-19,email_click
1149,evt_00012145,2026-05-21,website_visit
1149,evt_00012146,2026-05-24,website_visit
1149,evt_00012141,2026-06-27,website_visit
1149,evt_00012139,2026-06-29,email_open
1149,evt_00012144,2026-06-29,website_visit
1149,evt_00012140,2026-07-03,email_open
1149,evt_00012142,2026-07-05,email_open
1149,evt_00012135,2026-07-13,email_click
1149,evt_00012137,2026-07-17,website_visit
1149,evt_00012138,2026-07-22,email_click
1149,evt_00012136,2026-08-02,demo_request
1150,evt_00012150,2026-07-22,email_open
1150,evt_00012157,2026-07-24,email_open
1150,evt_00012155,2026-07-26,email_open
1150,evt_00012165,2026-07-26,email_click
1150,evt_00012168,2026-07-26,website_visit
1150,evt_00012167,2026-07-27,email_open
1150,evt_00012164,2026-07-28,email_open
1150,evt_00012160,2026-07-29,email_click
1150,evt_00012149,2026-07-30,form_fill
1150,evt_00012162,2026-07-30,website_visit
1150,evt_00012151,2026-07-31,demo_request
1150,evt_00012158,2026-07-31,email_open
1150,evt_00012159,2026-07-31,website_visit
1150,evt_00012152,2026-08-01,email_open
1150,evt_00012153,2026-08-02,demo_request
1150,evt_00012163,2026-08-02,email_open
1150,evt_00012148,2026-08-03,email_open
1150,evt_00012154,2026-08-03,email_open
1150,evt_00012156,2026-08-04,email_click
1150,evt_00012161,2026-08-05,form_fill
1150,evt_00012166,2026-08-06,form_fill
1150,evt_00012169,2026-08-08,website_visit
1151,evt_00012175,2026-04-02,website_visit
1151,evt_00012172,2026-04-07,website_visit
1151,evt_00012171,2026-05-28,email_open
1151,evt_00012170,2026-06-19,email_open
1151,evt_00012173,2026-06-19,email_open
1151,evt_00012176,2026-07-20,website_visit
1151,evt_00012174,2026-08-07,website_visit
1152,evt_00012178,2026-04-02,email_open
1152,evt_00012180,2026-04-15,email_click
1152,evt_00012179,2026-06-11,website_visit
1152,evt_00012177,2026-06-15,email_open
1152,evt_00012181,2026-06-17,email_open
1153,evt_00012187,2026-04-01,email_click
1153,evt_00012185,2026-05-28,website_visit
1153,evt_00012188,2026-06-20,website_visit
1153,evt_00012182,2026-06-21,email_open
1153,evt_00012186,2026-07-23,email_open
1153,evt_00012183,2026-07-27,email_open
1153,evt_00012184,2026-08-01,email_click
1154,evt_00012190,2026-05-07,email_open
1154,evt_00012189,2026-05-14,form_fill
1154,evt_00012199,2026-05-17,email_click
1154,evt_00012193,2026-06-06,website_visit
1154,evt_00012192,2026-06-07,email_open
1154,evt_00012194,2026-06-10,email_open
1154,evt_00012198,2026-06-29,email_click
1154,evt_00012197,2026-07-09,email_click
1154,evt_00012191,2026-07-13,email_open
1154,evt_00012196,2026-07-14,demo_request
1154,evt_00012195,2026-07-22,website_visit
1155,evt_00012204,2026-04-06,form_fill
1155,evt_00012201,2026-04-28,email_open
1155,evt_00012205,2026-05-09,email_click
1155,evt_00012207,2026-05-14,email_click
1155,evt_00012208,2026-05-28,email_click
1155,evt_00012202,2026-06-15,form_fill
1155,evt_00012200,2026-07-19,form_fill
1155,evt_00012203,2026-08-04,email_open
1155,evt_00012206,2026-08-04,website_visit
1156,evt_00012209,2026-08-04,email_click
1157,evt_00012211,2026-02-18,email_click
1157,evt_00012218,2026-03-18,website_visit
1157,evt_00012219,2026-03-18,email_open
1157,evt_00012212,2026-04-11,website_visit
1157,evt_00012213,2026-04-19,email_open
1157,evt_00012216,2026-06-04,website_visit
1157,evt_00012215,2026-06-12,email_open
1157,evt_00012214,2026-06-18,website_visit
1157,evt_00012210,2026-07-17,email_open
1157,evt_00012217,2026-08-06,form_fill
1158,evt_00012221,2026-04-30,email_open
1158,evt_00012226,2026-05-03,email_open
1158,evt_00012223,2026-05-22,email_click
1158,evt_00012225,2026-06-28,email_open
1158,evt_00012228,2026-07-18,email_open
1158,evt_00012227,2026-07-21,email_open
1158,evt_00012220,2026-07-25,website_visit
1158,evt_00012222,2026-07-30,email_open
1158,evt_00012224,2026-08-07,website_visit
1159,evt_00012247,2026-04-21,website_visit
1159,evt_00012252,2026-04-21,email_open
1159,evt_00012259,2026-05-04,website_visit
1159,evt_00012264,2026-05-04,email_open
1159,evt_00012266,2026-05-07,email_open
1159,evt_00012246,2026-05-10,form_fill
1159,evt_00012263,2026-05-18,email_click
1159,evt_00012236,2026-05-23,email_open
1159,evt_00012243,2026-05-30,website_visit
1159,evt_00012253,2026-05-31,website_visit
1159,evt_00012237,2026-06-01,email_open
1159,evt_00012251,2026-06-02,email_click
1159,evt_00012234,2026-06-03,email_open
1159,evt_00012255,2026-06-03,website_visit
1159,evt_00012241,2026-06-04,email_click
1159,evt_00012238,2026-06-08,email_open
1159,evt_00012239,2026-06-08,email_click
1159,evt_00012244,2026-06-12,website_visit
1159,evt_00012235,2026-06-19,email_click
1159,evt_00012249,2026-06-19,email_open
1159,evt_00012245,2026-06-22,form_fill
1159,evt_00012240,2026-06-26,demo_request
1159,evt_00012262,2026-06-28,website_visit
1159,evt_00012232,2026-06-29,website_visit
1159,evt_00012258,2026-06-29,website_visit
1159,evt_00012256,2026-07-01,form_fill
1159,evt_00012257,2026-07-03,email_click
1159,evt_00012265,2026-07-05,email_click
1159,evt_00012233,2026-07-06,email_open
1159,evt_00012242,2026-07-08,email_open
1159,evt_00012248,2026-07-09,email_click
1159,evt_00012254,2026-07-11,website_visit
1159,evt_00012260,2026-07-12,email_click
1159,evt_00012229,2026-07-13,email_open
1159,evt_00012250,2026-07-16,email_open
1159,evt_00012230,2026-07-21,email_open
1159,evt_00012261,2026-07-22,email_click
1159,evt_00012267,2026-07-30,email_open
1159,evt_00012231,2026-08-07,email_open
1160,evt_00012272,2026-06-30,email_open
1160,evt_00012269,2026-07-01,email_click
1160,evt_00012270,2026-07-16,email_open
1160,evt_00012275,2026-07-22,website_visit
1160,evt_00012271,2026-07-31,email_click
1160,evt_00012273,2026-08-02,email_click
1160,evt_00012276,2026-08-02,email_click
1160,evt_00012274,2026-08-06,email_open
1160,evt_00012268,2026-08-07,email_open
1161,evt_00012277,2026-07-16,email_open
1161,evt_00012282,2026-07-16,email_open
1161,evt_00012278,2026-07-17,email_open
1161,evt_00012281,2026-07-21,form_fill
1161,evt_00012284,2026-07-27,email_open
1161,evt_00012283,2026-07-29,email_open
1161,evt_00012280,2026-07-31,website_visit
1161,evt_00012286,2026-07-31,email_open
1161,evt_00012279,2026-08-01,email_open
1161,evt_00012285,2026-08-08,email_click
1162,evt_00012287,2026-04-16,email_click
1162,evt_00012289,2026-04-28,form_fill
1162,evt_00012295,2026-05-14,email_open
1162,evt_00012288,2026-06-19,form_fill
1162,evt_00012294,2026-07-02,email_click
1162,evt_00012292,2026-07-10,email_click
1162,evt_00012293,2026-07-21,email_open
1162,evt_00012291,2026-08-03,email_open
1162,evt_00012290,2026-08-05,form_fill
1163,evt_00012306,2026-04-10,website_visit
1163,evt_00012297,2026-04-16,email_open
1163,evt_00012299,2026-04-30,email_open
1163,evt_00012312,2026-05-07,email_open
1163,evt_00012307,2026-05-21,email_open
1163,evt_00012309,2026-05-21,website_visit
1163,evt_00012313,2026-05-28,email_open
1163,evt_00012311,2026-05-31,website_visit
1163,evt_00012305,2026-06-12,email_open
1163,evt_00012296,2026-06-19,website_visit
1163,evt_00012302,2026-06-23,email_open
1163,evt_00012298,2026-07-10,email_open
1163,evt_00012300,2026-07-16,email_open
1163,evt_00012303,2026-07-17,email_click
1163,evt_00012310,2026-07-17,website_visit
1163,evt_00012304,2026-07-19,email_open
1163,evt_00012308,2026-07-22,email_open
1163,evt_00012301,2026-08-07,email_open
1164,evt_00012315,2026-06-09,email_open
1164,evt_00012317,2026-06-10,email_open
1164,evt_00012316,2026-06-25,email_open
1164,evt_00012318,2026-06-28,website_visit
1164,evt_00012319,2026-07-06,email_open
1164,evt_00012314,2026-07-30,website_visit
1165,evt_00012321,2026-04-14,website_visit
1165,evt_00012323,2026-04-20,email_open
1165,evt_00012327,2026-04-21,email_click
1165,evt_00012325,2026-04-30,email_open
1165,evt_00012322,2026-06-30,website_visit
1165,evt_00012320,2026-07-05,email_open
1165,evt_00012326,2026-07-17,email_open
1165,evt_00012324,2026-07-31,email_open
1166,evt_00012329,2026-03-26,email_open
1166,evt_00012328,2026-05-10,email_open
1166,evt_00012332,2026-06-12,website_visit
1166,evt_00012331,2026-07-17,email_open
1166,evt_00012333,2026-07-17,email_open
1166,evt_00012330,2026-07-24,email_open
1167,evt_00012336,2026-04-01,website_visit
1167,evt_00012344,2026-04-01,website_visit
1167,evt_00012335,2026-04-08,email_open
1167,evt_00012345,2026-04-16,email_open
1167,evt_00012346,2026-04-24,email_open
1167,evt_00012340,2026-04-26,form_fill
1167,evt_00012341,2026-05-19,website_visit
1167,evt_00012337,2026-06-04,demo_request
1167,evt_00012347,2026-06-06,email_open
1167,evt_00012342,2026-06-08,website_visit
1167,evt_00012334,2026-06-16,website_visit
1167,evt_00012338,2026-06-19,website_visit
1167,evt_00012339,2026-07-26,email_click
1167,evt_00012348,2026-07-27,email_open
1167,evt_00012343,2026-07-30,email_click
1168,evt_00012350,2026-08-03,email_open
1168,evt_00012355,2026-08-04,email_open
1168,evt_00012357,2026-08-05,email_click
1168,evt_00012353,2026-08-06,email_open
1168,evt_00012356,2026-08-06,website_visit
1168,evt_00012359,2026-08-06,email_open
1168,evt_00012354,2026-08-07,email_click
1168,evt_00012358,2026-08-07,email_open
1168,evt_00012349,2026-08-08,email_click
1168,evt_00012351,2026-08-08,email_open
1168,evt_00012352,2026-08-08,email_open
1169,evt_00012374,2026-07-22,email_open
1169,evt_00012377,2026-07-22,email_open
1169,evt_00012365,2026-07-23,email_open
1169,evt_00012375,2026-07-24,demo_request
1169,evt_00012370,2026-07-25,form_fill
1169,evt_00012363,2026-07-27,email_open
1169,evt_00012367,2026-07-28,email_click
1169,evt_00012371,2026-07-29,email_open
1169,evt_00012379,2026-07-29,email_click
1169,evt_00012376,2026-07-31,email_open
1169,evt_00012373,2026-08-01,website_visit
1169,evt_00012366,2026-08-03,email_click
1169,evt_00012372,2026-08-03,website_visit
1169,evt_00012360,2026-08-05,website_visit
1169,evt_00012364,2026-08-05,website_visit
1169,evt_00012378,2026-08-05,form_fill
1169,evt_00012362,2026-08-06,email_click
1169,evt_00012368,2026-08-07,email_open
1169,evt_00012361,2026-08-08,email_click
1169,evt_00012369,2026-08-08,email_open
1170,evt_00012380,2026-07-22,email_click
1170,evt_00012383,2026-07-30,email_click
1170,evt_00012381,2026-08-02,email_open
1170,evt_00012382,2026-08-03,email_open
1171,evt_00012384,2026-04-04,email_click
1171,evt_00012385,2026-04-14,email_open
1172,evt_00012387,2026-03-16,email_open
1172,evt_00012389,2026-03-29,website_visit
1172,evt_00012394,2026-03-31,email_click
1172,evt_00012386,2026-04-03,demo_request
1172,evt_00012399,2026-04-05,email_open
1172,evt_00012397,2026-05-27,email_click
1172,evt_00012392,2026-05-28,email_open
1172,evt_00012395,2026-06-07,email_open
1172,evt_00012396,2026-06-11,email_open
1172,evt_00012398,2026-06-15,email_click
1172,evt_00012391,2026-07-15,website_visit
1172,evt_00012393,2026-07-15,email_open
1172,evt_00012390,2026-07-27,email_open
1172,evt_00012388,2026-07-28,email_open
1173,evt_00012405,2026-04-02,email_open
1173,evt_00012402,2026-05-26,email_open
1173,evt_00012403,2026-06-10,website_visit
1173,evt_00012400,2026-06-15,demo_request
1173,evt_00012404,2026-07-01,email_click
1173,evt_00012401,2026-07-23,email_open
1174,evt_00012415,2026-03-05,email_open
1174,evt_00012419,2026-03-08,email_open
1174,evt_00012424,2026-03-14,email_open
1174,evt_00012416,2026-03-24,website_visit
1174,evt_00012417,2026-03-28,email_open
1174,evt_00012420,2026-04-08,email_open
1174,evt_00012410,2026-04-18,email_open
1174,evt_00012425,2026-04-19,email_open
1174,evt_00012411,2026-04-22,email_click
1174,evt_00012412,2026-05-01,website_visit
1174,evt_00012422,2026-05-11,email_open
1174,evt_00012408,2026-05-19,email_open
1174,evt_00012421,2026-05-20,form_fill
1174,evt_00012418,2026-05-26,email_open
1174,evt_00012406,2026-06-17,email_click
1174,evt_00012407,2026-07-03,website_visit
1174,evt_00012413,2026-07-08,email_open
1174,evt_00012423,2026-07-19,website_visit
1174,evt_00012409,2026-07-29,email_click
1174,evt_00012414,2026-08-07,website_visit
1175,evt_00012429,2026-06-03,email_open
1175,evt_00012426,2026-06-07,email_open
1175,evt_00012427,2026-06-12,email_open
1175,evt_00012428,2026-06-29,website_visit
1176,evt_00012433,2026-06-01,email_open
1176,evt_00012435,2026-06-05,form_fill
1176,evt_00012431,2026-06-09,email_click
1176,evt_00012434,2026-06-17,email_open
1176,evt_00012432,2026-06-20,email_click
1176,evt_00012430,2026-06-29,form_fill
1176,evt_00012436,2026-07-14,form_fill
1176,evt_00012437,2026-08-01,demo_request
1177,evt_00012439,2026-02-21,email_open
1177,evt_00012452,2026-03-23,email_open
1177,evt_00012440,2026-04-07,website_visit
1177,evt_00012442,2026-04-20,email_click
1177,evt_00012445,2026-04-21,email_open
1177,evt_00012451,2026-04-28,email_click
1177,evt_00012444,2026-05-10,website_visit
1177,evt_00012449,2026-05-20,website_visit
1177,evt_00012447,2026-05-22,form_fill
1177,evt_00012450,2026-06-01,email_click
1177,evt_00012448,2026-07-13,website_visit
1177,evt_00012438,2026-07-16,email_click
1177,evt_00012443,2026-07-22,email_open
1177,evt_00012441,2026-07-27,email_click
1177,evt_00012446,2026-07-31,email_click
1178,evt_00012476,2026-03-24,website_visit
1178,evt_00012459,2026-03-28,website_visit
1178,evt_00012478,2026-04-07,website_visit
1178,evt_00012475,2026-04-09,website_visit
1178,evt_00012453,2026-04-12,website_visit
1178,evt_00012457,2026-04-13,email_open
1178,evt_00012483,2026-04-14,email_open
1178,evt_00012493,2026-04-16,email_open
1178,evt_00012477,2026-04-19,form_fill
1178,evt_00012467,2026-04-20,email_open
1178,evt_00012461,2026-04-21,form_fill
1178,evt_00012462,2026-05-03,website_visit
1178,evt_00012486,2026-05-03,website_visit
1178,evt_00012471,2026-05-08,email_open
1178,evt_00012463,2026-05-09,email_open
1178,evt_00012468,2026-05-12,email_open
1178,evt_00012464,2026-05-16,email_open
1178,evt_00012480,2026-06-01,email_open
1178,evt_00012458,2026-06-04,email_open
1178,evt_00012485,2026-06-10,email_open
1178,evt_00012466,2026-06-12,email_open
1178,evt_00012469,2026-06-13,form_fill
1178,evt_00012470,2026-06-15,email_open
1178,evt_00012489,2026-06-17,email_click
1178,evt_00012491,2026-06-22,email_click
1178,evt_00012456,2026-06-25,email_open
1178,evt_00012473,2026-06-25,form_fill
1178,evt_00012487,2026-07-03,email_click
1178,evt_00012472,2026-07-04,email_open
1178,evt_00012479,2026-07-10,email_open
1178,evt_00012482,2026-07-10,form_fill
1178,evt_00012481,2026-07-12,email_click
1178,evt_00012465,2026-07-16,email_click
1178,evt_00012490,2026-07-19,website_visit
1178,evt_00012488,2026-07-20,email_open
1178,evt_00012455,2026-07-28,email_open
1178,evt_00012492,2026-07-29,email_open
1178,evt_00012454,2026-07-30,email_open
1178,evt_00012474,2026-07-30,website_visit
1178,evt_00012460,2026-08-06,email_click
1178,evt_00012484,2026-08-07,website_visit
1179,evt_00012500,2026-02-20,email_open
1179,evt_00012496,2026-03-07,form_fill
1179,evt_00012495,2026-04-22,form_fill
1179,evt_00012497,2026-05-22,demo_request
1179,evt_00012498,2026-05-25,email_open
1179,evt_00012499,2026-06-13,email_open
1179,evt_00012494,2026-06-23,email_click
1180,evt_00012503,2026-05-27,website_visit
1180,evt_00012502,2026-06-02,email_open
1180,evt_00012504,2026-06-24,email_open
1180,evt_00012509,2026-06-25,form_fill
1180,evt_00012501,2026-06-27,form_fill
1180,evt_00012507,2026-07-01,website_visit
1180,evt_00012508,2026-07-10,email_open
1180,evt_00012506,2026-07-12,email_open
1180,evt_00012505,2026-08-03,form_fill
1181,evt_00012515,2026-03-01,email_open
1181,evt_00012520,2026-03-01,email_open
1181,evt_00012511,2026-03-27,website_visit
1181,evt_00012521,2026-04-09,email_open
1181,evt_00012512,2026-04-15,email_click
1181,evt_00012516,2026-05-19,email_open
1181,evt_00012517,2026-05-19,website_visit
1181,evt_00012514,2026-05-21,email_click
1181,evt_00012522,2026-05-22,email_open
1181,evt_00012518,2026-05-25,website_visit
1181,evt_00012519,2026-07-04,email_open
1181,evt_00012513,2026-07-12,email_open
1181,evt_00012510,2026-07-15,email_open
1182,evt_00012526,2026-05-06,form_fill
1182,evt_00012529,2026-05-14,website_visit
1182,evt_00012525,2026-05-21,email_open
1182,evt_00012523,2026-05-30,email_click
1182,evt_00012528,2026-06-03,email_open
1182,evt_00012527,2026-07-14,email_open
1182,evt_00012524,2026-08-03,email_click
1183,evt_00012530,2026-03-19,email_open
1183,evt_00012535,2026-05-15,email_open
1183,evt_00012532,2026-06-20,email_click
1183,evt_00012531,2026-06-25,email_open
1183,evt_00012534,2026-07-02,email_open
1183,evt_00012533,2026-07-03,email_open
1184,evt_00012540,2026-08-05,email_open
1184,evt_00012538,2026-08-07,website_visit
1184,evt_00012536,2026-08-08,email_open
1184,evt_00012537,2026-08-08,email_open
1184,evt_00012539,2026-08-08,email_open
1185,evt_00012544,2026-04-08,email_open
1185,evt_00012541,2026-04-12,email_open
1185,evt_00012543,2026-04-14,email_open
1185,evt_00012542,2026-05-03,website_visit
1185,evt_00012547,2026-05-03,email_click
1185,evt_00012545,2026-06-01,website_visit
1185,evt_00012551,2026-06-22,email_open
1185,evt_00012550,2026-07-01,email_open
1185,evt_00012548,2026-07-08,website_visit
1185,evt_00012546,2026-07-09,email_open
1185,evt_00012549,2026-07-14,email_click
1185,evt_00012552,2026-07-26,email_open
1186,evt_00012554,2026-03-13,website_visit
1186,evt_00012559,2026-04-08,email_click
1186,evt_00012557,2026-05-25,email_open
1186,evt_00012556,2026-05-27,form_fill
1186,evt_00012558,2026-06-16,email_open
1186,evt_00012560,2026-06-27,email_open
1186,evt_00012553,2026-07-19,website_visit
1186,evt_00012555,2026-07-28,form_fill
1187,evt_00012567,2026-04-23,email_open
1187,evt_00012561,2026-05-07,email_open
1187,evt_00012565,2026-05-16,email_open
1187,evt_00012564,2026-06-29,email_open
1187,evt_00012563,2026-07-05,website_visit
1187,evt_00012562,2026-07-12,email_open
1187,evt_00012566,2026-07-18,website_visit
1188,evt_00012569,2026-05-27,website_visit
1188,evt_00012568,2026-06-22,email_open
1188,evt_00012570,2026-07-24,website_visit
1189,evt_00012576,2026-07-16,website_visit
1189,evt_00012573,2026-07-17,website_visit
1189,evt_00012575,2026-07-29,email_click
1189,evt_00012571,2026-08-07,email_open
1189,evt_00012574,2026-08-07,email_click
1189,evt_00012572,2026-08-08,email_open
1190,evt_00012595,2026-07-03,website_visit
1190,evt_00012596,2026-07-03,website_visit
1190,evt_00012585,2026-07-04,email_open
1190,evt_00012580,2026-07-08,email_open
1190,evt_00012578,2026-07-09,email_click
1190,evt_00012583,2026-07-11,website_visit
1190,evt_00012590,2026-07-11,email_open
1190,evt_00012597,2026-07-12,email_open
1190,evt_00012589,2026-07-13,email_open
1190,evt_00012577,2026-07-16,email_open
1190,evt_00012601,2026-07-16,demo_request
1190,evt_00012603,2026-07-16,email_open
1190,evt_00012592,2026-07-17,email_open
1190,evt_00012602,2026-07-18,email_open
1190,evt_00012606,2026-07-18,email_click
1190,evt_00012579,2026-07-20,form_fill
1190,evt_00012586,2026-07-21,email_click
1190,evt_00012587,2026-07-25,email_click
1190,evt_00012594,2026-07-26,email_open
1190,evt_00012598,2026-07-26,email_open
1190,evt_00012599,2026-07-27,email_open
1190,evt_00012582,2026-07-29,email_open
1190,evt_00012584,2026-07-29,website_visit
1190,evt_00012588,2026-07-30,website_visit
1190,evt_00012593,2026-08-01,email_click
1190,evt_00012600,2026-08-02,email_open
1190,evt_00012581,2026-08-04,email_open
1190,evt_00012604,2026-08-04,website_visit
1190,evt_00012605,2026-08-04,demo_request
1190,evt_00012591,2026-08-06,email_click
1191,evt_00012608,2026-06-20,website_visit
1191,evt_00012607,2026-06-29,email_open
1191,evt_00012611,2026-07-03,website_visit
1191,evt_00012610,2026-07-11,email_open
1191,evt_00012609,2026-07-13,website_visit
1192,evt_00012612,2026-07-06,demo_request
1192,evt_00012617,2026-07-06,email_click
1192,evt_00012622,2026-07-08,email_click
1192,evt_00012614,2026-07-22,email_click
1192,evt_00012621,2026-07-23,email_open
1192,evt_00012619,2026-07-27,email_open
1192,evt_00012618,2026-07-31,form_fill
1192,evt_00012615,2026-08-02,email_open
1192,evt_00012616,2026-08-04,email_open
1192,evt_00012613,2026-08-08,form_fill
1192,evt_00012620,2026-08-08,website_visit
1193,evt_00012625,2026-05-10,email_open
1193,evt_00012633,2026-05-15,website_visit
1193,evt_00012636,2026-05-16,email_open
1193,evt_00012628,2026-05-26,website_visit
1193,evt_00012634,2026-05-31,form_fill
1193,evt_00012631,2026-06-06,email_open
1193,evt_00012635,2026-06-14,website_visit
1193,evt_00012626,2026-06-19,email_open
1193,evt_00012623,2026-06-25,email_open
1193,evt_00012630,2026-06-25,email_click
1193,evt_00012627,2026-07-10,email_open
1193,evt_00012624,2026-07-25,email_click
1193,evt_00012632,2026-07-28,form_fill
1193,evt_00012629,2026-08-03,email_click
1194,evt_00012637,2026-07-07,email_click
1195,evt_00012638,2026-07-21,website_visit
1196,evt_00012640,2026-08-02,form_fill
1196,evt_00012639,2026-08-05,website_visit
1197,evt_00012643,2026-03-27,email_open
1197,evt_00012644,2026-04-21,email_open
1197,evt_00012641,2026-05-28,email_open
1197,evt_00012642,2026-07-01,form_fill
1198,evt_00012645,2026-06-16,email_open
1198,evt_00012655,2026-06-17,email_open
1198,evt_00012679,2026-06-18,email_open
1198,evt_00012670,2026-06-19,email_click
1198,evt_00012675,2026-06-20,email_open
1198,evt_00012652,2026-06-22,email_open
1198,evt_00012676,2026-06-22,email_click
1198,evt_00012656,2026-06-28,demo_request
1198,evt_00012648,2026-06-29,email_click
1198,evt_00012671,2026-06-29,form_fill
1198,evt_00012663,2026-07-03,email_click
1198,evt_00012678,2026-07-06,website_visit
1198,evt_00012649,2026-07-07,website_visit
1198,evt_00012673,2026-07-07,website_visit
1198,evt_00012653,2026-07-09,email_open
1198,evt_00012658,2026-07-10,demo_request
1198,evt_00012669,2026-07-10,email_open
1198,evt_00012672,2026-07-14,email_click
1198,evt_00012647,2026-07-15,email_open
1198,evt_00012665,2026-07-16,email_open
1198,evt_00012668,2026-07-16,email_open
1198,evt_00012654,2026-07-17,email_open
1198,evt_00012660,2026-07-17,form_fill
1198,evt_00012650,2026-07-21,website_visit
1198,evt_00012666,2026-07-26,email_click
1198,evt_00012659,2026-07-28,email_open
1198,evt_00012646,2026-07-29,form_fill
1198,evt_00012664,2026-07-29,website_visit
1198,evt_00012667,2026-07-31,website_visit
1198,evt_00012662,2026-08-01,website_visit
1198,evt_00012677,2026-08-02,email_open
1198,evt_00012657,2026-08-05,email_open
1198,evt_00012661,2026-08-06,email_click
1198,evt_00012674,2026-08-07,email_open
1198,evt_00012651,2026-08-08,email_click
1199,evt_00012682,2026-05-30,website_visit
1199,evt_00012680,2026-06-27,email_open
1199,evt_00012681,2026-07-30,email_open
1200,evt_00012683,2026-05-28,demo_request
1200,evt_00012684,2026-07-31,website_visit
1201,evt_00012692,2026-06-03,website_visit
1201,evt_00012691,2026-06-10,email_open
1201,evt_00012689,2026-06-14,email_open
1201,evt_00012688,2026-06-20,email_open
1201,evt_00012686,2026-06-27,website_visit
1201,evt_00012685,2026-07-11,form_fill
1201,evt_00012687,2026-07-15,form_fill
1201,evt_00012690,2026-07-16,email_click
1201,evt_00012693,2026-07-26,website_visit
1202,evt_00012714,2026-02-23,email_open
1202,evt_00012703,2026-03-08,email_open
1202,evt_00012705,2026-03-09,website_visit
1202,evt_00012699,2026-03-11,email_open
1202,evt_00012712,2026-03-11,email_click
1202,evt_00012715,2026-03-17,email_open
1202,evt_00012707,2026-03-23,email_open
1202,evt_00012704,2026-03-27,email_open
1202,evt_00012711,2026-03-27,email_click
1202,evt_00012695,2026-04-09,email_open
1202,evt_00012697,2026-04-28,email_click
1202,evt_00012710,2026-05-10,email_open
1202,evt_00012713,2026-05-11,email_open
1202,evt_00012701,2026-06-03,email_open
1202,evt_00012716,2026-06-09,email_click
1202,evt_00012700,2026-06-18,email_open
1202,evt_00012706,2026-06-20,email_open
1202,evt_00012694,2026-06-25,email_click
1202,evt_00012708,2026-07-11,email_open
1202,evt_00012717,2026-07-19,email_open
1202,evt_00012698,2026-07-26,email_open
1202,evt_00012702,2026-07-26,website_visit
1202,evt_00012709,2026-07-26,demo_request
1202,evt_00012696,2026-07-29,email_open
1203,evt_00012719,2026-04-16,form_fill
1203,evt_00012725,2026-04-19,email_open
1203,evt_00012727,2026-04-19,website_visit
1203,evt_00012720,2026-04-20,website_visit
1203,evt_00012718,2026-05-06,email_open
1203,evt_00012723,2026-05-13,website_visit
1203,evt_00012721,2026-05-15,email_open
1203,evt_00012728,2026-05-27,form_fill
1203,evt_00012729,2026-06-01,email_open
1203,evt_00012726,2026-06-05,email_click
1203,evt_00012722,2026-06-19,email_open
1203,evt_00012731,2026-06-29,email_click
1203,evt_00012724,2026-06-30,email_open
1203,evt_00012730,2026-07-22,form_fill
1204,evt_00012736,2026-03-05,website_visit
1204,evt_00012732,2026-04-30,email_click
1204,evt_00012737,2026-05-22,email_click
1204,evt_00012734,2026-06-18,website_visit
1204,evt_00012738,2026-06-30,email_click
1204,evt_00012733,2026-07-01,email_click
1204,evt_00012735,2026-08-01,email_click
1204,evt_00012739,2026-08-01,website_visit
1205,evt_00012746,2026-07-21,website_visit
1205,evt_00012742,2026-07-22,email_click
1205,evt_00012745,2026-08-01,email_click
1205,evt_00012741,2026-08-03,email_click
1205,evt_00012744,2026-08-04,website_visit
1205,evt_00012743,2026-08-06,website_visit
1205,evt_00012740,2026-08-07,form_fill
1206,evt_00012747,2026-04-10,website_visit
1206,evt_00012748,2026-05-29,email_click
1206,evt_00012749,2026-06-24,email_open
1207,evt_00012751,2026-03-18,email_open
1207,evt_00012750,2026-05-25,email_click
1207,evt_00012752,2026-06-29,email_open
1208,evt_00012753,2026-08-04,website_visit
1208,evt_00012754,2026-08-04,email_click
1208,evt_00012755,2026-08-05,email_click
1209,evt_00012762,2026-04-17,website_visit
1209,evt_00012758,2026-04-19,website_visit
1209,evt_00012763,2026-04-20,email_open
1209,evt_00012756,2026-04-29,email_click
1209,evt_00012764,2026-05-12,email_open
1209,evt_00012765,2026-05-18,website_visit
1209,evt_00012766,2026-05-19,email_open
1209,evt_00012757,2026-05-31,form_fill
1209,evt_00012767,2026-06-11,website_visit
1209,evt_00012759,2026-07-07,website_visit
1209,evt_00012761,2026-07-11,email_open
1209,evt_00012760,2026-07-14,email_open
1210,evt_00012773,2026-02-20,demo_request
1210,evt_00012768,2026-03-27,demo_request
1210,evt_00012770,2026-05-30,email_open
1210,evt_00012769,2026-07-11,email_open
1210,evt_00012772,2026-07-23,email_open
1210,evt_00012771,2026-08-02,form_fill
1211,evt_00012786,2026-04-10,form_fill
1211,evt_00012785,2026-04-25,email_click
1211,evt_00012782,2026-04-28,email_open
1211,evt_00012784,2026-05-16,email_open
1211,evt_00012780,2026-05-22,email_open
1211,evt_00012774,2026-05-26,email_open
1211,evt_00012778,2026-05-27,email_open
1211,evt_00012775,2026-06-02,email_open
1211,evt_00012776,2026-06-11,email_click
1211,evt_00012783,2026-06-12,email_open
1211,evt_00012781,2026-06-30,email_click
1211,evt_00012777,2026-07-09,form_fill
1211,evt_00012779,2026-07-30,email_open
1212,evt_00012788,2026-06-21,website_visit
1212,evt_00012790,2026-06-21,email_open
1212,evt_00012791,2026-07-04,email_open
1212,evt_00012793,2026-07-20,website_visit
1212,evt_00012789,2026-07-22,email_open
1212,evt_00012794,2026-07-24,email_click
1212,evt_00012792,2026-07-28,website_visit
1212,evt_00012787,2026-08-01,email_click
1213,evt_00012816,2026-02-22,email_open
1213,evt_00012814,2026-03-03,email_open
1213,evt_00012796,2026-03-06,email_click
1213,evt_00012802,2026-03-17,email_open
1213,evt_00012800,2026-03-28,email_click
1213,evt_00012803,2026-04-07,email_open
1213,evt_00012805,2026-04-23,website_visit
1213,evt_00012804,2026-05-10,email_click
1213,evt_00012812,2026-05-11,form_fill
1213,evt_00012797,2026-05-12,email_click
1213,evt_00012817,2026-05-14,email_open
1213,evt_00012798,2026-05-15,website_visit
1213,evt_00012808,2026-05-25,website_visit
1213,evt_00012813,2026-06-03,email_open
1213,evt_00012818,2026-06-06,email_open
1213,evt_00012809,2026-06-09,website_visit
1213,evt_00012815,2026-06-12,email_click
1213,evt_00012807,2026-07-08,website_visit
1213,evt_00012810,2026-07-10,website_visit
1213,evt_00012811,2026-07-10,form_fill
1213,evt_00012806,2026-07-15,website_visit
1213,evt_00012801,2026-07-27,email_open
1213,evt_00012795,2026-07-28,website_visit
1213,evt_00012799,2026-08-02,email_open
1214,evt_00012821,2026-07-24,email_open
1214,evt_00012826,2026-07-24,email_open
1214,evt_00012819,2026-07-25,email_open
1214,evt_00012827,2026-07-30,website_visit
1214,evt_00012822,2026-07-31,email_open
1214,evt_00012824,2026-08-01,website_visit
1214,evt_00012823,2026-08-04,email_open
1214,evt_00012828,2026-08-06,website_visit
1214,evt_00012825,2026-08-07,email_open
1214,evt_00012820,2026-08-08,email_open
1215,evt_00012829,2026-05-05,website_visit
1215,evt_00012830,2026-06-30,email_open
1215,evt_00012831,2026-07-13,website_visit
1216,evt_00012832,2026-07-25,email_open
1216,evt_00012833,2026-07-26,email_click
1216,evt_00012834,2026-07-27,website_visit
1216,evt_00012836,2026-07-30,website_visit
1216,evt_00012835,2026-08-02,email_open
1217,evt_00012839,2026-06-16,website_visit
1217,evt_00012838,2026-07-04,website_visit
1217,evt_00012840,2026-07-11,email_open
1217,evt_00012837,2026-07-19,website_visit
1218,evt_00012843,2026-07-07,email_open
1218,evt_00012841,2026-07-11,website_visit
1218,evt_00012842,2026-07-18,email_open
1219,evt_00012847,2026-06-30,demo_request
1219,evt_00012848,2026-06-30,email_open
1219,evt_00012851,2026-06-30,demo_request
1219,evt_00012860,2026-06-30,email_open
1219,evt_00012868,2026-06-30,email_open
1219,evt_00012861,2026-07-01,email_open
1219,evt_00012854,2026-07-02,email_click
1219,evt_00012870,2026-07-02,email_open
1219,evt_00012862,2026-07-04,email_click
1219,evt_00012865,2026-07-04,email_open
1219,evt_00012852,2026-07-07,email_click
1219,evt_00012853,2026-07-14,email_open
1219,evt_00012863,2026-07-17,email_open
1219,evt_00012866,2026-07-17,email_open
1219,evt_00012855,2026-07-18,website_visit
1219,evt_00012849,2026-07-19,email_click
1219,evt_00012850,2026-07-19,email_open
1219,evt_00012856,2026-07-21,email_open
1219,evt_00012846,2026-07-23,email_open
1219,evt_00012864,2026-08-01,email_open
1219,evt_00012867,2026-08-02,email_open
1219,evt_00012844,2026-08-05,email_open
1219,evt_00012857,2026-08-06,email_open
1219,evt_00012858,2026-08-06,email_open
1219,evt_00012845,2026-08-07,email_open
1219,evt_00012859,2026-08-08,email_click
1219,evt_00012869,2026-08-08,email_open
1220,evt_00012879,2026-06-13,email_click
1220,evt_00012872,2026-06-15,email_click
1220,evt_00012875,2026-06-21,website_visit
1220,evt_00012871,2026-06-30,website_visit
1220,evt_00012878,2026-07-04,demo_request
1220,evt_00012874,2026-07-05,email_open
1220,evt_00012876,2026-07-11,email_open
1220,evt_00012877,2026-07-12,form_fill
1220,evt_00012873,2026-07-15,email_open
1221,evt_00012882,2026-05-13,website_visit
1221,evt_00012884,2026-05-28,email_open
1221,evt_00012880,2026-06-29,email_click
1221,evt_00012883,2026-07-11,email_click
1221,evt_00012881,2026-07-24,form_fill
1222,evt_00012887,2026-03-21,email_open
1222,evt_00012894,2026-04-25,form_fill
1222,evt_00012890,2026-05-05,email_click
1222,evt_00012886,2026-05-06,email_open
1222,evt_00012895,2026-05-13,website_visit
1222,evt_00012891,2026-06-10,website_visit
1222,evt_00012889,2026-06-16,website_visit
1222,evt_00012893,2026-06-22,form_fill
1222,evt_00012888,2026-06-29,form_fill
1222,evt_00012892,2026-07-01,email_open
1222,evt_00012885,2026-07-04,email_open
1223,evt_00012897,2026-05-31,email_open
1223,evt_00012903,2026-06-01,email_click
1223,evt_00012896,2026-06-18,email_click
1223,evt_00012900,2026-06-24,email_open
1223,evt_00012904,2026-07-01,email_open
1223,evt_00012901,2026-07-05,demo_request
1223,evt_00012905,2026-07-08,email_open
1223,evt_00012902,2026-07-09,email_open
1223,evt_00012899,2026-07-23,email_open
1223,evt_00012898,2026-08-07,email_open
1224,evt_00012914,2026-04-12,email_click
1224,evt_00012920,2026-04-14,website_visit
1224,evt_00012909,2026-05-07,email_click
1224,evt_00012918,2026-05-13,website_visit
1224,evt_00012912,2026-05-14,email_open
1224,evt_00012907,2026-05-15,email_open
1224,evt_00012911,2026-05-20,form_fill
1224,evt_00012913,2026-05-27,email_click
1224,evt_00012908,2026-05-28,email_open
1224,evt_00012906,2026-06-02,email_click
1224,evt_00012917,2026-06-16,email_click
1224,evt_00012919,2026-07-12,email_open
1224,evt_00012910,2026-07-24,website_visit
1224,evt_00012915,2026-08-01,email_open
1224,evt_00012916,2026-08-05,email_open
1225,evt_00012921,2026-07-24,email_open
1225,evt_00012924,2026-07-24,email_open
1225,evt_00012925,2026-07-26,email_open
1225,evt_00012926,2026-07-28,form_fill
1225,evt_00012929,2026-07-30,email_open
1225,evt_00012927,2026-08-02,email_click
1225,evt_00012928,2026-08-03,email_open
1225,evt_00012922,2026-08-04,email_open
1225,evt_00012923,2026-08-06,email_open
1226,evt_00012944,2026-04-21,email_open
1226,evt_00012940,2026-04-29,website_visit
1226,evt_00012938,2026-05-05,website_visit
1226,evt_00012932,2026-05-06,email_open
1226,evt_00012931,2026-05-23,email_open
1226,evt_00012934,2026-05-27,email_open
1226,evt_00012942,2026-06-03,website_visit
1226,evt_00012936,2026-06-07,website_visit
1226,evt_00012943,2026-06-07,email_open
1226,evt_00012939,2026-06-11,email_open
1226,evt_00012933,2026-06-28,website_visit
1226,evt_00012930,2026-07-06,website_visit
1226,evt_00012937,2026-07-07,form_fill
1226,evt_00012941,2026-07-21,email_click
1226,evt_00012935,2026-08-06,email_open
1227,evt_00012945,2026-05-28,email_click
1227,evt_00012946,2026-07-21,form_fill
1228,evt_00012949,2026-08-05,website_visit
1228,evt_00012955,2026-08-05,email_open
1228,evt_00012948,2026-08-06,email_open
1228,evt_00012950,2026-08-06,email_open
1228,evt_00012952,2026-08-06,website_visit
1228,evt_00012953,2026-08-06,email_open
1228,evt_00012947,2026-08-07,email_open
1228,evt_00012951,2026-08-07,website_visit
1228,evt_00012954,2026-08-07,email_open
1228,evt_00012956,2026-08-07,email_click
1228,evt_00012957,2026-08-07,email_open
1228,evt_00012958,2026-08-07,email_open
1228,evt_00012959,2026-08-08,form_fill
1229,evt_00012964,2026-07-19,email_click
1229,evt_00012965,2026-07-21,email_open
1229,evt_00012962,2026-07-27,email_click
1229,evt_00012961,2026-07-30,website_visit
1229,evt_00012966,2026-08-02,email_open
1229,evt_00012960,2026-08-06,email_click
1229,evt_00012963,2026-08-07,website_visit
1230,evt_00012969,2026-06-07,email_open
1230,evt_00012968,2026-06-18,email_open
1230,evt_00012967,2026-07-27,email_click
1230,evt_00012970,2026-08-05,email_click
1231,evt_00012975,2026-06-19,email_open
1231,evt_00012976,2026-06-24,website_visit
1231,evt_00012974,2026-07-01,email_click
1231,evt_00012979,2026-07-01,email_open
1231,evt_00012978,2026-07-09,form_fill
1231,evt_00012972,2026-07-11,form_fill
1231,evt_00012973,2026-07-13,email_open
1231,evt_00012977,2026-07-24,form_fill
1231,evt_00012971,2026-08-02,email_open
1232,evt_00012990,2026-06-03,website_visit
1232,evt_00012988,2026-06-15,email_click
1232,evt_00012989,2026-06-16,email_click
1232,evt_00012987,2026-06-27,email_open
1232,evt_00012984,2026-06-28,form_fill
1232,evt_00012991,2026-06-28,form_fill
1232,evt_00012982,2026-07-07,demo_request
1232,evt_00012986,2026-07-08,email_click
1232,evt_00012981,2026-07-14,email_click
1232,evt_00012983,2026-07-20,form_fill
1232,evt_00012980,2026-07-23,email_click
1232,evt_00012985,2026-07-30,email_open
1233,evt_00012992,2026-06-29,email_open
1233,evt_00012993,2026-07-05,website_visit
1234,evt_00012998,2026-04-07,website_visit
1234,evt_00013002,2026-04-10,website_visit
1234,evt_00013010,2026-04-17,email_click
1234,evt_00013004,2026-04-19,email_click
1234,evt_00013007,2026-04-26,website_visit
1234,evt_00013003,2026-05-06,website_visit
1234,evt_00013011,2026-05-08,email_open
1234,evt_00013013,2026-05-10,email_open
1234,evt_00013012,2026-05-19,email_click
1234,evt_00012995,2026-05-20,email_open
1234,evt_00013006,2026-05-28,email_click
1234,evt_00013015,2026-05-30,email_open
1234,evt_00012996,2026-06-04,website_visit
1234,evt_00013009,2026-06-16,website_visit
1234,evt_00013001,2026-06-19,email_open
1234,evt_00013014,2026-06-30,email_open
1234,evt_00013008,2026-07-17,email_open
1234,evt_00013005,2026-07-19,email_click
1234,evt_00012994,2026-07-25,website_visit
1234,evt_00012997,2026-08-01,website_visit
1234,evt_00012999,2026-08-04,email_open
1234,evt_00013000,2026-08-08,email_click
1235,evt_00013020,2026-06-08,email_open
1235,evt_00013018,2026-06-10,email_open
1235,evt_00013019,2026-06-13,website_visit
1235,evt_00013017,2026-07-24,email_click
1235,evt_00013016,2026-08-02,form_fill
1236,evt_00013037,2026-05-04,email_open
1236,evt_00013052,2026-05-08,email_open
1236,evt_00013025,2026-05-09,email_open
1236,evt_00013027,2026-05-14,form_fill
1236,evt_00013023,2026-05-17,email_open
1236,evt_00013030,2026-05-18,website_visit
1236,evt_00013048,2026-05-24,email_click
1236,evt_00013042,2026-05-28,email_open
1236,evt_00013049,2026-05-29,email_open
1236,evt_00013032,2026-05-31,email_open
1236,evt_00013051,2026-05-31,email_open
1236,evt_00013031,2026-06-03,email_click
1236,evt_00013035,2026-06-05,website_visit
1236,evt_00013036,2026-06-05,demo_request
1236,evt_00013047,2026-06-10,email_open
1236,evt_00013022,2026-06-13,email_open
1236,evt_00013026,2026-06-17,website_visit
1236,evt_00013033,2026-06-17,website_visit
1236,evt_00013029,2026-06-19,website_visit
1236,evt_00013046,2026-06-19,email_open
1236,evt_00013038,2026-06-21,email_open
1236,evt_00013041,2026-06-29,email_click
1236,evt_00013021,2026-06-30,form_fill
1236,evt_00013028,2026-07-06,form_fill
1236,evt_00013034,2026-07-16,email_click
1236,evt_00013040,2026-07-17,email_open
1236,evt_00013043,2026-07-25,website_visit
1236,evt_00013024,2026-07-26,email_open
1236,evt_00013050,2026-07-27,demo_request
1236,evt_00013044,2026-08-03,email_open
1236,evt_00013039,2026-08-04,email_click
1236,evt_00013045,2026-08-04,email_open
1237,evt_00013055,2026-07-20,email_open
1237,evt_00013056,2026-07-22,email_click
1237,evt_00013053,2026-07-23,email_open
1237,evt_00013054,2026-07-25,email_click
1237,evt_00013057,2026-07-25,email_open
1237,evt_00013058,2026-07-30,website_visit
1237,evt_00013059,2026-08-07,email_open
1238,evt_00013061,2026-04-08,email_open
1238,evt_00013060,2026-04-16,email_open
1239,evt_00013082,2026-02-19,website_visit
1239,evt_00013065,2026-02-26,email_click
1239,evt_00013062,2026-02-27,email_open
1239,evt_00013075,2026-03-01,email_open
1239,evt_00013083,2026-03-04,email_open
1239,evt_00013063,2026-03-11,email_open
1239,evt_00013069,2026-03-13,email_click
1239,evt_00013066,2026-03-26,form_fill
1239,evt_00013072,2026-03-31,email_click
1239,evt_00013073,2026-04-11,website_visit
1239,evt_00013077,2026-04-29,email_open
1239,evt_00013071,2026-05-01,email_click
1239,evt_00013067,2026-05-02,email_click
1239,evt_00013064,2026-05-10,email_open
1239,evt_00013074,2026-06-16,website_visit
1239,evt_00013079,2026-06-16,email_open
1239,evt_00013068,2026-06-26,email_open
1239,evt_00013076,2026-07-11,email_click
1239,evt_00013080,2026-07-11,email_open
1239,evt_00013081,2026-07-14,email_open
1239,evt_00013070,2026-07-16,email_open
1239,evt_00013078,2026-07-16,email_open
1240,evt_00013085,2026-05-18,email_click
1240,evt_00013086,2026-06-07,email_open
1240,evt_00013084,2026-06-27,email_click
1240,evt_00013087,2026-07-03,email_open
1242,evt_00013100,2026-07-18,email_open
1242,evt_00013088,2026-07-20,form_fill
1242,evt_00013093,2026-07-21,email_open
1242,evt_00013098,2026-07-22,email_click
1242,evt_00013101,2026-07-22,email_click
1242,evt_00013102,2026-07-23,website_visit
1242,evt_00013097,2026-07-25,email_open
1242,evt_00013099,2026-07-27,email_open
1242,evt_00013089,2026-07-28,email_open
1242,evt_00013091,2026-07-28,email_open
1242,evt_00013090,2026-07-29,form_fill
1242,evt_00013095,2026-07-29,email_open
1242,evt_00013092,2026-07-30,website_visit
1242,evt_00013094,2026-08-02,email_open
1242,evt_00013096,2026-08-03,email_open
1243,evt_00013104,2026-05-30,email_open
1243,evt_00013108,2026-05-30,email_click
1243,evt_00013103,2026-06-03,website_visit
1243,evt_00013105,2026-06-21,email_click
1243,evt_00013107,2026-06-22,email_click
1243,evt_00013110,2026-06-29,form_fill
1243,evt_00013109,2026-07-25,email_open
1243,evt_00013106,2026-08-03,email_open
1244,evt_00013113,2026-05-16,website_visit
1244,evt_00013114,2026-05-24,email_open
1244,evt_00013115,2026-06-09,website_visit
1244,evt_00013116,2026-06-11,website_visit
1244,evt_00013111,2026-07-07,email_open
1244,evt_00013117,2026-07-07,email_open
1244,evt_00013112,2026-08-01,email_click
1245,evt_00013120,2026-06-05,website_visit
1245,evt_00013119,2026-06-08,email_click
1245,evt_00013121,2026-06-15,email_open
1245,evt_00013118,2026-07-05,email_click
1246,evt_00013123,2026-07-15,email_click
1246,evt_00013126,2026-07-15,website_visit
1246,evt_00013125,2026-07-17,email_open
1246,evt_00013124,2026-07-29,email_open
1246,evt_00013122,2026-08-02,email_click
1247,evt_00013127,2026-06-22,form_fill
1247,evt_00013130,2026-06-28,website_visit
1247,evt_00013129,2026-07-18,demo_request
1247,evt_00013128,2026-07-29,email_click
1247,evt_00013131,2026-08-08,website_visit
1248,evt_00013134,2026-04-16,email_open
1248,evt_00013133,2026-05-04,email_click
1248,evt_00013132,2026-06-28,email_click
1249,evt_00013153,2026-05-30,email_open
1249,evt_00013156,2026-06-02,email_open
1249,evt_00013145,2026-06-07,website_visit
1249,evt_00013150,2026-06-08,email_open
1249,evt_00013147,2026-06-16,email_open
1249,evt_00013144,2026-06-30,website_visit
1249,evt_00013154,2026-07-04,email_open
1249,evt_00013136,2026-07-05,email_open
1249,evt_00013139,2026-07-06,email_open
1249,evt_00013141,2026-07-10,email_click
1249,evt_00013148,2026-07-12,website_visit
1249,evt_00013152,2026-07-17,form_fill
1249,evt_00013142,2026-07-18,email_open
1249,evt_00013143,2026-07-19,email_open
1249,evt_00013146,2026-07-26,email_open
1249,evt_00013137,2026-07-27,email_open
1249,evt_00013140,2026-07-27,email_open
1249,evt_00013149,2026-07-27,email_open
1249,evt_00013151,2026-07-28,email_open
1249,evt_00013138,2026-07-31,email_open
1249,evt_00013155,2026-08-06,email_open
1249,evt_00013135,2026-08-08,email_click
1250,evt_00013158,2026-06-29,email_open
1250,evt_00013157,2026-07-01,email_open
1251,evt_00013161,2026-05-30,email_open
1251,evt_00013168,2026-05-30,form_fill
1251,evt_00013163,2026-06-04,email_click
1251,evt_00013159,2026-06-10,email_open
1251,evt_00013160,2026-06-15,email_open
1251,evt_00013164,2026-06-22,email_open
1251,evt_00013162,2026-07-02,website_visit
1251,evt_00013166,2026-07-03,email_click
1251,evt_00013169,2026-07-26,email_open
1251,evt_00013165,2026-08-02,website_visit
1251,evt_00013167,2026-08-06,email_open
1252,evt_00013176,2026-06-22,website_visit
1252,evt_00013171,2026-07-04,email_click
1252,evt_00013173,2026-07-04,demo_request
1252,evt_00013175,2026-07-13,email_open
1252,evt_00013177,2026-07-14,email_click
1252,evt_00013170,2026-07-20,email_click
1252,evt_00013172,2026-07-24,email_click
1252,evt_00013174,2026-07-27,email_open
1252,evt_00013178,2026-08-04,website_visit
1254,evt_00013180,2026-07-24,email_open
1254,evt_00013179,2026-07-27,email_open
1254,evt_00013181,2026-08-08,email_open
1255,evt_00013183,2026-05-23,website_visit
1255,evt_00013187,2026-06-05,demo_request
1255,evt_00013188,2026-06-12,email_open
1255,evt_00013189,2026-06-20,website_visit
1255,evt_00013184,2026-07-07,email_open
1255,evt_00013186,2026-07-12,email_click
1255,evt_00013185,2026-07-13,email_open
1255,evt_00013182,2026-08-07,website_visit
1256,evt_00013215,2026-04-13,email_open
1256,evt_00013206,2026-04-16,email_open
1256,evt_00013212,2026-04-26,website_visit
1256,evt_00013214,2026-05-07,email_open
1256,evt_00013191,2026-05-08,website_visit
1256,evt_00013217,2026-05-09,email_open
1256,evt_00013207,2026-05-10,email_open
1256,evt_00013209,2026-05-10,email_open
1256,evt_00013197,2026-05-12,email_click
1256,evt_00013202,2026-05-13,demo_request
1256,evt_00013198,2026-05-14,email_open
1256,evt_00013218,2026-05-24,email_open
1256,evt_00013190,2026-05-29,email_click
1256,evt_00013199,2026-06-03,email_open
1256,evt_00013200,2026-06-03,form_fill
1256,evt_00013222,2026-06-08,email_click
1256,evt_00013195,2026-06-14,form_fill
1256,evt_00013205,2026-06-14,email_open
1256,evt_00013219,2026-06-14,email_open
1256,evt_00013221,2026-06-21,email_open
1256,evt_00013201,2026-06-24,email_open
1256,evt_00013216,2026-06-29,email_open
1256,evt_00013193,2026-06-30,email_click
1256,evt_00013203,2026-07-01,email_open
1256,evt_00013208,2026-07-01,website_visit
1256,evt_00013196,2026-07-02,form_fill
1256,evt_00013204,2026-07-14,website_visit
1256,evt_00013192,2026-07-15,email_open
1256,evt_00013220,2026-07-20,email_open
1256,evt_00013210,2026-08-02,form_fill
1256,evt_00013213,2026-08-02,website_visit
1256,evt_00013194,2026-08-08,email_open
1256,evt_00013211,2026-08-08,website_visit
1257,evt_00013225,2026-04-23,email_open
1257,evt_00013224,2026-05-09,form_fill
1257,evt_00013227,2026-05-14,email_open
1257,evt_00013226,2026-05-24,demo_request
1257,evt_00013223,2026-07-26,email_open
1258,evt_00013229,2026-06-20,email_open
1258,evt_00013228,2026-06-23,email_open
1259,evt_00013232,2026-06-04,website_visit
1259,evt_00013233,2026-06-07,email_open
1259,evt_00013230,2026-06-09,email_click
1259,evt_00013231,2026-06-14,website_visit
1259,evt_00013235,2026-07-22,email_open
1259,evt_00013234,2026-07-31,website_visit
1260,evt_00013240,2026-03-19,website_visit
1260,evt_00013236,2026-04-11,email_open
1260,evt_00013239,2026-05-27,website_visit
1260,evt_00013241,2026-06-04,email_open
1260,evt_00013237,2026-06-18,email_open
1260,evt_00013238,2026-07-09,email_open
1261,evt_00013245,2026-08-06,form_fill
1261,evt_00013248,2026-08-06,email_open
1261,evt_00013249,2026-08-06,email_open
1261,evt_00013243,2026-08-07,website_visit
1261,evt_00013246,2026-08-07,email_click
1261,evt_00013242,2026-08-08,email_open
1261,evt_00013244,2026-08-08,website_visit
1261,evt_00013247,2026-08-08,email_click
1262,evt_00013254,2026-06-10,website_visit
1262,evt_00013250,2026-06-23,email_click
1262,evt_00013253,2026-06-25,email_click
1262,evt_00013252,2026-06-30,website_visit
1262,evt_00013251,2026-07-24,email_open
1263,evt_00013275,2026-03-08,website_visit
1263,evt_00013283,2026-04-03,email_click
1263,evt_00013276,2026-04-04,email_open
1263,evt_00013255,2026-04-05,email_open
1263,evt_00013258,2026-04-14,email_open
1263,evt_00013266,2026-04-18,email_open
1263,evt_00013263,2026-04-30,email_open
1263,evt_00013277,2026-05-01,website_visit
1263,evt_00013267,2026-05-05,website_visit
1263,evt_00013273,2026-05-07,email_click
1263,evt_00013257,2026-05-12,website_visit
1263,evt_00013262,2026-05-20,website_visit
1263,evt_00013281,2026-05-24,email_click
1263,evt_00013259,2026-05-25,email_click
1263,evt_00013265,2026-05-26,email_open
1263,evt_00013264,2026-05-27,email_open
1263,evt_00013279,2026-05-28,email_open
1263,evt_00013260,2026-06-09,email_click
1263,evt_00013272,2026-06-15,email_open
1263,evt_00013282,2026-06-17,email_open
1263,evt_00013271,2026-06-26,email_open
1263,evt_00013280,2026-07-10,email_open
1263,evt_00013274,2026-07-24,email_click
1263,evt_00013278,2026-07-26,website_visit
1263,evt_00013270,2026-08-03,email_open
1263,evt_00013256,2026-08-04,email_open
1263,evt_00013261,2026-08-06,email_open
1263,evt_00013268,2026-08-06,email_open
1263,evt_00013269,2026-08-08,email_open
1264,evt_00013292,2026-03-10,email_open
1264,evt_00013284,2026-03-11,email_open
1264,evt_00013294,2026-03-23,email_open
1264,evt_00013290,2026-04-04,website_visit
1264,evt_00013285,2026-04-05,email_click
1264,evt_00013286,2026-04-28,form_fill
1264,evt_00013291,2026-05-22,website_visit
1264,evt_00013289,2026-06-18,email_open
1264,evt_00013288,2026-06-20,email_open
1264,evt_00013287,2026-07-13,email_click
1264,evt_00013293,2026-07-13,website_visit
1264,evt_00013295,2026-08-03,email_open
1265,evt_00013302,2026-07-29,website_visit
1265,evt_00013296,2026-07-30,email_open
1265,evt_00013298,2026-08-01,email_click
1265,evt_00013300,2026-08-05,form_fill
1265,evt_00013301,2026-08-06,email_open
1265,evt_00013303,2026-08-06,website_visit
1265,evt_00013297,2026-08-08,email_open
1265,evt_00013299,2026-08-08,email_open
1266,evt_00013309,2026-06-06,form_fill
1266,evt_00013308,2026-06-08,email_open
1266,evt_00013306,2026-06-14,email_open
1266,evt_00013307,2026-07-10,email_open
1266,evt_00013305,2026-07-17,email_open
1266,evt_00013304,2026-07-26,website_visit
1267,evt_00013313,2026-05-16,email_click
1267,evt_00013316,2026-05-25,website_visit
1267,evt_00013314,2026-06-12,email_open
1267,evt_00013315,2026-06-18,email_open
1267,evt_00013320,2026-06-21,email_open
1267,evt_00013312,2026-06-22,website_visit
1267,evt_00013310,2026-06-24,website_visit
1267,evt_00013317,2026-06-28,email_open
1267,evt_00013319,2026-07-03,email_open
1267,evt_00013311,2026-07-29,website_visit
1267,evt_00013318,2026-07-30,email_open
1267,evt_00013321,2026-08-03,email_open
1268,evt_00013322,2026-06-24,website_visit
1268,evt_00013323,2026-06-25,email_click
1269,evt_00013326,2026-03-04,demo_request
1269,evt_00013325,2026-05-21,email_open
1269,evt_00013324,2026-06-21,website_visit
1270,evt_00013327,2026-06-01,email_open
1270,evt_00013328,2026-07-10,website_visit
1271,evt_00013332,2026-06-15,email_open
1271,evt_00013329,2026-06-21,email_click
1271,evt_00013330,2026-06-22,email_open
1271,evt_00013333,2026-06-29,email_open
1271,evt_00013331,2026-07-29,form_fill
1272,evt_00013334,2026-07-10,demo_request
1272,evt_00013339,2026-07-10,website_visit
1272,evt_00013338,2026-07-11,website_visit
1272,evt_00013337,2026-07-20,email_open
1272,evt_00013335,2026-08-01,email_click
1272,evt_00013336,2026-08-08,form_fill
1272,evt_00013340,2026-08-08,email_open
1273,evt_00013343,2026-03-28,email_open
1273,evt_00013342,2026-05-12,email_open
1273,evt_00013341,2026-06-23,email_open
1273,evt_00013344,2026-08-06,email_open
1274,evt_00013354,2026-04-17,website_visit
1274,evt_00013353,2026-05-03,form_fill
1274,evt_00013345,2026-05-23,email_open
1274,evt_00013356,2026-05-24,email_open
1274,evt_00013348,2026-05-28,email_open
1274,evt_00013358,2026-06-06,website_visit
1274,evt_00013351,2026-06-10,form_fill
1274,evt_00013347,2026-06-13,website_visit
1274,evt_00013346,2026-06-14,website_visit
1274,evt_00013359,2026-06-20,form_fill
1274,evt_00013355,2026-06-27,email_open
1274,evt_00013350,2026-07-10,email_open
1274,evt_00013349,2026-07-26,email_open
1274,evt_00013352,2026-07-31,email_open
1274,evt_00013360,2026-08-01,email_click
1274,evt_00013357,2026-08-02,email_open
1275,evt_00013362,2026-07-23,email_open
1275,evt_00013361,2026-07-24,email_click
1275,evt_00013370,2026-07-24,demo_request
1275,evt_00013374,2026-07-25,email_open
1275,evt_00013375,2026-07-25,email_open
1275,evt_00013376,2026-07-25,email_open
1275,evt_00013364,2026-07-26,email_open
1275,evt_00013363,2026-07-27,email_open
1275,evt_00013369,2026-07-29,website_visit
1275,evt_00013371,2026-07-29,email_open
1275,evt_00013368,2026-07-30,website_visit
1275,evt_00013378,2026-08-01,email_open
1275,evt_00013365,2026-08-02,form_fill
1275,evt_00013366,2026-08-03,email_open
1275,evt_00013372,2026-08-04,form_fill
1275,evt_00013373,2026-08-04,website_visit
1275,evt_00013367,2026-08-07,email_click
1275,evt_00013377,2026-08-08,email_open
1276,evt_00013383,2026-03-09,email_click
1276,evt_00013380,2026-03-14,website_visit
1276,evt_00013385,2026-04-15,form_fill
1276,evt_00013382,2026-05-10,email_open
1276,evt_00013381,2026-05-24,website_visit
1276,evt_00013379,2026-06-28,email_open
1276,evt_00013384,2026-07-14,website_visit
1277,evt_00013386,2026-07-03,website_visit
1277,evt_00013387,2026-07-15,website_visit
1278,evt_00013389,2026-06-27,website_visit
1278,evt_00013393,2026-06-28,website_visit
1278,evt_00013388,2026-07-06,website_visit
1278,evt_00013390,2026-07-08,email_open
1278,evt_00013394,2026-07-11,website_visit
1278,evt_00013391,2026-07-14,email_click
1278,evt_00013396,2026-07-19,website_visit
1278,evt_00013397,2026-07-29,email_click
1278,evt_00013395,2026-07-30,form_fill
1278,evt_00013392,2026-08-06,website_visit
1279,evt_00013399,2026-06-26,form_fill
1279,evt_00013398,2026-07-05,form_fill
1279,evt_00013400,2026-07-20,form_fill
1279,evt_00013402,2026-08-02,website_visit
1279,evt_00013401,2026-08-05,website_visit
1280,evt_00013403,2026-04-24,email_open
1280,evt_00013406,2026-06-03,website_visit
1280,evt_00013405,2026-06-24,website_visit
1280,evt_00013404,2026-07-16,email_open
1281,evt_00013411,2026-02-24,email_click
1281,evt_00013410,2026-03-21,email_open
1281,evt_00013412,2026-03-24,email_open
1281,evt_00013414,2026-03-31,form_fill
1281,evt_00013408,2026-04-04,website_visit
1281,evt_00013413,2026-04-11,website_visit
1281,evt_00013409,2026-05-28,email_open
1281,evt_00013407,2026-06-07,email_open
1281,evt_00013415,2026-06-28,email_open
1282,evt_00013416,2026-06-10,email_open
1282,evt_00013418,2026-06-19,email_click
1282,evt_00013421,2026-06-21,email_click
1282,evt_00013417,2026-07-17,website_visit
1282,evt_00013420,2026-07-20,email_open
1282,evt_00013419,2026-08-06,website_visit
1283,evt_00013429,2026-04-10,email_open
1283,evt_00013427,2026-04-13,email_open
1283,evt_00013433,2026-04-17,email_open
1283,evt_00013431,2026-04-18,email_click
1283,evt_00013434,2026-04-23,form_fill
1283,evt_00013425,2026-04-27,email_click
1283,evt_00013428,2026-05-10,email_open
1283,evt_00013430,2026-05-13,website_visit
1283,evt_00013423,2026-05-25,form_fill
1283,evt_00013432,2026-05-26,email_open
1283,evt_00013424,2026-05-30,email_open
1283,evt_00013422,2026-06-07,email_open
1283,evt_00013426,2026-06-26,email_open
1284,evt_00013436,2026-07-21,email_open
1284,evt_00013437,2026-07-25,email_click
1284,evt_00013435,2026-07-28,email_open
1285,evt_00013441,2026-06-23,email_open
1285,evt_00013442,2026-07-19,email_click
1285,evt_00013438,2026-07-26,form_fill
1285,evt_00013443,2026-07-28,email_open
1285,evt_00013439,2026-08-02,email_open
1285,evt_00013440,2026-08-07,email_open
1286,evt_00013445,2026-07-15,form_fill
1286,evt_00013449,2026-07-22,email_open
1286,evt_00013454,2026-07-22,email_open
1286,evt_00013453,2026-07-24,email_open
1286,evt_00013455,2026-07-24,email_open
1286,evt_00013450,2026-07-25,email_open
1286,evt_00013446,2026-07-26,email_open
1286,evt_00013448,2026-07-26,website_visit
1286,evt_00013456,2026-07-28,email_open
1286,evt_00013451,2026-07-29,email_open
1286,evt_00013444,2026-08-03,email_click
1286,evt_00013452,2026-08-05,email_open
1286,evt_00013447,2026-08-06,website_visit
1287,evt_00013461,2026-04-05,website_visit
1287,evt_00013458,2026-04-14,email_click
1287,evt_00013460,2026-06-19,website_visit
1287,evt_00013457,2026-06-26,website_visit
1287,evt_00013462,2026-07-06,email_open
1287,evt_00013459,2026-07-24,website_visit
1288,evt_00013469,2026-08-02,website_visit
1288,evt_00013464,2026-08-03,website_visit
1288,evt_00013465,2026-08-04,form_fill
1288,evt_00013463,2026-08-05,email_open
1288,evt_00013466,2026-08-05,website_visit
1288,evt_00013467,2026-08-05,form_fill
1288,evt_00013468,2026-08-07,email_open
1289,evt_00013472,2026-03-04,form_fill
1289,evt_00013471,2026-03-14,website_visit
1289,evt_00013473,2026-03-15,email_open
1289,evt_00013470,2026-03-30,form_fill
1289,evt_00013476,2026-05-04,email_click
1289,evt_00013475,2026-06-20,email_open
1289,evt_00013478,2026-07-11,email_open
1289,evt_00013474,2026-07-26,email_click
1289,evt_00013477,2026-07-30,website_visit
1290,evt_00013484,2026-05-15,email_open
1290,evt_00013480,2026-06-12,email_open
1290,evt_00013482,2026-06-21,website_visit
1290,evt_00013481,2026-07-16,email_open
1290,evt_00013479,2026-07-22,email_open
1290,evt_00013483,2026-08-04,email_open
1291,evt_00013489,2026-06-16,website_visit
1291,evt_00013488,2026-06-21,email_click
1291,evt_00013485,2026-07-19,website_visit
1291,evt_00013486,2026-07-31,email_click
1291,evt_00013487,2026-08-02,website_visit
1292,evt_00013490,2026-04-29,website_visit
1292,evt_00013502,2026-05-09,email_open
1292,evt_00013501,2026-05-12,email_open
1292,evt_00013492,2026-06-03,email_click
1292,evt_00013491,2026-06-17,website_visit
1292,evt_00013494,2026-06-28,email_open
1292,evt_00013495,2026-06-28,email_open
1292,evt_00013499,2026-07-10,email_open
1292,evt_00013493,2026-07-16,email_open
1292,evt_00013500,2026-07-20,email_open
1292,evt_00013497,2026-07-30,website_visit
1292,evt_00013498,2026-08-02,email_open
1292,evt_00013496,2026-08-04,email_open
1293,evt_00013523,2026-03-31,email_click
1293,evt_00013505,2026-04-05,website_visit
1293,evt_00013520,2026-04-10,email_open
1293,evt_00013518,2026-04-16,website_visit
1293,evt_00013515,2026-05-05,website_visit
1293,evt_00013508,2026-05-08,email_click
1293,evt_00013511,2026-05-13,email_open
1293,evt_00013522,2026-05-22,website_visit
1293,evt_00013510,2026-05-24,website_visit
1293,evt_00013504,2026-05-28,email_open
1293,evt_00013514,2026-06-01,website_visit
1293,evt_00013519,2026-06-02,email_open
1293,evt_00013521,2026-06-18,email_click
1293,evt_00013506,2026-06-24,website_visit
1293,evt_00013509,2026-06-29,form_fill
1293,evt_00013516,2026-07-04,website_visit
1293,evt_00013503,2026-07-05,email_click
1293,evt_00013513,2026-07-16,email_open
1293,evt_00013507,2026-07-22,email_open
1293,evt_00013517,2026-07-25,email_open
1293,evt_00013512,2026-07-30,email_open
1294,evt_00013524,2026-07-03,email_open
1294,evt_00013526,2026-07-08,email_click
1294,evt_00013529,2026-07-08,website_visit
1294,evt_00013532,2026-07-10,email_open
1294,evt_00013528,2026-07-24,email_open
1294,evt_00013530,2026-07-27,website_visit
1294,evt_00013525,2026-07-28,website_visit
1294,evt_00013531,2026-07-30,website_visit
1294,evt_00013527,2026-08-08,email_open
1295,evt_00013534,2026-05-21,website_visit
1295,evt_00013536,2026-05-31,email_open
1295,evt_00013535,2026-06-11,email_click
1295,evt_00013533,2026-07-15,form_fill
1296,evt_00013554,2026-06-13,email_open
1296,evt_00013550,2026-06-20,website_visit
1296,evt_00013553,2026-06-23,email_click
1296,evt_00013539,2026-06-26,email_click
1296,evt_00013538,2026-06-27,email_click
1296,evt_00013540,2026-07-04,email_open
1296,evt_00013542,2026-07-05,email_click
1296,evt_00013546,2026-07-06,email_open
1296,evt_00013544,2026-07-11,website_visit
1296,evt_00013545,2026-07-16,website_visit
1296,evt_00013537,2026-07-22,email_open
1296,evt_00013547,2026-07-26,website_visit
1296,evt_00013543,2026-07-30,demo_request
1296,evt_00013552,2026-07-30,email_open
1296,evt_00013549,2026-08-01,website_visit
1296,evt_00013551,2026-08-03,website_visit
1296,evt_00013548,2026-08-04,email_click
1296,evt_00013541,2026-08-07,email_click
1297,evt_00013559,2026-07-24,email_open
1297,evt_00013563,2026-07-24,email_open
1297,evt_00013566,2026-07-25,email_click
1297,evt_00013555,2026-07-29,website_visit
1297,evt_00013557,2026-07-29,email_open
1297,evt_00013558,2026-07-30,website_visit
1297,evt_00013561,2026-07-31,website_visit
1297,evt_00013564,2026-08-03,website_visit
1297,evt_00013565,2026-08-06,website_visit
1297,evt_00013556,2026-08-07,website_visit
1297,evt_00013562,2026-08-07,email_open
1297,evt_00013560,2026-08-08,website_visit
1298,evt_00013567,2026-07-17,email_click
1298,evt_00013568,2026-07-22,email_open
1298,evt_00013570,2026-07-26,email_click
1298,evt_00013569,2026-08-04,website_visit
1299,evt_00013571,2026-07-05,email_open
1300,evt_00013573,2026-07-03,demo_request
1300,evt_00013579,2026-07-05,email_open
1300,evt_00013582,2026-07-05,email_open
1300,evt_00013576,2026-07-11,email_open
1300,evt_00013575,2026-07-13,website_visit
1300,evt_00013574,2026-07-16,email_open
1300,evt_00013572,2026-07-29,email_open
1300,evt_00013578,2026-08-01,website_visit
1300,evt_00013580,2026-08-01,email_click
1300,evt_00013581,2026-08-03,email_open
1300,evt_00013577,2026-08-08,email_open
1301,evt_00013585,2026-07-31,website_visit
1301,evt_00013583,2026-08-04,email_click
1301,evt_00013586,2026-08-05,form_fill
1301,evt_00013584,2026-08-06,email_open
1302,evt_00013589,2026-05-29,email_click
1302,evt_00013588,2026-07-07,email_open
1302,evt_00013587,2026-07-19,email_open
1303,evt_00013590,2026-07-05,email_click
1303,evt_00013599,2026-07-05,email_open
1303,evt_00013598,2026-07-09,website_visit
1303,evt_00013591,2026-07-17,email_open
1303,evt_00013592,2026-07-23,email_open
1303,evt_00013595,2026-07-24,form_fill
1303,evt_00013596,2026-07-24,email_open
1303,evt_00013597,2026-07-24,form_fill
1303,evt_00013600,2026-07-24,website_visit
1303,evt_00013593,2026-07-28,email_open
1303,evt_00013602,2026-07-28,email_open
1303,evt_00013594,2026-07-30,email_open
1303,evt_00013601,2026-07-31,email_open
1304,evt_00013608,2026-04-11,email_click
1304,evt_00013606,2026-04-21,email_open
1304,evt_00013605,2026-04-29,website_visit
1304,evt_00013603,2026-06-17,website_visit
1304,evt_00013609,2026-06-29,email_open
1304,evt_00013604,2026-08-03,email_open
1304,evt_00013607,2026-08-05,form_fill
1304,evt_00013610,2026-08-08,email_open
1305,evt_00013612,2026-05-02,website_visit
1305,evt_00013614,2026-05-19,email_click
1305,evt_00013611,2026-06-30,email_open
1305,evt_00013613,2026-08-06,email_open
1306,evt_00013634,2026-04-20,website_visit
1306,evt_00013620,2026-04-22,email_open
1306,evt_00013616,2026-04-24,email_click
1306,evt_00013618,2026-04-25,email_open
1306,evt_00013632,2026-04-30,website_visit
1306,evt_00013617,2026-05-03,website_visit
1306,evt_00013622,2026-05-18,demo_request
1306,evt_00013625,2026-05-23,website_visit
1306,evt_00013623,2026-05-25,email_open
1306,evt_00013631,2026-06-01,email_click
1306,evt_00013629,2026-06-02,email_click
1306,evt_00013615,2026-06-06,email_open
1306,evt_00013621,2026-06-07,email_open
1306,evt_00013619,2026-06-13,email_open
1306,evt_00013633,2026-06-13,email_click
1306,evt_00013630,2026-06-18,email_click
1306,evt_00013626,2026-07-03,email_open
1306,evt_00013624,2026-07-05,email_click
1306,evt_00013628,2026-07-07,email_open
1306,evt_00013627,2026-07-23,website_visit
1307,evt_00013648,2026-03-06,email_open
1307,evt_00013654,2026-03-20,email_open
1307,evt_00013640,2026-03-22,email_click
1307,evt_00013644,2026-04-02,email_open
1307,evt_00013650,2026-04-23,email_click
1307,evt_00013651,2026-04-24,website_visit
1307,evt_00013638,2026-04-25,email_open
1307,evt_00013645,2026-05-03,email_click
1307,evt_00013642,2026-05-09,email_open
1307,evt_00013643,2026-05-21,email_open
1307,evt_00013646,2026-05-25,form_fill
1307,evt_00013653,2026-05-25,email_open
1307,evt_00013652,2026-05-29,email_open
1307,evt_00013649,2026-06-03,website_visit
1307,evt_00013636,2026-06-23,email_open
1307,evt_00013641,2026-06-27,email_open
1307,evt_00013635,2026-07-04,email_open
1307,evt_00013639,2026-07-05,email_open
1307,evt_00013647,2026-07-08,website_visit
1307,evt_00013637,2026-07-11,email_open
1308,evt_00013704,2026-04-28,email_open
1308,evt_00013705,2026-04-30,email_open
1308,evt_00013701,2026-05-01,email_open
1308,evt_00013655,2026-05-03,email_open
1308,evt_00013687,2026-05-03,email_click
1308,evt_00013700,2026-05-04,website_visit
1308,evt_00013707,2026-05-04,email_open
1308,evt_00013680,2026-05-06,form_fill
1308,evt_00013695,2026-05-07,form_fill
1308,evt_00013683,2026-05-13,form_fill
1308,evt_00013698,2026-05-13,email_open
1308,evt_00013657,2026-05-14,email_open
1308,evt_00013674,2026-05-16,email_click
1308,evt_00013711,2026-05-23,email_open
1308,evt_00013664,2026-05-24,email_open
1308,evt_00013685,2026-05-24,email_open
1308,evt_00013691,2026-05-25,email_open
1308,evt_00013689,2026-05-26,website_visit
1308,evt_00013717,2026-05-30,email_click
1308,evt_00013684,2026-05-31,demo_request
1308,evt_00013712,2026-06-01,email_click
1308,evt_00013667,2026-06-03,email_open
1308,evt_00013697,2026-06-05,email_open
1308,evt_00013709,2026-06-06,demo_request
1308,evt_00013662,2026-06-07,email_open
1308,evt_00013710,2026-06-09,website_visit
1308,evt_00013699,2026-06-10,form_fill
1308,evt_00013656,2026-06-12,email_click
1308,evt_00013708,2026-06-12,website_visit
1308,evt_00013663,2026-06-14,email_click
1308,evt_00013666,2026-06-15,email_open
1308,evt_00013702,2026-06-15,email_click
1308,evt_00013669,2026-06-16,email_open
1308,evt_00013678,2026-06-17,website_visit
1308,evt_00013660,2026-06-18,email_click
1308,evt_00013676,2026-06-20,website_visit
1308,evt_00013672,2026-06-22,email_click
1308,evt_00013706,2026-06-22,email_click
1308,evt_00013675,2026-06-30,website_visit
1308,evt_00013696,2026-07-01,email_click
1308,evt_00013716,2026-07-03,email_open
1308,evt_00013679,2026-07-05,email_open
1308,evt_00013682,2026-07-06,email_open
1308,evt_00013673,2026-07-08,email_open
1308,evt_00013713,2026-07-08,email_open
1308,evt_00013688,2026-07-10,form_fill
1308,evt_00013670,2026-07-11,email_click
1308,evt_00013686,2026-07-12,email_click
1308,evt_00013665,2026-07-13,email_open
1308,evt_00013693,2026-07-14,email_click
1308,evt_00013694,2026-07-14,form_fill
1308,evt_00013715,2026-07-15,email_click
1308,evt_00013671,2026-07-16,email_open
1308,evt_00013690,2026-07-18,email_click
1308,evt_00013714,2026-07-18,form_fill
1308,evt_00013658,2026-07-19,email_open
1308,evt_00013692,2026-07-24,email_click
1308,evt_00013703,2026-07-24,website_visit
1308,evt_00013681,2026-07-25,website_visit
1308,evt_00013661,2026-07-28,email_click
1308,evt_00013668,2026-07-30,demo_request
1308,evt_00013677,2026-08-02,email_open
1308,evt_00013659,2026-08-06,email_click
1309,evt_00013719,2026-05-19,email_open
1309,evt_00013718,2026-07-15,website_visit
1310,evt_00013720,2026-02-24,email_click
1310,evt_00013721,2026-03-03,email_click
1310,evt_00013722,2026-06-24,demo_request
1310,evt_00013725,2026-07-09,email_open
1310,evt_00013724,2026-07-30,website_visit
1310,evt_00013723,2026-08-04,email_open
1311,evt_00013728,2026-05-13,demo_request
1311,evt_00013729,2026-05-21,website_visit
1311,evt_00013726,2026-06-12,email_open
1311,evt_00013727,2026-06-27,email_open
1312,evt_00013739,2026-05-14,email_open
1312,evt_00013740,2026-05-20,email_click
1312,evt_00013733,2026-05-30,website_visit
1312,evt_00013734,2026-06-14,email_open
1312,evt_00013730,2026-06-15,email_click
1312,evt_00013736,2026-06-15,form_fill
1312,evt_00013731,2026-06-28,email_open
1312,evt_00013735,2026-07-05,email_click
1312,evt_00013738,2026-07-10,email_click
1312,evt_00013732,2026-07-20,email_open
1312,evt_00013737,2026-08-07,form_fill
1313,evt_00013758,2026-04-25,email_open
1313,evt_00013749,2026-05-14,website_visit
1313,evt_00013750,2026-05-17,email_open
1313,evt_00013751,2026-05-30,email_click
1313,evt_00013748,2026-05-31,email_open
1313,evt_00013743,2026-06-03,form_fill
1313,evt_00013744,2026-06-06,email_open
1313,evt_00013755,2026-06-06,email_open
1313,evt_00013746,2026-06-13,email_click
1313,evt_00013747,2026-06-14,email_open
1313,evt_00013742,2026-06-18,email_open
1313,evt_00013756,2026-06-20,email_open
1313,evt_00013752,2026-06-23,email_open
1313,evt_00013757,2026-06-28,email_open
1313,evt_00013759,2026-06-28,website_visit
1313,evt_00013754,2026-06-29,form_fill
1313,evt_00013741,2026-07-12,email_open
1313,evt_00013745,2026-07-18,website_visit
1313,evt_00013753,2026-07-22,form_fill
1314,evt_00013764,2026-03-29,form_fill
1314,evt_00013763,2026-05-30,email_open
1314,evt_00013760,2026-06-24,website_visit
1314,evt_00013761,2026-07-26,email_click
1314,evt_00013762,2026-08-08,email_open
1315,evt_00013771,2026-04-04,email_open
1315,evt_00013788,2026-04-05,email_open
1315,evt_00013770,2026-04-17,email_open
1315,evt_00013777,2026-04-19,email_click
1315,evt_00013786,2026-04-20,email_open
1315,evt_00013768,2026-04-24,website_visit
1315,evt_00013783,2026-04-24,email_open
1315,evt_00013781,2026-05-06,email_click
1315,evt_00013765,2026-06-06,email_open
1315,evt_00013767,2026-06-15,website_visit
1315,evt_00013774,2026-06-16,form_fill
1315,evt_00013782,2026-06-20,email_open
1315,evt_00013789,2026-06-21,email_open
1315,evt_00013776,2026-06-24,form_fill
1315,evt_00013772,2026-06-25,email_open
1315,evt_00013785,2026-07-02,email_open
1315,evt_00013787,2026-07-09,email_click
1315,evt_00013769,2026-07-10,email_click
1315,evt_00013784,2026-07-10,email_open
1315,evt_00013775,2026-07-13,email_open
1315,evt_00013780,2026-07-13,email_open
1315,evt_00013779,2026-07-18,website_visit
1315,evt_00013773,2026-07-24,email_open
1315,evt_00013790,2026-07-30,website_visit
1315,evt_00013766,2026-08-03,email_open
1315,evt_00013778,2026-08-04,email_click
1316,evt_00013793,2026-07-29,email_open
1316,evt_00013794,2026-07-29,website_visit
1316,evt_00013798,2026-07-29,email_open
1316,evt_00013796,2026-07-30,email_open
1316,evt_00013795,2026-08-01,demo_request
1316,evt_00013791,2026-08-05,email_open
1316,evt_00013792,2026-08-07,email_open
1316,evt_00013797,2026-08-08,email_open
1317,evt_00013799,2026-06-13,website_visit
1317,evt_00013805,2026-06-18,email_click
1317,evt_00013807,2026-06-18,email_open
1317,evt_00013801,2026-06-23,email_open
1317,evt_00013800,2026-07-01,email_open
1317,evt_00013804,2026-07-07,email_open
1317,evt_00013802,2026-07-21,website_visit
1317,evt_00013806,2026-07-21,website_visit
1317,evt_00013803,2026-08-02,email_open
1318,evt_00013808,2026-06-30,email_open
1318,evt_00013809,2026-07-10,website_visit
1319,evt_00013816,2026-05-28,website_visit
1319,evt_00013813,2026-06-02,form_fill
1319,evt_00013817,2026-06-08,email_open
1319,evt_00013810,2026-06-11,email_open
1319,evt_00013818,2026-06-11,email_click
1319,evt_00013812,2026-06-16,email_click
1319,evt_00013821,2026-06-25,form_fill
1319,evt_00013819,2026-06-27,email_open
1319,evt_00013811,2026-07-09,email_open
1319,evt_00013815,2026-07-13,email_click
1319,evt_00013814,2026-07-30,email_open
1319,evt_00013820,2026-08-04,email_open
1320,evt_00013831,2026-05-15,website_visit
1320,evt_00013835,2026-05-16,email_open
1320,evt_00013841,2026-05-21,email_open
1320,evt_00013844,2026-05-21,email_open
1320,evt_00013846,2026-05-21,email_open
1320,evt_00013843,2026-05-25,email_click
1320,evt_00013824,2026-05-26,email_click
1320,evt_00013842,2026-05-27,email_open
1320,evt_00013840,2026-05-29,form_fill
1320,evt_00013830,2026-05-31,website_visit
1320,evt_00013847,2026-06-01,form_fill
1320,evt_00013826,2026-06-04,website_visit
1320,evt_00013836,2026-06-13,website_visit
1320,evt_00013822,2026-06-14,email_open
1320,evt_00013832,2026-06-17,email_click
1320,evt_00013829,2026-06-22,website_visit
1320,evt_00013845,2026-06-23,email_open
1320,evt_00013827,2026-06-27,website_visit
1320,evt_00013839,2026-07-04,email_click
1320,evt_00013848,2026-07-04,email_click
1320,evt_00013825,2026-07-21,email_open
1320,evt_00013849,2026-07-22,email_click
1320,evt_00013833,2026-07-26,website_visit
1320,evt_00013834,2026-07-28,email_open
1320,evt_00013837,2026-07-28,website_visit
1320,evt_00013838,2026-07-28,website_visit
1320,evt_00013828,2026-08-03,website_visit
1320,evt_00013823,2026-08-04,website_visit
1321,evt_00013855,2026-03-13,website_visit
1321,evt_00013850,2026-06-01,email_open
1321,evt_00013856,2026-06-04,form_fill
1321,evt_00013851,2026-06-10,website_visit
1321,evt_00013858,2026-06-30,email_open
1321,evt_00013853,2026-07-07,email_open
1321,evt_00013854,2026-07-09,email_click
1321,evt_00013857,2026-07-11,email_open
1321,evt_00013852,2026-07-30,email_click
1321,evt_00013859,2026-07-31,website_visit
1321,evt_00013860,2026-07-31,email_click
1322,evt_00013861,2026-04-30,email_open
1322,evt_00013862,2026-06-29,email_click
1322,evt_00013864,2026-07-11,email_open
1322,evt_00013863,2026-07-21,email_open
1323,evt_00013866,2026-05-25,email_open
1323,evt_00013865,2026-07-05,email_open
1324,evt_00013868,2026-03-01,email_open
1324,evt_00013869,2026-03-30,email_open
1324,evt_00013871,2026-05-03,website_visit
1324,evt_00013870,2026-06-06,website_visit
1324,evt_00013873,2026-06-06,email_open
1324,evt_00013867,2026-07-14,email_open
1324,evt_00013872,2026-07-22,email_open
1325,evt_00013875,2026-07-10,email_open
1325,evt_00013883,2026-07-15,email_open
1325,evt_00013879,2026-07-22,website_visit
1325,evt_00013882,2026-07-26,email_open
1325,evt_00013880,2026-07-27,website_visit
1325,evt_00013874,2026-07-30,website_visit
1325,evt_00013884,2026-07-30,website_visit
1325,evt_00013885,2026-07-30,website_visit
1325,evt_00013877,2026-08-05,email_click
1325,evt_00013881,2026-08-05,email_open
1325,evt_00013876,2026-08-06,email_open
1325,evt_00013878,2026-08-06,email_open
1326,evt_00013886,2026-06-19,email_open
1326,evt_00013887,2026-07-13,email_open
1327,evt_00013888,2026-07-24,email_open
1328,evt_00013889,2026-07-19,email_click
1329,evt_00013890,2026-04-29,email_click
1329,evt_00013891,2026-06-08,email_open
1329,evt_00013892,2026-07-16,email_open
1330,evt_00013897,2026-06-08,email_open
1330,evt_00013896,2026-06-09,email_open
1330,evt_00013900,2026-06-14,website_visit
1330,evt_00013894,2026-06-22,email_open
1330,evt_00013893,2026-06-29,email_click
1330,evt_00013898,2026-07-10,email_open
1330,evt_00013902,2026-07-13,email_click
1330,evt_00013895,2026-07-23,website_visit
1330,evt_00013901,2026-08-05,email_open
1330,evt_00013899,2026-08-06,email_open
1331,evt_00013908,2026-07-07,email_open
1331,evt_00013904,2026-07-13,website_visit
1331,evt_00013905,2026-07-13,website_visit
1331,evt_00013907,2026-07-15,email_click
1331,evt_00013903,2026-07-19,website_visit
1331,evt_00013906,2026-07-31,email_open
1332,evt_00013913,2026-07-07,website_visit
1332,evt_00013918,2026-07-07,email_open
1332,evt_00013922,2026-07-07,email_click
1332,evt_00013931,2026-07-09,email_open
1332,evt_00013930,2026-07-10,email_open
1332,evt_00013914,2026-07-12,email_open
1332,evt_00013916,2026-07-15,email_open
1332,evt_00013921,2026-07-15,website_visit
1332,evt_00013929,2026-07-15,email_click
1332,evt_00013917,2026-07-18,website_visit
1332,evt_00013915,2026-07-20,email_click
1332,evt_00013927,2026-07-20,email_open
1332,evt_00013925,2026-07-22,email_open
1332,evt_00013928,2026-07-22,email_open
1332,evt_00013932,2026-07-23,website_visit
1332,evt_00013919,2026-07-25,demo_request
1332,evt_00013920,2026-07-25,email_open
1332,evt_00013926,2026-07-26,email_click
1332,evt_00013924,2026-07-27,website_visit
1332,evt_00013935,2026-07-29,form_fill
1332,evt_00013910,2026-07-30,website_visit
1332,evt_00013911,2026-07-31,email_open
1332,evt_00013909,2026-08-01,website_visit
1332,evt_00013912,2026-08-02,email_open
1332,evt_00013934,2026-08-02,demo_request
1332,evt_00013936,2026-08-06,email_click
1332,evt_00013923,2026-08-08,email_open
1332,evt_00013933,2026-08-08,email_open
1333,evt_00013946,2026-07-21,email_open
1333,evt_00013940,2026-07-22,form_fill
1333,evt_00013937,2026-07-23,email_open
1333,evt_00013942,2026-07-25,email_open
1333,evt_00013939,2026-07-28,email_click
1333,evt_00013947,2026-07-28,demo_request
1333,evt_00013944,2026-07-29,email_open
1333,evt_00013948,2026-07-31,email_open
1333,evt_00013945,2026-08-01,email_open
1333,evt_00013943,2026-08-02,email_open
1333,evt_00013938,2026-08-03,website_visit
1333,evt_00013941,2026-08-08,email_open
1334,evt_00013965,2026-07-30,email_open
1334,evt_00013951,2026-07-31,email_open
1334,evt_00013953,2026-07-31,email_open
1334,evt_00013956,2026-07-31,email_open
1334,evt_00013960,2026-07-31,email_open
1334,evt_00013963,2026-07-31,email_click
1334,evt_00013955,2026-08-01,email_click
1334,evt_00013962,2026-08-02,email_open
1334,evt_00013966,2026-08-02,website_visit
1334,evt_00013967,2026-08-02,email_open
1334,evt_00013954,2026-08-03,email_open
1334,evt_00013957,2026-08-03,email_open
1334,evt_00013964,2026-08-03,email_open
1334,evt_00013958,2026-08-04,form_fill
1334,evt_00013949,2026-08-05,demo_request
1334,evt_00013950,2026-08-05,email_open
1334,evt_00013959,2026-08-05,email_open
1334,evt_00013952,2026-08-06,website_visit
1334,evt_00013961,2026-08-06,website_visit
1335,evt_00013972,2026-05-17,email_open
1335,evt_00013976,2026-05-18,form_fill
1335,evt_00013971,2026-05-25,email_open
1335,evt_00013985,2026-06-06,email_open
1335,evt_00013979,2026-06-15,email_open
1335,evt_00013970,2026-06-17,email_click
1335,evt_00013986,2026-06-22,email_click
1335,evt_00013981,2026-06-24,email_open
1335,evt_00013975,2026-06-28,website_visit
1335,evt_00013984,2026-06-30,email_click
1335,evt_00013980,2026-07-02,email_open
1335,evt_00013968,2026-07-03,form_fill
1335,evt_00013987,2026-07-07,website_visit
1335,evt_00013982,2026-07-11,website_visit
1335,evt_00013983,2026-07-19,email_open
1335,evt_00013973,2026-07-22,website_visit
1335,evt_00013977,2026-07-23,email_open
1335,evt_00013969,2026-07-24,website_visit
1335,evt_00013974,2026-08-02,website_visit
1335,evt_00013978,2026-08-04,email_open
1336,evt_00013993,2026-06-20,website_visit
1336,evt_00013989,2026-06-24,website_visit
1336,evt_00013988,2026-07-03,email_open
1336,evt_00013995,2026-07-10,demo_request
1336,evt_00013991,2026-07-24,email_open
1336,evt_00013990,2026-07-26,email_open
1336,evt_00013992,2026-08-04,email_click
1336,evt_00013994,2026-08-06,email_click
1337,evt_00014000,2026-07-23,form_fill
1337,evt_00013996,2026-07-30,email_click
1337,evt_00013998,2026-08-02,email_open
1337,evt_00013999,2026-08-07,website_visit
1337,evt_00013997,2026-08-08,form_fill
1338,evt_00014002,2026-05-14,email_click
1338,evt_00014001,2026-06-14,email_click
1339,evt_00014004,2026-06-15,email_open
1339,evt_00014013,2026-06-19,email_open
1339,evt_00014014,2026-06-30,website_visit
1339,evt_00014005,2026-07-09,website_visit
1339,evt_00014010,2026-07-14,email_click
1339,evt_00014015,2026-07-16,form_fill
1339,evt_00014011,2026-07-18,email_open
1339,evt_00014012,2026-07-18,website_visit
1339,evt_00014007,2026-07-21,email_open
1339,evt_00014008,2026-07-28,email_open
1339,evt_00014006,2026-07-31,website_visit
1339,evt_00014003,2026-08-03,website_visit
1339,evt_00014009,2026-08-06,email_open
1340,evt_00014016,2026-07-06,email_open
1340,evt_00014017,2026-07-15,email_open
1340,evt_00014018,2026-07-27,email_open
1341,evt_00014025,2026-04-09,email_open
1341,evt_00014020,2026-05-09,email_open
1341,evt_00014019,2026-05-15,email_open
1341,evt_00014024,2026-05-23,email_open
1341,evt_00014022,2026-05-25,email_open
1341,evt_00014021,2026-06-24,form_fill
1341,evt_00014023,2026-07-18,email_open
1341,evt_00014026,2026-08-04,email_click
1342,evt_00014029,2026-03-03,form_fill
1342,evt_00014028,2026-04-17,email_open
1342,evt_00014027,2026-07-23,email_click
1342,evt_00014030,2026-07-29,website_visit
1343,evt_00014033,2026-07-04,form_fill
1343,evt_00014037,2026-07-06,email_click
1343,evt_00014034,2026-07-07,email_open
1343,evt_00014044,2026-07-12,email_click
1343,evt_00014040,2026-07-15,email_click
1343,evt_00014042,2026-07-16,email_open
1343,evt_00014036,2026-07-18,email_click
1343,evt_00014039,2026-07-19,email_click
1343,evt_00014043,2026-07-21,email_open
1343,evt_00014041,2026-07-25,form_fill
1343,evt_00014045,2026-07-31,email_open
1343,evt_00014038,2026-08-02,email_click
1343,evt_00014046,2026-08-03,email_open
1343,evt_00014047,2026-08-04,email_open
1343,evt_00014032,2026-08-05,email_open
1343,evt_00014031,2026-08-06,email_open
1343,evt_00014035,2026-08-07,email_open
1344,evt_00014052,2026-07-23,website_visit
1344,evt_00014053,2026-07-23,email_open
1344,evt_00014051,2026-07-25,email_click
1344,evt_00014055,2026-07-25,email_open
1344,evt_00014056,2026-07-25,email_click
1344,evt_00014049,2026-07-26,email_open
1344,evt_00014054,2026-07-29,email_open
1344,evt_00014050,2026-08-01,form_fill
1344,evt_00014048,2026-08-08,email_open
1345,evt_00014057,2026-07-13,email_open
1346,evt_00014060,2026-03-12,email_open
1346,evt_00014065,2026-03-24,email_click
1346,evt_00014070,2026-04-09,email_click
1346,evt_00014067,2026-04-12,email_open
1346,evt_00014059,2026-05-04,email_click
1346,evt_00014068,2026-05-17,email_click
1346,evt_00014063,2026-05-27,email_click
1346,evt_00014072,2026-06-03,email_open
1346,evt_00014069,2026-06-08,website_visit
1346,evt_00014061,2026-06-22,email_open
1346,evt_00014058,2026-06-29,email_click
1346,evt_00014066,2026-06-30,email_open
1346,evt_00014071,2026-06-30,website_visit
1346,evt_00014062,2026-07-21,email_click
1346,evt_00014064,2026-07-25,website_visit
1347,evt_00014078,2026-08-02,website_visit
1347,evt_00014074,2026-08-03,email_open
1347,evt_00014075,2026-08-03,email_click
1347,evt_00014081,2026-08-03,form_fill
1347,evt_00014073,2026-08-05,website_visit
1347,evt_00014076,2026-08-05,website_visit
1347,evt_00014077,2026-08-05,email_open
1347,evt_00014079,2026-08-05,email_click
1347,evt_00014080,2026-08-05,email_open
1347,evt_00014082,2026-08-08,email_click
1347,evt_00014083,2026-08-08,email_open
1348,evt_00014087,2026-06-08,email_open
1348,evt_00014084,2026-06-13,form_fill
1348,evt_00014085,2026-06-15,email_open
1348,evt_00014090,2026-06-20,email_open
1348,evt_00014089,2026-06-22,website_visit
1348,evt_00014088,2026-06-30,website_visit
1348,evt_00014086,2026-07-06,email_click
1349,evt_00014091,2026-05-04,email_click
1349,evt_00014096,2026-05-17,form_fill
1349,evt_00014100,2026-05-24,website_visit
1349,evt_00014099,2026-05-26,form_fill
1349,evt_00014103,2026-05-30,email_open
1349,evt_00014097,2026-06-11,email_open
1349,evt_00014092,2026-06-13,email_open
1349,evt_00014101,2026-06-16,email_open
1349,evt_00014093,2026-06-18,email_open
1349,evt_00014098,2026-06-20,email_open
1349,evt_00014102,2026-06-22,website_visit
1349,evt_00014104,2026-07-01,website_visit
1349,evt_00014095,2026-07-13,form_fill
1349,evt_00014094,2026-07-28,email_open
1350,evt_00014130,2026-06-15,email_click
1350,evt_00014145,2026-06-15,email_open
1350,evt_00014141,2026-06-16,form_fill
1350,evt_00014115,2026-06-18,email_click
1350,evt_00014117,2026-06-18,website_visit
1350,evt_00014109,2026-06-20,email_open
1350,evt_00014154,2026-06-21,email_open
1350,evt_00014113,2026-06-22,email_open
1350,evt_00014146,2026-06-24,demo_request
1350,evt_00014155,2026-06-26,email_open
1350,evt_00014153,2026-06-28,email_click
1350,evt_00014105,2026-06-29,form_fill
1350,evt_00014120,2026-06-29,email_click
1350,evt_00014110,2026-07-01,email_open
1350,evt_00014148,2026-07-01,website_visit
1350,evt_00014112,2026-07-02,email_open
1350,evt_00014133,2026-07-02,email_open
1350,evt_00014140,2026-07-02,email_click
1350,evt_00014106,2026-07-03,email_click
1350,evt_00014111,2026-07-03,email_open
1350,evt_00014139,2026-07-04,email_open
1350,evt_00014143,2026-07-05,form_fill
1350,evt_00014118,2026-07-06,email_click
1350,evt_00014137,2026-07-06,email_click
1350,evt_00014152,2026-07-06,email_click
1350,evt_00014129,2026-07-07,email_click
1350,evt_00014131,2026-07-07,email_click
1350,evt_00014107,2026-07-10,website_visit
1350,evt_00014150,2026-07-11,email_open
1350,evt_00014122,2026-07-12,website_visit
1350,evt_00014123,2026-07-15,website_visit
1350,evt_00014135,2026-07-17,form_fill
1350,evt_00014142,2026-07-19,email_open
1350,evt_00014126,2026-07-22,website_visit
1350,evt_00014128,2026-07-22,email_open
1350,evt_00014124,2026-07-23,email_open
1350,evt_00014136,2026-07-23,website_visit
1350,evt_00014132,2026-07-25,form_fill
1350,evt_00014149,2026-07-25,email_open
1350,evt_00014121,2026-07-28,email_open
1350,evt_00014116,2026-07-30,email_open
1350,evt_00014138,2026-08-01,website_visit
1350,evt_00014108,2026-08-02,website_visit
1350,evt_00014134,2026-08-02,website_visit
1350,evt_00014151,2026-08-02,email_open
1350,evt_00014119,2026-08-03,demo_request
1350,evt_00014125,2026-08-05,email_open
1350,evt_00014144,2026-08-05,email_open
1350,evt_00014147,2026-08-07,email_open
1350,evt_00014114,2026-08-08,email_open
1350,evt_00014127,2026-08-08,website_visit
1351,evt_00014157,2026-02-26,email_click
1351,evt_00014166,2026-03-02,email_click
1351,evt_00014163,2026-03-14,email_open
1351,evt_00014168,2026-03-29,email_open
1351,evt_00014167,2026-03-30,email_open
1351,evt_00014164,2026-04-05,website_visit
1351,evt_00014156,2026-04-07,email_click
1351,evt_00014175,2026-04-07,website_visit
1351,evt_00014178,2026-04-11,email_open
1351,evt_00014174,2026-04-12,website_visit
1351,evt_00014171,2026-04-23,email_click
1351,evt_00014177,2026-04-23,form_fill
1351,evt_00014176,2026-05-03,email_open
1351,evt_00014159,2026-05-15,email_open
1351,evt_00014172,2026-05-26,website_visit
1351,evt_00014169,2026-06-11,email_open
1351,evt_00014170,2026-06-19,email_open
1351,evt_00014160,2026-06-25,website_visit
1351,evt_00014173,2026-06-25,email_open
1351,evt_00014180,2026-07-06,email_open
1351,evt_00014158,2026-07-15,website_visit
1351,evt_00014179,2026-07-19,form_fill
1351,evt_00014161,2026-07-21,form_fill
1351,evt_00014165,2026-07-30,form_fill
1351,evt_00014162,2026-08-02,website_visit
1352,evt_00014191,2026-05-14,website_visit
1352,evt_00014188,2026-05-23,email_open
1352,evt_00014185,2026-05-26,email_open
1352,evt_00014183,2026-05-30,email_open
1352,evt_00014181,2026-06-24,email_open
1352,evt_00014189,2026-07-15,email_click
1352,evt_00014186,2026-07-22,email_click
1352,evt_00014182,2026-07-26,email_open
1352,evt_00014187,2026-07-30,email_open
1352,evt_00014190,2026-07-31,email_click
1352,evt_00014184,2026-08-04,form_fill
1353,evt_00014192,2026-06-29,email_open
1353,evt_00014194,2026-07-05,form_fill
1353,evt_00014209,2026-07-05,email_click
1353,evt_00014211,2026-07-06,website_visit
1353,evt_00014212,2026-07-06,website_visit
1353,evt_00014195,2026-07-07,website_visit
1353,evt_00014204,2026-07-07,email_open
1353,evt_00014210,2026-07-09,email_click
1353,evt_00014206,2026-07-19,email_open
1353,evt_00014201,2026-07-21,website_visit
1353,evt_00014203,2026-07-21,email_open
1353,evt_00014200,2026-07-22,website_visit
1353,evt_00014205,2026-07-22,email_click
1353,evt_00014196,2026-07-27,website_visit
1353,evt_00014207,2026-07-27,email_click
1353,evt_00014199,2026-07-28,email_open
1353,evt_00014197,2026-08-01,email_click
1353,evt_00014208,2026-08-01,email_open
1353,evt_00014193,2026-08-02,email_open
1353,evt_00014198,2026-08-02,email_open
1353,evt_00014202,2026-08-08,website_visit
1354,evt_00014216,2026-07-18,email_open
1354,evt_00014218,2026-07-24,website_visit
1354,evt_00014214,2026-07-25,email_open
1354,evt_00014213,2026-07-28,email_open
1354,evt_00014215,2026-07-31,form_fill
1354,evt_00014217,2026-08-02,email_click
1354,evt_00014219,2026-08-05,email_open
1355,evt_00014220,2026-07-14,email_open
1355,evt_00014221,2026-07-31,email_open
1355,evt_00014222,2026-07-31,email_click
1356,evt_00014225,2026-07-10,email_click
1356,evt_00014223,2026-07-13,email_open
1356,evt_00014226,2026-07-31,website_visit
1356,evt_00014227,2026-08-01,website_visit
1356,evt_00014224,2026-08-05,email_click
1357,evt_00014229,2026-06-15,email_open
1357,evt_00014231,2026-06-28,email_open
1357,evt_00014230,2026-07-04,website_visit
1357,evt_00014228,2026-08-08,email_open
1358,evt_00014237,2026-03-03,email_open
1358,evt_00014233,2026-03-09,email_open
1358,evt_00014240,2026-03-12,form_fill
1358,evt_00014242,2026-03-17,form_fill
1358,evt_00014236,2026-03-21,email_click
1358,evt_00014241,2026-04-24,email_open
1358,evt_00014244,2026-04-28,email_open
1358,evt_00014235,2026-05-13,email_open
1358,evt_00014239,2026-06-07,email_open
1358,evt_00014243,2026-06-11,website_visit
1358,evt_00014238,2026-07-13,form_fill
1358,evt_00014234,2026-07-25,website_visit
1358,evt_00014232,2026-08-06,form_fill
1359,evt_00014247,2026-07-17,email_click
1359,evt_00014251,2026-07-17,website_visit
1359,evt_00014249,2026-07-23,form_fill
1359,evt_00014248,2026-07-24,email_open
1359,evt_00014245,2026-07-30,form_fill
1359,evt_00014253,2026-08-02,email_open
1359,evt_00014246,2026-08-05,email_open
1359,evt_00014252,2026-08-07,email_click
1359,evt_00014250,2026-08-08,email_open
1360,evt_00014255,2026-04-06,form_fill
1360,evt_00014258,2026-04-18,website_visit
1360,evt_00014261,2026-05-08,website_visit
1360,evt_00014257,2026-05-10,demo_request
1360,evt_00014259,2026-07-08,website_visit
1360,evt_00014254,2026-07-10,email_open
1360,evt_00014260,2026-07-23,email_open
1360,evt_00014256,2026-07-26,email_open
1361,evt_00014265,2026-03-20,email_open
1361,evt_00014269,2026-04-02,website_visit
1361,evt_00014272,2026-04-12,email_open
1361,evt_00014263,2026-04-22,email_click
1361,evt_00014266,2026-04-28,email_click
1361,evt_00014270,2026-05-03,email_click
1361,evt_00014262,2026-06-05,email_open
1361,evt_00014267,2026-06-15,email_open
1361,evt_00014264,2026-06-17,email_open
1361,evt_00014268,2026-07-28,email_open
1361,evt_00014271,2026-07-31,website_visit
1362,evt_00014275,2026-08-06,email_open
1362,evt_00014276,2026-08-06,email_open
1362,evt_00014277,2026-08-06,email_open
1362,evt_00014273,2026-08-08,email_open
1362,evt_00014274,2026-08-08,form_fill
1363,evt_00014282,2026-04-10,email_click
1363,evt_00014279,2026-04-18,demo_request
1363,evt_00014280,2026-04-20,email_open
1363,evt_00014283,2026-04-26,email_click
1363,evt_00014290,2026-05-07,form_fill
1363,evt_00014292,2026-05-10,website_visit
1363,evt_00014288,2026-05-13,email_open
1363,evt_00014284,2026-05-18,email_click
1363,evt_00014287,2026-05-22,website_visit
1363,evt_00014285,2026-05-24,email_open
1363,evt_00014286,2026-06-05,website_visit
1363,evt_00014278,2026-06-11,email_open
1363,evt_00014289,2026-07-23,website_visit
1363,evt_00014291,2026-07-26,website_visit
1363,evt_00014281,2026-07-28,email_open
1364,evt_00014297,2026-03-04,email_click
1364,evt_00014295,2026-03-10,email_open
1364,evt_00014300,2026-03-17,website_visit
1364,evt_00014294,2026-04-22,email_click
1364,evt_00014301,2026-04-27,email_click
1364,evt_00014293,2026-05-12,email_open
1364,evt_00014303,2026-05-12,email_open
1364,evt_00014299,2026-06-08,email_click
1364,evt_00014296,2026-06-11,form_fill
1364,evt_00014302,2026-06-22,email_open
1364,evt_00014298,2026-06-24,email_open
1365,evt_00014325,2026-07-15,website_visit
1365,evt_00014319,2026-07-16,demo_request
1365,evt_00014306,2026-07-17,email_open
1365,evt_00014309,2026-07-17,email_open
1365,evt_00014311,2026-07-18,email_open
1365,evt_00014314,2026-07-21,email_open
1365,evt_00014305,2026-07-22,email_click
1365,evt_00014324,2026-07-23,email_click
1365,evt_00014307,2026-07-24,email_open
1365,evt_00014308,2026-07-25,website_visit
1365,evt_00014310,2026-07-26,email_open
1365,evt_00014316,2026-07-29,website_visit
1365,evt_00014317,2026-07-29,website_visit
1365,evt_00014304,2026-07-30,email_open
1365,evt_00014312,2026-07-30,website_visit
1365,evt_00014321,2026-07-31,email_open
1365,evt_00014315,2026-08-01,email_open
1365,evt_00014322,2026-08-02,email_click
1365,evt_00014323,2026-08-02,email_open
1365,evt_00014313,2026-08-05,website_visit
1365,evt_00014318,2026-08-05,email_open
1365,evt_00014320,2026-08-08,email_open
1366,evt_00014329,2026-07-03,email_open
1366,evt_00014330,2026-07-14,email_open
1366,evt_00014327,2026-07-15,email_open
1366,evt_00014328,2026-07-22,website_visit
1366,evt_00014326,2026-07-31,website_visit
1367,evt_00014339,2026-05-22,email_open
1367,evt_00014337,2026-05-26,email_click
1367,evt_00014336,2026-05-30,email_open
1367,evt_00014342,2026-06-16,demo_request
1367,evt_00014331,2026-06-17,form_fill
1367,evt_00014335,2026-06-19,email_open
1367,evt_00014346,2026-06-19,website_visit
1367,evt_00014345,2026-06-25,email_click
1367,evt_00014340,2026-06-27,email_open
1367,evt_00014333,2026-07-02,email_open
1367,evt_00014344,2026-07-13,email_click
1367,evt_00014338,2026-07-17,email_click
1367,evt_00014341,2026-07-20,email_click
1367,evt_00014332,2026-07-26,email_open
1367,evt_00014334,2026-07-31,email_open
1367,evt_00014343,2026-08-02,website_visit
1369,evt_00014353,2026-07-15,email_open
1369,evt_00014350,2026-07-21,website_visit
1369,evt_00014347,2026-07-22,email_click
1369,evt_00014356,2026-07-27,website_visit
1369,evt_00014348,2026-07-28,email_open
1369,evt_00014354,2026-07-28,website_visit
1369,evt_00014349,2026-08-01,email_click
1369,evt_00014352,2026-08-01,email_open
1369,evt_00014351,2026-08-05,form_fill
1369,evt_00014355,2026-08-07,email_open
1370,evt_00014359,2026-05-21,email_open
1370,evt_00014358,2026-07-23,email_click
1370,evt_00014357,2026-08-01,email_open
1371,evt_00014363,2026-05-18,website_visit
1371,evt_00014360,2026-05-19,website_visit
1371,evt_00014372,2026-05-21,form_fill
1371,evt_00014373,2026-05-21,email_open
1371,evt_00014366,2026-05-25,email_open
1371,evt_00014368,2026-05-27,email_open
1371,evt_00014369,2026-05-30,website_visit
1371,evt_00014364,2026-06-11,email_click
1371,evt_00014370,2026-07-02,email_click
1371,evt_00014371,2026-07-06,email_open
1371,evt_00014362,2026-07-07,email_open
1371,evt_00014367,2026-07-24,email_open
1371,evt_00014374,2026-07-25,website_visit
1371,evt_00014361,2026-07-29,email_click
1371,evt_00014365,2026-08-01,email_open
1372,evt_00014375,2026-07-15,email_open
1373,evt_00014378,2026-07-25,form_fill
1373,evt_00014383,2026-07-26,email_open
1373,evt_00014380,2026-07-27,email_open
1373,evt_00014384,2026-07-27,website_visit
1373,evt_00014385,2026-07-28,website_visit
1373,evt_00014387,2026-07-30,email_click
1373,evt_00014379,2026-07-31,email_open
1373,evt_00014386,2026-08-01,email_open
1373,evt_00014377,2026-08-03,email_open
1373,evt_00014382,2026-08-05,website_visit
1373,evt_00014381,2026-08-07,email_open
1373,evt_00014376,2026-08-08,email_click
1374,evt_00014398,2026-04-25,email_open
1374,evt_00014395,2026-04-28,website_visit
1374,evt_00014388,2026-05-02,website_visit
1374,evt_00014390,2026-05-02,website_visit
1374,evt_00014396,2026-05-13,email_click
1374,evt_00014397,2026-06-11,email_open
1374,evt_00014393,2026-07-03,email_open
1374,evt_00014394,2026-07-06,email_open
1374,evt_00014389,2026-07-20,email_open
1374,evt_00014391,2026-08-02,website_visit
1374,evt_00014392,2026-08-07,email_open
1375,evt_00014399,2026-04-23,email_open
1375,evt_00014402,2026-05-02,email_open
1375,evt_00014400,2026-05-15,email_open
1375,evt_00014401,2026-05-18,website_visit
1376,evt_00014412,2026-03-03,email_click
1376,evt_00014403,2026-03-10,website_visit
1376,evt_00014409,2026-03-25,email_click
1376,evt_00014413,2026-04-06,email_open
1376,evt_00014410,2026-04-23,website_visit
1376,evt_00014407,2026-05-11,email_click
1376,evt_00014408,2026-07-03,email_click
1376,evt_00014405,2026-07-04,demo_request
1376,evt_00014411,2026-07-30,website_visit
1376,evt_00014406,2026-08-01,email_open
1376,evt_00014404,2026-08-02,email_open
1377,evt_00014417,2026-07-11,website_visit
1377,evt_00014414,2026-07-13,email_open
1377,evt_00014418,2026-07-23,form_fill
1377,evt_00014415,2026-07-27,form_fill
1377,evt_00014416,2026-08-04,email_open
1378,evt_00014420,2026-03-21,email_click
1378,evt_00014422,2026-03-22,form_fill
1378,evt_00014423,2026-04-19,website_visit
1378,evt_00014421,2026-05-05,website_visit
1378,evt_00014419,2026-07-27,email_open
1379,evt_00014441,2026-05-05,website_visit
1379,evt_00014436,2026-05-07,email_open
1379,evt_00014435,2026-05-09,website_visit
1379,evt_00014438,2026-05-09,website_visit
1379,evt_00014430,2026-05-13,email_open
1379,evt_00014428,2026-06-14,email_open
1379,evt_00014425,2026-06-17,email_open
1379,evt_00014426,2026-06-17,email_click
1379,evt_00014440,2026-07-03,email_click
1379,evt_00014433,2026-07-10,website_visit
1379,evt_00014432,2026-07-16,email_open
1379,evt_00014442,2026-07-16,website_visit
1379,evt_00014429,2026-07-17,email_open
1379,evt_00014431,2026-07-21,email_open
1379,evt_00014427,2026-07-23,website_visit
1379,evt_00014439,2026-07-23,website_visit
1379,evt_00014434,2026-08-03,email_open
1379,evt_00014437,2026-08-03,email_open
1379,evt_00014424,2026-08-08,email_open
1380,evt_00014446,2026-04-11,form_fill
1380,evt_00014443,2026-04-19,email_open
1380,evt_00014444,2026-05-27,website_visit
1380,evt_00014445,2026-06-23,website_visit
1381,evt_00014450,2026-04-06,email_open
1381,evt_00014448,2026-04-29,email_open
1381,evt_00014447,2026-05-07,form_fill
1381,evt_00014452,2026-05-21,website_visit
1381,evt_00014453,2026-05-27,email_open
1381,evt_00014449,2026-07-08,email_open
1381,evt_00014451,2026-08-07,email_open
1382,evt_00014457,2026-04-24,email_open
1382,evt_00014461,2026-04-26,website_visit
1382,evt_00014459,2026-05-16,email_click
1382,evt_00014454,2026-06-21,website_visit
1382,evt_00014462,2026-06-29,email_click
1382,evt_00014460,2026-06-30,email_open
1382,evt_00014455,2026-07-02,email_open
1382,evt_00014456,2026-07-03,email_open
1382,evt_00014463,2026-07-18,website_visit
1382,evt_00014458,2026-07-31,website_visit
1383,evt_00014466,2026-05-16,email_open
1383,evt_00014465,2026-05-21,website_visit
1383,evt_00014469,2026-05-31,email_click
1383,evt_00014467,2026-06-02,email_click
1383,evt_00014470,2026-06-28,email_open
1383,evt_00014468,2026-06-29,website_visit
1383,evt_00014464,2026-07-15,email_click
1384,evt_00014471,2026-03-23,email_open
1384,evt_00014472,2026-05-01,form_fill
1385,evt_00014473,2026-06-23,email_open
1385,evt_00014477,2026-07-01,email_click
1385,evt_00014475,2026-07-05,website_visit
1385,evt_00014479,2026-07-09,email_open
1385,evt_00014474,2026-07-11,email_open
1385,evt_00014476,2026-07-21,email_open
1385,evt_00014478,2026-08-01,email_open
1386,evt_00014480,2026-03-20,website_visit
1387,evt_00014486,2026-05-18,website_visit
1387,evt_00014488,2026-05-18,email_open
1387,evt_00014483,2026-05-26,form_fill
1387,evt_00014482,2026-06-11,email_click
1387,evt_00014485,2026-07-13,email_click
1387,evt_00014487,2026-07-14,email_open
1387,evt_00014490,2026-07-17,email_open
1387,evt_00014481,2026-07-19,email_open
1387,evt_00014484,2026-07-23,website_visit
1387,evt_00014489,2026-07-25,form_fill
1388,evt_00014497,2026-04-10,email_open
1388,evt_00014491,2026-05-06,website_visit
1388,evt_00014492,2026-06-20,demo_request
1388,evt_00014493,2026-07-05,email_open
1388,evt_00014496,2026-07-11,email_open
1388,evt_00014494,2026-07-14,website_visit
1388,evt_00014495,2026-07-20,website_visit
1389,evt_00014498,2026-06-30,email_open
1389,evt_00014499,2026-07-25,form_fill
1390,evt_00014503,2026-06-03,email_open
1390,evt_00014501,2026-06-18,email_open
1390,evt_00014500,2026-06-26,form_fill
1390,evt_00014507,2026-06-28,email_open
1390,evt_00014504,2026-07-09,website_visit
1390,evt_00014502,2026-07-21,email_open
1390,evt_00014506,2026-08-06,form_fill
1390,evt_00014505,2026-08-07,website_visit
1391,evt_00014513,2026-07-15,email_open
1391,evt_00014512,2026-07-16,website_visit
1391,evt_00014510,2026-07-17,email_open
1391,evt_00014509,2026-07-31,email_click
1391,evt_00014511,2026-08-04,email_open
1391,evt_00014508,2026-08-06,email_click
1392,evt_00014525,2026-03-13,form_fill
1392,evt_00014516,2026-03-16,email_open
1392,evt_00014518,2026-03-16,email_open
1392,evt_00014520,2026-03-17,email_click
1392,evt_00014524,2026-03-26,email_open
1392,evt_00014519,2026-04-12,email_open
1392,evt_00014527,2026-04-16,website_visit
1392,evt_00014521,2026-05-01,email_open
1392,evt_00014514,2026-05-27,email_open
1392,evt_00014517,2026-05-30,email_open
1392,evt_00014523,2026-06-24,email_click
1392,evt_00014515,2026-07-14,email_open
1392,evt_00014522,2026-07-25,email_click
1392,evt_00014526,2026-08-05,email_open
1393,evt_00014529,2026-07-01,email_open
1393,evt_00014535,2026-07-01,email_open
1393,evt_00014528,2026-07-04,website_visit
1393,evt_00014530,2026-07-10,email_open
1393,evt_00014534,2026-07-13,email_click
1393,evt_00014532,2026-07-16,email_click
1393,evt_00014533,2026-07-21,email_open
1393,evt_00014531,2026-07-25,website_visit
1394,evt_00014563,2026-04-04,email_open
1394,evt_00014541,2026-04-05,demo_request
1394,evt_00014550,2026-04-12,website_visit
1394,evt_00014557,2026-04-14,form_fill
1394,evt_00014547,2026-04-17,website_visit
1394,evt_00014546,2026-04-19,website_visit
1394,evt_00014559,2026-04-21,email_click
1394,evt_00014545,2026-04-25,email_open
1394,evt_00014566,2026-05-03,email_open
1394,evt_00014542,2026-05-04,email_click
1394,evt_00014565,2026-05-16,demo_request
1394,evt_00014561,2026-05-17,email_click
1394,evt_00014549,2026-05-20,website_visit
1394,evt_00014538,2026-05-26,email_open
1394,evt_00014562,2026-05-31,email_click
1394,evt_00014567,2026-06-01,website_visit
1394,evt_00014554,2026-06-03,email_click
1394,evt_00014539,2026-06-06,email_open
1394,evt_00014553,2026-06-06,email_open
1394,evt_00014558,2026-06-09,email_open
1394,evt_00014564,2026-06-12,website_visit
1394,evt_00014536,2026-06-13,email_open
1394,evt_00014537,2026-06-13,email_open
1394,evt_00014556,2026-06-21,email_open
1394,evt_00014551,2026-07-06,email_open
1394,evt_00014544,2026-07-12,email_open
1394,evt_00014560,2026-07-16,email_open
1394,evt_00014568,2026-07-16,email_click
1394,evt_00014552,2026-07-31,email_open
1394,evt_00014540,2026-08-02,website_visit
1394,evt_00014555,2026-08-02,email_open
1394,evt_00014548,2026-08-04,website_visit
1394,evt_00014543,2026-08-06,website_visit
1395,evt_00014569,2026-04-27,form_fill
1395,evt_00014574,2026-05-13,email_open
1395,evt_00014572,2026-05-27,email_open
1395,evt_00014575,2026-05-30,website_visit
1395,evt_00014571,2026-06-27,email_open
1395,evt_00014570,2026-08-02,email_open
1395,evt_00014573,2026-08-02,email_click
1396,evt_00014587,2026-07-16,email_open
1396,evt_00014576,2026-07-24,email_click
1396,evt_00014586,2026-07-25,email_open
1396,evt_00014591,2026-07-25,email_open
1396,evt_00014577,2026-07-26,website_visit
1396,evt_00014582,2026-07-27,website_visit
1396,evt_00014584,2026-07-27,website_visit
1396,evt_00014578,2026-07-31,email_open
1396,evt_00014585,2026-07-31,email_open
1396,evt_00014583,2026-08-01,email_open
1396,evt_00014590,2026-08-02,email_open
1396,evt_00014593,2026-08-03,email_click
1396,evt_00014592,2026-08-04,email_open
1396,evt_00014588,2026-08-05,demo_request
1396,evt_00014579,2026-08-07,email_open
1396,evt_00014580,2026-08-07,website_visit
1396,evt_00014581,2026-08-07,email_click
1396,evt_00014589,2026-08-07,website_visit
1397,evt_00014595,2026-07-23,website_visit
1397,evt_00014594,2026-07-27,form_fill
1397,evt_00014598,2026-08-03,email_click
1397,evt_00014596,2026-08-06,email_open
1397,evt_00014597,2026-08-07,form_fill
1398,evt_00014600,2026-06-24,website_visit
1398,evt_00014602,2026-06-24,website_visit
1398,evt_00014609,2026-06-24,email_open
1398,evt_00014601,2026-07-04,email_open
1398,evt_00014604,2026-07-07,email_open
1398,evt_00014603,2026-07-08,email_open
1398,evt_00014608,2026-07-11,email_open
1398,evt_00014607,2026-07-14,email_open
1398,evt_00014605,2026-07-19,email_click
1398,evt_00014599,2026-07-24,email_open
1398,evt_00014606,2026-07-29,email_open
1399,evt_00014612,2026-05-17,email_open
1399,evt_00014611,2026-05-22,form_fill
1399,evt_00014615,2026-06-03,email_click
1399,evt_00014610,2026-06-09,email_click
1399,evt_00014617,2026-06-29,email_open
1399,evt_00014614,2026-07-16,email_click
1399,evt_00014616,2026-07-20,demo_request
1399,evt_00014613,2026-07-23,email_open
1400,evt_00014625,2026-04-09,website_visit
1400,evt_00014622,2026-04-29,email_open
1400,evt_00014620,2026-05-01,email_open
1400,evt_00014624,2026-05-02,website_visit
1400,evt_00014621,2026-06-27,form_fill
1400,evt_00014623,2026-07-09,email_open
1400,evt_00014619,2026-08-05,email_open
1400,evt_00014618,2026-08-07,email_open
1401,evt_00014626,2026-05-21,website_visit
1402,evt_00014640,2026-06-12,email_open
1402,evt_00014642,2026-06-14,email_click
1402,evt_00014628,2026-06-15,email_open
1402,evt_00014631,2026-06-17,email_open
1402,evt_00014641,2026-06-21,email_open
1402,evt_00014635,2026-06-25,form_fill
1402,evt_00014636,2026-06-29,form_fill
1402,evt_00014639,2026-07-01,website_visit
1402,evt_00014630,2026-07-09,email_click
1402,evt_00014637,2026-07-09,form_fill
1402,evt_00014627,2026-07-13,email_click
1402,evt_00014643,2026-07-21,website_visit
1402,evt_00014644,2026-07-24,form_fill
1402,evt_00014629,2026-07-26,website_visit
1402,evt_00014638,2026-07-30,email_click
1402,evt_00014645,2026-08-01,website_visit
1402,evt_00014632,2026-08-03,website_visit
1402,evt_00014633,2026-08-03,email_open
1402,evt_00014634,2026-08-06,form_fill
1403,evt_00014646,2026-07-05,form_fill
1403,evt_00014652,2026-07-06,email_open
1403,evt_00014651,2026-07-14,email_open
1403,evt_00014647,2026-07-17,email_open
1403,evt_00014648,2026-07-28,form_fill
1403,evt_00014649,2026-07-31,website_visit
1403,evt_00014650,2026-08-02,email_open
1404,evt_00014658,2026-06-28,website_visit
1404,evt_00014659,2026-07-04,email_open
1404,evt_00014656,2026-07-06,website_visit
1404,evt_00014660,2026-07-23,email_open
1404,evt_00014655,2026-07-24,email_open
1404,evt_00014653,2026-08-01,website_visit
1404,evt_00014654,2026-08-02,email_open
1404,evt_00014657,2026-08-04,email_open
1405,evt_00014661,2026-07-25,website_visit
1405,evt_00014662,2026-08-06,form_fill
1406,evt_00014663,2026-08-01,email_open
1407,evt_00014668,2026-05-03,website_visit
1407,evt_00014669,2026-05-07,email_click
1407,evt_00014664,2026-05-21,email_open
1407,evt_00014670,2026-06-20,website_visit
1407,evt_00014667,2026-07-01,email_open
1407,evt_00014666,2026-07-03,website_visit
1407,evt_00014665,2026-07-31,email_click
1408,evt_00014672,2026-03-26,email_open
1408,evt_00014671,2026-05-14,email_open
1409,evt_00014675,2026-04-11,email_open
1409,evt_00014673,2026-05-31,email_open
1409,evt_00014674,2026-06-22,email_click
1409,evt_00014676,2026-07-01,email_open
1409,evt_00014677,2026-07-14,form_fill
1410,evt_00014681,2026-05-25,email_open
1410,evt_00014678,2026-06-23,email_open
1410,evt_00014684,2026-07-17,email_open
1410,evt_00014682,2026-07-23,email_open
1410,evt_00014683,2026-07-28,email_open
1410,evt_00014680,2026-07-29,website_visit
1410,evt_00014679,2026-08-02,email_open
1411,evt_00014692,2026-07-23,website_visit
1411,evt_00014694,2026-07-24,website_visit
1411,evt_00014696,2026-07-24,email_open
1411,evt_00014697,2026-07-24,website_visit
1411,evt_00014688,2026-07-26,email_open
1411,evt_00014690,2026-07-28,website_visit
1411,evt_00014685,2026-07-29,email_open
1411,evt_00014686,2026-07-29,email_open
1411,evt_00014691,2026-07-30,website_visit
1411,evt_00014687,2026-08-03,form_fill
1411,evt_00014693,2026-08-03,email_open
1411,evt_00014698,2026-08-03,email_click
1411,evt_00014699,2026-08-05,email_click
1411,evt_00014689,2026-08-08,website_visit
1411,evt_00014695,2026-08-08,website_visit
1412,evt_00014712,2026-04-11,email_open
1412,evt_00014710,2026-04-20,email_open
1412,evt_00014711,2026-04-25,email_open
1412,evt_00014708,2026-05-11,email_open
1412,evt_00014709,2026-05-13,email_open
1412,evt_00014702,2026-05-22,website_visit
1412,evt_00014705,2026-06-11,email_click
1412,evt_00014704,2026-06-17,email_open
1412,evt_00014706,2026-06-19,email_click
1412,evt_00014700,2026-07-01,email_open
1412,evt_00014701,2026-07-20,form_fill
1412,evt_00014707,2026-07-21,email_open
1412,evt_00014703,2026-07-24,form_fill
1413,evt_00014717,2026-08-03,email_open
1413,evt_00014716,2026-08-04,email_click
1413,evt_00014719,2026-08-05,email_open
1413,evt_00014721,2026-08-05,email_click
1413,evt_00014713,2026-08-06,email_open
1413,evt_00014714,2026-08-06,email_click
1413,evt_00014718,2026-08-07,form_fill
1413,evt_00014720,2026-08-07,email_open
1413,evt_00014723,2026-08-07,email_open
1413,evt_00014715,2026-08-08,email_click
1413,evt_00014722,2026-08-08,email_open
1413,evt_00014724,2026-08-08,email_open
1413,evt_00014725,2026-08-08,email_open
1414,evt_00014730,2026-07-20,form_fill
1414,evt_00014729,2026-07-21,email_open
1414,evt_00014731,2026-07-29,email_open
1414,evt_00014726,2026-08-03,email_click
1414,evt_00014728,2026-08-03,email_open
1414,evt_00014727,2026-08-04,email_click
1415,evt_00014733,2026-06-21,email_open
1415,evt_00014738,2026-06-21,website_visit
1415,evt_00014743,2026-07-01,form_fill
1415,evt_00014740,2026-07-04,email_open
1415,evt_00014737,2026-07-06,email_open
1415,evt_00014735,2026-07-13,email_click
1415,evt_00014736,2026-07-14,website_visit
1415,evt_00014745,2026-07-15,email_open
1415,evt_00014742,2026-07-20,website_visit
1415,evt_00014746,2026-07-22,email_click
1415,evt_00014732,2026-07-31,website_visit
1415,evt_00014744,2026-07-31,email_open
1415,evt_00014741,2026-08-04,form_fill
1415,evt_00014734,2026-08-06,email_open
1415,evt_00014739,2026-08-08,email_open
1416,evt_00014755,2026-03-08,email_open
1416,evt_00014748,2026-03-16,email_click
1416,evt_00014753,2026-04-03,email_click
1416,evt_00014761,2026-04-18,website_visit
1416,evt_00014754,2026-04-28,email_open
1416,evt_00014759,2026-04-28,demo_request
1416,evt_00014756,2026-05-12,form_fill
1416,evt_00014762,2026-05-14,email_open
1416,evt_00014750,2026-05-18,email_open
1416,evt_00014747,2026-05-25,email_open
1416,evt_00014758,2026-06-21,email_open
1416,evt_00014757,2026-06-30,email_click
1416,evt_00014760,2026-07-06,email_click
1416,evt_00014752,2026-07-25,email_open
1416,evt_00014751,2026-07-29,website_visit
1416,evt_00014749,2026-08-07,email_open
1417,evt_00014764,2026-06-28,email_click
1417,evt_00014767,2026-07-03,website_visit
1417,evt_00014763,2026-07-08,website_visit
1417,evt_00014766,2026-07-21,email_open
1417,evt_00014765,2026-07-27,website_visit
1417,evt_00014768,2026-08-05,website_visit
1418,evt_00014769,2026-05-30,website_visit
1419,evt_00014785,2026-04-09,email_open
1419,evt_00014784,2026-04-19,email_open
1419,evt_00014771,2026-04-20,email_open
1419,evt_00014776,2026-04-22,website_visit
1419,evt_00014786,2026-05-03,email_click
1419,evt_00014777,2026-05-17,website_visit
1419,evt_00014787,2026-05-24,email_open
1419,evt_00014783,2026-06-08,form_fill
1419,evt_00014781,2026-06-15,website_visit
1419,evt_00014770,2026-06-17,email_open
1419,evt_00014775,2026-06-20,form_fill
1419,evt_00014778,2026-06-29,email_click
1419,evt_00014772,2026-06-30,email_open
1419,evt_00014774,2026-07-01,email_click
1419,evt_00014780,2026-07-16,email_click
1419,evt_00014779,2026-07-19,email_open
1419,evt_00014782,2026-07-24,email_click
1419,evt_00014773,2026-08-07,form_fill
1420,evt_00014789,2026-04-28,email_open
1420,evt_00014791,2026-05-28,email_open
1420,evt_00014790,2026-06-08,email_click
1420,evt_00014792,2026-06-15,website_visit
1420,evt_00014793,2026-07-29,website_visit
1420,evt_00014788,2026-07-30,website_visit
1421,evt_00014796,2026-05-15,email_open
1421,evt_00014795,2026-06-07,email_open
1421,evt_00014800,2026-06-12,email_open
1421,evt_00014798,2026-06-17,email_open
1421,evt_00014797,2026-07-03,email_open
1421,evt_00014799,2026-07-06,email_open
1421,evt_00014801,2026-07-12,email_open
1421,evt_00014794,2026-08-01,email_open
1421,evt_00014802,2026-08-04,email_click
1422,evt_00014808,2026-05-14,email_open
1422,evt_00014804,2026-06-01,email_open
1422,evt_00014806,2026-06-02,email_click
1422,evt_00014803,2026-06-16,email_click
1422,evt_00014807,2026-06-24,email_open
1422,evt_00014805,2026-06-26,email_open
1422,evt_00014809,2026-07-05,email_click
1423,evt_00014813,2026-06-07,email_click
1423,evt_00014835,2026-06-09,demo_request
1423,evt_00014811,2026-06-11,email_open
1423,evt_00014822,2026-06-11,email_click
1423,evt_00014827,2026-06-11,email_open
1423,evt_00014839,2026-06-11,email_open
1423,evt_00014814,2026-06-18,form_fill
1423,evt_00014825,2026-06-20,email_click
1423,evt_00014828,2026-06-22,email_click
1423,evt_00014817,2026-06-24,email_open
1423,evt_00014823,2026-06-27,email_open
1423,evt_00014836,2026-06-27,email_open
1423,evt_00014824,2026-06-29,email_open
1423,evt_00014810,2026-07-01,email_open
1423,evt_00014816,2026-07-03,website_visit
1423,evt_00014830,2026-07-03,demo_request
1423,evt_00014834,2026-07-07,email_open
1423,evt_00014832,2026-07-09,email_open
1423,evt_00014815,2026-07-13,email_click
1423,evt_00014826,2026-07-15,email_open
1423,evt_00014837,2026-07-16,email_click
1423,evt_00014821,2026-07-19,website_visit
1423,evt_00014819,2026-07-20,website_visit
1423,evt_00014833,2026-07-20,email_click
1423,evt_00014829,2026-07-22,email_open
1423,evt_00014840,2026-07-22,website_visit
1423,evt_00014838,2026-08-01,website_visit
1423,evt_00014818,2026-08-04,email_open
1423,evt_00014831,2026-08-05,demo_request
1423,evt_00014820,2026-08-06,email_click
1423,evt_00014812,2026-08-08,email_click
1424,evt_00014844,2026-07-10,email_open
1424,evt_00014841,2026-07-15,email_click
1424,evt_00014842,2026-07-16,demo_request
1424,evt_00014846,2026-07-21,website_visit
1424,evt_00014843,2026-07-22,email_open
1424,evt_00014845,2026-07-25,email_open
1424,evt_00014849,2026-07-26,email_open
1424,evt_00014848,2026-07-28,email_open
1424,evt_00014847,2026-07-29,email_open
1425,evt_00014856,2026-04-23,website_visit
1425,evt_00014851,2026-05-05,form_fill
1425,evt_00014855,2026-05-14,email_open
1425,evt_00014854,2026-05-27,website_visit
1425,evt_00014852,2026-06-09,website_visit
1425,evt_00014850,2026-07-23,email_open
1425,evt_00014853,2026-08-08,website_visit
1426,evt_00014858,2026-07-08,email_open
1426,evt_00014859,2026-07-17,website_visit
1426,evt_00014857,2026-07-28,website_visit
1426,evt_00014860,2026-08-01,email_click
1427,evt_00014877,2026-06-18,website_visit
1427,evt_00014869,2026-06-19,website_visit
1427,evt_00014874,2026-06-19,email_open
1427,evt_00014863,2026-06-21,email_open
1427,evt_00014861,2026-06-22,email_open
1427,evt_00014873,2026-06-24,email_open
1427,evt_00014871,2026-07-04,email_open
1427,evt_00014864,2026-07-13,email_open
1427,evt_00014870,2026-07-26,form_fill
1427,evt_00014862,2026-07-31,email_click
1427,evt_00014865,2026-07-31,email_open
1427,evt_00014868,2026-08-02,demo_request
1427,evt_00014872,2026-08-02,email_open
1427,evt_00014875,2026-08-02,website_visit
1427,evt_00014876,2026-08-03,email_open
1427,evt_00014866,2026-08-04,email_click
1427,evt_00014867,2026-08-04,email_open
1428,evt_00014902,2026-02-18,email_click
1428,evt_00014897,2026-02-27,form_fill
1428,evt_00014891,2026-03-03,email_click
1428,evt_00014896,2026-03-04,website_visit
1428,evt_00014886,2026-03-18,email_open
1428,evt_00014895,2026-03-22,email_open
1428,evt_00014900,2026-04-01,email_open
1428,evt_00014887,2026-04-02,form_fill
1428,evt_00014880,2026-04-03,website_visit
1428,evt_00014884,2026-04-10,email_click
1428,evt_00014885,2026-04-11,website_visit
1428,evt_00014879,2026-04-17,email_click
1428,evt_00014889,2026-05-05,website_visit
1428,evt_00014899,2026-05-14,website_visit
1428,evt_00014892,2026-05-15,email_open
1428,evt_00014888,2026-05-20,form_fill
1428,evt_00014901,2026-06-01,email_click
1428,evt_00014883,2026-06-03,email_open
1428,evt_00014903,2026-06-11,email_open
1428,evt_00014894,2026-06-12,website_visit
1428,evt_00014893,2026-07-05,email_open
1428,evt_00014882,2026-07-08,website_visit
1428,evt_00014890,2026-07-08,demo_request
1428,evt_00014878,2026-07-22,email_open
1428,evt_00014881,2026-07-25,email_open
1428,evt_00014898,2026-07-25,email_open
1428,evt_00014904,2026-07-28,email_open
1429,evt_00014905,2026-04-10,email_open
1429,evt_00014907,2026-04-22,email_open
1429,evt_00014911,2026-04-28,email_click
1429,evt_00014908,2026-06-14,website_visit
1429,evt_00014906,2026-06-19,email_open
1429,evt_00014910,2026-07-22,email_open
1429,evt_00014909,2026-07-23,email_open
1429,evt_00014912,2026-08-01,email_open
1430,evt_00014916,2026-07-13,email_open
1430,evt_00014913,2026-07-14,demo_request
1430,evt_00014919,2026-07-14,website_visit
1430,evt_00014920,2026-07-15,email_open
1430,evt_00014915,2026-07-17,website_visit
1430,evt_00014918,2026-07-22,email_open
1430,evt_00014917,2026-07-26,email_open
1430,evt_00014914,2026-08-06,email_open
1431,evt_00014926,2026-05-25,email_open
1431,evt_00014924,2026-05-31,email_open
1431,evt_00014921,2026-06-03,form_fill
1431,evt_00014923,2026-06-05,website_visit
1431,evt_00014925,2026-06-07,website_visit
1431,evt_00014928,2026-06-21,email_open
1431,evt_00014931,2026-06-23,email_open
1431,evt_00014929,2026-06-30,website_visit
1431,evt_00014922,2026-07-05,email_open
1431,evt_00014930,2026-07-05,website_visit
1431,evt_00014927,2026-07-21,email_open
1432,evt_00014936,2026-03-26,email_open
1432,evt_00014937,2026-04-02,website_visit
1432,evt_00014942,2026-04-03,website_visit
1432,evt_00014939,2026-04-09,email_open
1432,evt_00014940,2026-05-16,email_click
1432,evt_00014933,2026-06-21,email_open
1432,evt_00014938,2026-07-03,form_fill
1432,evt_00014935,2026-07-06,email_click
1432,evt_00014941,2026-07-16,form_fill
1432,evt_00014934,2026-07-19,email_click
1432,evt_00014932,2026-08-03,email_open
1433,evt_00014943,2026-06-17,website_visit
1434,evt_00014944,2026-04-29,demo_request
1434,evt_00014950,2026-05-01,email_open
1434,evt_00014949,2026-05-02,email_click
1434,evt_00014947,2026-05-08,email_open
1434,evt_00014946,2026-05-13,website_visit
1434,evt_00014945,2026-05-26,email_open
1434,evt_00014954,2026-06-01,email_open
1434,evt_00014948,2026-06-11,website_visit
1434,evt_00014953,2026-06-13,email_open
1434,evt_00014951,2026-07-03,email_click
1434,evt_00014955,2026-07-14,website_visit
1434,evt_00014952,2026-07-26,email_click
1435,evt_00014963,2026-04-27,demo_request
1435,evt_00014967,2026-04-28,email_click
1435,evt_00014957,2026-05-11,email_open
1435,evt_00014969,2026-05-26,form_fill
1435,evt_00014964,2026-06-22,email_open
1435,evt_00014968,2026-06-24,email_click
1435,evt_00014959,2026-06-29,form_fill
1435,evt_00014956,2026-07-05,website_visit
1435,evt_00014962,2026-07-10,website_visit
1435,evt_00014958,2026-07-11,demo_request
1435,evt_00014966,2026-07-12,email_open
1435,evt_00014960,2026-07-20,website_visit
1435,evt_00014961,2026-07-28,email_open
1435,evt_00014965,2026-08-02,website_visit
1436,evt_00014973,2026-02-25,email_click
1436,evt_00014974,2026-02-28,email_open
1436,evt_00014975,2026-03-01,email_open
1436,evt_00014970,2026-03-23,email_open
1436,evt_00014972,2026-05-17,email_open
1436,evt_00014971,2026-06-06,website_visit
1437,evt_00014976,2026-07-01,website_visit
1438,evt_00014986,2026-07-03,email_open
1438,evt_00014983,2026-07-06,form_fill
1438,evt_00014985,2026-07-12,email_open
1438,evt_00014992,2026-07-12,email_open
1438,evt_00014984,2026-07-14,email_open
1438,evt_00014980,2026-07-18,form_fill
1438,evt_00014982,2026-07-20,form_fill
1438,evt_00014988,2026-07-24,email_open
1438,evt_00014978,2026-07-28,email_click
1438,evt_00014979,2026-07-29,website_visit
1438,evt_00014987,2026-08-02,email_open
1438,evt_00014989,2026-08-05,email_click
1438,evt_00014977,2026-08-06,email_open
1438,evt_00014990,2026-08-06,email_click
1438,evt_00014981,2026-08-07,email_open
1438,evt_00014991,2026-08-08,email_open
1439,evt_00014998,2026-06-05,form_fill
1439,evt_00015000,2026-06-18,email_open
1439,evt_00014993,2026-06-21,website_visit
1439,evt_00014994,2026-06-26,email_open
1439,evt_00014999,2026-06-28,form_fill
1439,evt_00014995,2026-07-10,email_open
1439,evt_00014996,2026-07-15,email_click
1439,evt_00014997,2026-07-20,website_visit
1440,evt_00015009,2026-04-12,form_fill
1440,evt_00015005,2026-04-17,email_open
1440,evt_00015008,2026-05-03,email_click
1440,evt_00015002,2026-06-20,form_fill
1440,evt_00015001,2026-06-22,email_open
1440,evt_00015004,2026-06-28,website_visit
1440,evt_00015007,2026-07-19,email_open
1440,evt_00015010,2026-07-22,demo_request
1440,evt_00015003,2026-07-25,email_open
1440,evt_00015006,2026-08-01,email_open
1441,evt_00015019,2026-08-03,demo_request
1441,evt_00015013,2026-08-04,website_visit
1441,evt_00015012,2026-08-05,email_open
1441,evt_00015016,2026-08-05,email_click
1441,evt_00015017,2026-08-05,email_open
1441,evt_00015018,2026-08-05,email_open
1441,evt_00015015,2026-08-06,email_click
1441,evt_00015011,2026-08-08,email_click
1441,evt_00015014,2026-08-08,email_click
1442,evt_00015030,2026-07-13,email_open
1442,evt_00015026,2026-07-14,website_visit
1442,evt_00015028,2026-07-23,email_open
1442,evt_00015021,2026-07-27,website_visit
1442,evt_00015027,2026-07-27,website_visit
1442,evt_00015023,2026-07-29,email_open
1442,evt_00015020,2026-08-06,email_open
1442,evt_00015022,2026-08-06,email_click
1442,evt_00015024,2026-08-06,email_click
1442,evt_00015025,2026-08-08,email_click
1442,evt_00015029,2026-08-08,email_open
1443,evt_00015037,2026-06-06,email_open
1443,evt_00015042,2026-06-06,website_visit
1443,evt_00015050,2026-06-06,email_open
1443,evt_00015055,2026-06-06,website_visit
1443,evt_00015043,2026-06-08,email_open
1443,evt_00015061,2026-06-08,email_open
1443,evt_00015056,2026-06-10,email_click
1443,evt_00015035,2026-06-12,demo_request
1443,evt_00015044,2026-06-13,email_open
1443,evt_00015031,2026-06-15,website_visit
1443,evt_00015046,2026-06-15,website_visit
1443,evt_00015053,2026-06-16,website_visit
1443,evt_00015059,2026-06-20,email_open
1443,evt_00015032,2026-06-23,email_open
1443,evt_00015060,2026-06-24,email_open
1443,evt_00015048,2026-06-28,email_click
1443,evt_00015034,2026-06-29,website_visit
1443,evt_00015045,2026-06-30,email_click
1443,evt_00015049,2026-06-30,email_open
1443,evt_00015052,2026-07-04,email_open
1443,evt_00015058,2026-07-05,email_open
1443,evt_00015062,2026-07-05,email_open
1443,evt_00015041,2026-07-07,form_fill
1443,evt_00015036,2026-07-09,email_open
1443,evt_00015040,2026-07-14,email_open
1443,evt_00015038,2026-07-15,email_open
1443,evt_00015063,2026-07-18,email_click
1443,evt_00015051,2026-07-19,email_click
1443,evt_00015057,2026-07-26,email_open
1443,evt_00015047,2026-07-27,email_open
1443,evt_00015054,2026-07-30,email_open
1443,evt_00015033,2026-08-02,email_open
1443,evt_00015039,2026-08-03,website_visit
1444,evt_00015093,2026-05-23,website_visit
1444,evt_00015087,2026-05-27,email_click
1444,evt_00015073,2026-05-29,email_open
1444,evt_00015067,2026-05-31,form_fill
1444,evt_00015080,2026-06-09,website_visit
1444,evt_00015081,2026-06-12,website_visit
1444,evt_00015084,2026-06-12,email_open
1444,evt_00015074,2026-06-13,email_open
1444,evt_00015070,2026-06-15,email_open
1444,evt_00015092,2026-06-20,email_open
1444,evt_00015096,2026-06-20,email_click
1444,evt_00015088,2026-06-27,website_visit
1444,evt_00015065,2026-06-28,website_visit
1444,evt_00015064,2026-06-29,email_click
1444,evt_00015077,2026-07-02,email_open
1444,evt_00015066,2026-07-03,website_visit
1444,evt_00015071,2026-07-04,email_open
1444,evt_00015086,2026-07-04,email_open
1444,evt_00015076,2026-07-13,email_click
1444,evt_00015082,2026-07-14,form_fill
1444,evt_00015094,2026-07-27,form_fill
1444,evt_00015095,2026-07-27,form_fill
1444,evt_00015068,2026-08-01,email_open
1444,evt_00015072,2026-08-02,website_visit
1444,evt_00015090,2026-08-02,email_click
1444,evt_00015078,2026-08-03,email_open
1444,evt_00015089,2026-08-04,form_fill
1444,evt_00015069,2026-08-05,email_open
1444,evt_00015075,2026-08-05,demo_request
1444,evt_00015085,2026-08-06,email_click
1444,evt_00015079,2026-08-07,website_visit
1444,evt_00015091,2026-08-07,email_open
1444,evt_00015083,2026-08-08,email_click
1445,evt_00015099,2026-07-06,website_visit
1445,evt_00015098,2026-07-10,email_open
1445,evt_00015100,2026-07-14,email_open
1445,evt_00015103,2026-07-16,website_visit
1445,evt_00015097,2026-07-17,website_visit
1445,evt_00015101,2026-07-30,email_open
1445,evt_00015102,2026-08-02,email_click
1446,evt_00015151,2026-04-27,website_visit
1446,evt_00015178,2026-04-27,email_open
1446,evt_00015134,2026-04-28,email_click
1446,evt_00015161,2026-04-28,email_click
1446,evt_00015118,2026-04-30,email_click
1446,evt_00015173,2026-05-03,email_open
1446,evt_00015155,2026-05-04,email_click
1446,evt_00015162,2026-05-04,email_open
1446,evt_00015177,2026-05-04,website_visit
1446,evt_00015110,2026-05-05,website_visit
1446,evt_00015172,2026-05-05,email_open
1446,evt_00015108,2026-05-06,email_open
1446,evt_00015154,2026-05-07,email_open
1446,evt_00015131,2026-05-10,email_open
1446,evt_00015165,2026-05-14,website_visit
1446,evt_00015145,2026-05-19,email_open
1446,evt_00015180,2026-05-23,email_open
1446,evt_00015105,2026-05-24,website_visit
1446,evt_00015179,2026-05-24,website_visit
1446,evt_00015136,2026-05-25,email_open
1446,evt_00015117,2026-05-27,form_fill
1446,evt_00015169,2026-06-04,email_click
1446,evt_00015127,2026-06-08,email_open
1446,evt_00015153,2026-06-08,email_open
1446,evt_00015163,2026-06-08,email_open
1446,evt_00015114,2026-06-09,email_open
1446,evt_00015140,2026-06-09,email_open
1446,evt_00015142,2026-06-09,email_open
1446,evt_00015168,2026-06-09,website_visit
1446,evt_00015166,2026-06-11,email_click
1446,evt_00015170,2026-06-11,email_open
1446,evt_00015121,2026-06-12,email_open
1446,evt_00015104,2026-06-13,website_visit
1446,evt_00015112,2026-06-13,email_open
1446,evt_00015152,2026-06-13,email_click
1446,evt_00015171,2026-06-14,website_visit
1446,evt_00015182,2026-06-14,website_visit
1446,evt_00015150,2026-06-15,website_visit
1446,evt_00015184,2026-06-17,email_click
1446,evt_00015115,2026-06-19,form_fill
1446,evt_00015157,2026-06-19,email_click
1446,evt_00015132,2026-06-21,website_visit
1446,evt_00015148,2026-06-21,email_open
1446,evt_00015147,2026-06-23,email_open
1446,evt_00015130,2026-06-25,email_open
1446,evt_00015159,2026-06-27,email_click
1446,evt_00015137,2026-06-28,form_fill
1446,evt_00015133,2026-06-29,email_click
1446,evt_00015138,2026-06-29,website_visit
1446,evt_00015167,2026-06-29,email_open
1446,evt_00015128,2026-07-02,email_open
1446,evt_00015143,2026-07-03,email_open
1446,evt_00015107,2026-07-04,email_open
1446,evt_00015111,2026-07-04,website_visit
1446,evt_00015126,2026-07-05,email_open
1446,evt_00015183,2026-07-05,email_open
1446,evt_00015141,2026-07-06,website_visit
1446,evt_00015123,2026-07-07,form_fill
1446,evt_00015164,2026-07-09,email_open
1446,evt_00015174,2026-07-09,demo_request
1446,evt_00015109,2026-07-12,email_open
1446,evt_00015106,2026-07-13,email_open
1446,evt_00015176,2026-07-13,email_open
1446,evt_00015146,2026-07-14,website_visit
1446,evt_00015156,2026-07-14,email_open
1446,evt_00015116,2026-07-18,email_open
1446,evt_00015120,2026-07-19,email_click
1446,evt_00015122,2026-07-19,form_fill
1446,evt_00015144,2026-07-22,website_visit
1446,evt_00015185,2026-07-22,website_visit
1446,evt_00015124,2026-07-23,email_open
1446,evt_00015181,2026-07-23,website_visit
1446,evt_00015158,2026-07-26,email_click
1446,evt_00015139,2026-07-28,website_visit
1446,evt_00015149,2026-07-28,demo_request
1446,evt_00015113,2026-07-29,form_fill
1446,evt_00015129,2026-08-01,form_fill
1446,evt_00015175,2026-08-01,website_visit
1446,evt_00015119,2026-08-03,email_open
1446,evt_00015135,2026-08-03,email_open
1446,evt_00015125,2026-08-08,website_visit
1446,evt_00015160,2026-08-08,email_open
1447,evt_00015192,2026-06-27,email_open
1447,evt_00015186,2026-07-04,email_open
1447,evt_00015196,2026-07-06,email_open
1447,evt_00015197,2026-07-12,email_click
1447,evt_00015187,2026-07-13,email_click
1447,evt_00015188,2026-07-15,email_open
1447,evt_00015190,2026-07-17,email_open
1447,evt_00015193,2026-07-23,email_open
1447,evt_00015195,2026-07-26,email_click
1447,evt_00015189,2026-07-31,demo_request
1447,evt_00015191,2026-08-05,website_visit
1447,evt_00015194,2026-08-05,website_visit
1448,evt_00015198,2026-07-23,email_open
1448,evt_00015202,2026-07-23,email_click
1448,evt_00015205,2026-07-23,form_fill
1448,evt_00015206,2026-07-25,email_open
1448,evt_00015200,2026-07-31,email_open
1448,evt_00015203,2026-08-01,email_open
1448,evt_00015201,2026-08-03,email_open
1448,evt_00015204,2026-08-04,email_open
1448,evt_00015199,2026-08-06,email_open
1449,evt_00015208,2026-04-16,website_visit
1449,evt_00015214,2026-04-17,website_visit
1449,evt_00015215,2026-04-18,website_visit
1449,evt_00015216,2026-04-21,email_open
1449,evt_00015213,2026-05-18,email_open
1449,evt_00015210,2026-06-12,email_click
1449,evt_00015211,2026-06-17,email_open
1449,evt_00015207,2026-07-14,website_visit
1449,evt_00015209,2026-07-22,email_open
1449,evt_00015217,2026-07-29,email_click
1449,evt_00015212,2026-08-04,email_click
1450,evt_00015219,2026-05-15,email_open
1450,evt_00015218,2026-05-27,demo_request
1451,evt_00015240,2026-06-29,website_visit
1451,evt_00015257,2026-06-30,email_click
1451,evt_00015254,2026-07-01,email_open
1451,evt_00015221,2026-07-04,email_open
1451,evt_00015244,2026-07-06,email_open
1451,evt_00015222,2026-07-09,email_click
1451,evt_00015232,2026-07-10,email_open
1451,evt_00015231,2026-07-13,email_open
1451,evt_00015250,2026-07-13,email_open
1451,evt_00015229,2026-07-14,email_open
1451,evt_00015245,2026-07-15,email_click
1451,evt_00015230,2026-07-16,website_visit
1451,evt_00015247,2026-07-16,email_click
1451,evt_00015253,2026-07-18,email_open
1451,evt_00015224,2026-07-19,email_click
1451,evt_00015249,2026-07-20,form_fill
1451,evt_00015225,2026-07-21,website_visit
1451,evt_00015256,2026-07-21,email_click
1451,evt_00015238,2026-07-22,website_visit
1451,evt_00015252,2026-07-22,email_open
1451,evt_00015239,2026-07-23,website_visit
1451,evt_00015220,2026-07-24,email_open
1451,evt_00015241,2026-07-24,email_open
1451,evt_00015233,2026-07-25,email_click
1451,evt_00015243,2026-07-25,email_click
1451,evt_00015223,2026-07-26,email_open
1451,evt_00015255,2026-07-26,email_open
1451,evt_00015234,2026-07-27,email_click
1451,evt_00015251,2026-07-27,form_fill
1451,evt_00015237,2026-07-30,email_open
1451,evt_00015236,2026-08-02,email_open
1451,evt_00015248,2026-08-03,website_visit
1451,evt_00015227,2026-08-04,email_open
1451,evt_00015228,2026-08-04,email_open
1451,evt_00015246,2026-08-04,website_visit
1451,evt_00015226,2026-08-05,website_visit
1451,evt_00015242,2026-08-05,email_click
1451,evt_00015235,2026-08-08,email_open
1452,evt_00015259,2026-05-07,email_click
1452,evt_00015262,2026-06-06,email_open
1452,evt_00015260,2026-06-21,website_visit
1452,evt_00015263,2026-06-25,email_click
1452,evt_00015261,2026-07-10,email_click
1452,evt_00015258,2026-07-30,email_open
1453,evt_00015282,2026-06-08,email_open
1453,evt_00015276,2026-06-16,email_open
1453,evt_00015266,2026-06-20,email_open
1453,evt_00015268,2026-06-23,email_open
1453,evt_00015281,2026-06-23,website_visit
1453,evt_00015271,2026-06-25,form_fill
1453,evt_00015285,2026-06-30,website_visit
1453,evt_00015280,2026-07-02,website_visit
1453,evt_00015264,2026-07-07,email_open
1453,evt_00015278,2026-07-08,email_open
1453,evt_00015279,2026-07-08,email_open
1453,evt_00015275,2026-07-11,website_visit
1453,evt_00015265,2026-07-12,email_open
1453,evt_00015284,2026-07-17,email_click
1453,evt_00015273,2026-07-18,website_visit
1453,evt_00015277,2026-07-20,form_fill
1453,evt_00015269,2026-07-21,email_open
1453,evt_00015270,2026-07-25,email_open
1453,evt_00015274,2026-07-26,email_open
1453,evt_00015272,2026-07-29,website_visit
1453,evt_00015283,2026-07-30,email_open
1453,evt_00015267,2026-08-08,website_visit
1454,evt_00015288,2026-04-12,website_visit
1454,evt_00015290,2026-04-23,website_visit
1454,evt_00015287,2026-05-06,email_click
1454,evt_00015289,2026-07-09,website_visit
1454,evt_00015292,2026-07-20,demo_request
1454,evt_00015286,2026-08-02,email_open
1454,evt_00015291,2026-08-06,email_open
1455,evt_00015296,2026-03-18,email_open
1455,evt_00015295,2026-03-27,website_visit
1455,evt_00015293,2026-03-30,email_open
1455,evt_00015294,2026-04-05,email_open
1455,evt_00015297,2026-04-19,email_open
1456,evt_00015306,2026-07-20,email_click
1456,evt_00015299,2026-07-29,website_visit
1456,evt_00015303,2026-07-30,form_fill
1456,evt_00015298,2026-08-03,demo_request
1456,evt_00015305,2026-08-03,form_fill
1456,evt_00015300,2026-08-04,website_visit
1456,evt_00015302,2026-08-05,email_open
1456,evt_00015304,2026-08-06,email_click
1456,evt_00015301,2026-08-08,website_visit
1457,evt_00015313,2026-04-01,email_click
1457,evt_00015312,2026-04-08,email_open
1457,evt_00015307,2026-05-18,email_open
1457,evt_00015310,2026-05-24,email_open
1457,evt_00015315,2026-05-27,website_visit
1457,evt_00015314,2026-06-11,email_open
1457,evt_00015318,2026-06-28,email_open
1457,evt_00015311,2026-07-03,email_open
1457,evt_00015316,2026-07-06,website_visit
1457,evt_00015308,2026-07-17,email_open
1457,evt_00015317,2026-07-19,email_click
1457,evt_00015309,2026-07-30,website_visit
1458,evt_00015326,2026-06-01,form_fill
1458,evt_00015331,2026-06-03,email_open
1458,evt_00015328,2026-06-07,website_visit
1458,evt_00015324,2026-06-13,website_visit
1458,evt_00015330,2026-06-17,email_click
1458,evt_00015329,2026-06-18,email_open
1458,evt_00015323,2026-06-19,website_visit
1458,evt_00015320,2026-06-28,email_open
1458,evt_00015321,2026-07-24,website_visit
1458,evt_00015322,2026-07-29,email_click
1458,evt_00015327,2026-08-01,email_open
1458,evt_00015325,2026-08-02,email_open
1458,evt_00015319,2026-08-06,email_click
1460,evt_00015338,2026-06-18,website_visit
1460,evt_00015336,2026-06-20,email_open
1460,evt_00015337,2026-06-22,website_visit
1460,evt_00015335,2026-06-23,form_fill
1460,evt_00015332,2026-06-25,website_visit
1460,evt_00015334,2026-07-01,email_click
1460,evt_00015333,2026-07-18,email_click
1461,evt_00015341,2026-07-26,email_open
1461,evt_00015339,2026-08-05,website_visit
1461,evt_00015340,2026-08-05,email_open
1462,evt_00015342,2026-05-15,email_open
1462,evt_00015347,2026-05-15,email_click
1462,evt_00015349,2026-05-31,email_open
1462,evt_00015344,2026-06-06,email_open
1462,evt_00015346,2026-06-11,form_fill
1462,evt_00015348,2026-07-16,email_open
1462,evt_00015343,2026-07-17,website_visit
1462,evt_00015350,2026-07-26,email_open
1462,evt_00015351,2026-07-26,email_click
1462,evt_00015345,2026-08-04,website_visit
1463,evt_00015353,2026-03-01,email_click
1463,evt_00015356,2026-05-21,website_visit
1463,evt_00015355,2026-06-04,email_open
1463,evt_00015359,2026-06-10,email_open
1463,evt_00015352,2026-06-13,website_visit
1463,evt_00015357,2026-06-14,website_visit
1463,evt_00015358,2026-07-15,email_click
1463,evt_00015354,2026-07-21,email_open
1464,evt_00015363,2026-04-23,email_open
1464,evt_00015362,2026-06-02,email_open
1464,evt_00015361,2026-06-12,email_open
1464,evt_00015360,2026-06-14,email_open
1464,evt_00015364,2026-07-10,email_open
1465,evt_00015366,2026-07-10,email_open
1465,evt_00015365,2026-07-15,email_open
1465,evt_00015367,2026-07-20,email_open
1465,evt_00015368,2026-07-28,email_open
1467,evt_00015393,2026-03-05,email_click
1467,evt_00015385,2026-03-22,email_open
1467,evt_00015377,2026-04-04,email_click
1467,evt_00015375,2026-04-05,form_fill
1467,evt_00015389,2026-04-05,email_click
1467,evt_00015384,2026-04-06,email_click
1467,evt_00015387,2026-04-16,email_click
1467,evt_00015379,2026-04-17,email_click
1467,evt_00015371,2026-05-12,website_visit
1467,evt_00015370,2026-05-19,form_fill
1467,evt_00015392,2026-05-23,website_visit
1467,evt_00015388,2026-05-31,email_open
1467,evt_00015391,2026-06-01,email_open
1467,evt_00015380,2026-06-06,website_visit
1467,evt_00015386,2026-06-16,website_visit
1467,evt_00015373,2026-06-17,form_fill
1467,evt_00015382,2026-06-25,email_click
1467,evt_00015381,2026-06-27,email_open
1467,evt_00015376,2026-07-06,email_click
1467,evt_00015378,2026-07-11,website_visit
1467,evt_00015372,2026-07-15,email_open
1467,evt_00015374,2026-07-16,website_visit
1467,evt_00015383,2026-07-16,website_visit
1467,evt_00015390,2026-07-24,website_visit
1467,evt_00015369,2026-08-06,form_fill
1468,evt_00015400,2026-05-14,email_open
1468,evt_00015399,2026-05-17,email_open
1468,evt_00015396,2026-05-18,email_open
1468,evt_00015404,2026-05-20,demo_request
1468,evt_00015410,2026-05-20,email_open
1468,evt_00015402,2026-05-31,email_click
1468,evt_00015408,2026-06-03,website_visit
1468,evt_00015401,2026-06-16,email_open
1468,evt_00015403,2026-06-17,email_click
1468,evt_00015394,2026-06-21,email_open
1468,evt_00015398,2026-06-23,email_open
1468,evt_00015395,2026-07-04,email_open
1468,evt_00015409,2026-07-04,email_open
1468,evt_00015407,2026-07-11,email_open
1468,evt_00015411,2026-07-27,email_click
1468,evt_00015406,2026-07-31,email_open
1468,evt_00015397,2026-08-03,email_open
1468,evt_00015412,2026-08-07,website_visit
1468,evt_00015405,2026-08-08,email_open
1469,evt_00015413,2026-05-30,website_visit
1469,evt_00015415,2026-06-10,email_click
1469,evt_00015414,2026-06-21,email_click
1469,evt_00015416,2026-06-24,email_click
1469,evt_00015417,2026-07-05,email_open
1469,evt_00015418,2026-07-30,form_fill
1470,evt_00015431,2026-07-08,website_visit
1470,evt_00015423,2026-07-09,email_click
1470,evt_00015426,2026-07-10,website_visit
1470,evt_00015435,2026-07-11,website_visit
1470,evt_00015432,2026-07-12,email_open
1470,evt_00015453,2026-07-12,email_open
1470,evt_00015455,2026-07-12,email_open
1470,evt_00015452,2026-07-13,email_open
1470,evt_00015434,2026-07-14,email_click
1470,evt_00015440,2026-07-14,demo_request
1470,evt_00015454,2026-07-15,email_click
1470,evt_00015420,2026-07-16,email_open
1470,evt_00015427,2026-07-17,email_open
1470,evt_00015447,2026-07-17,email_open
1470,evt_00015448,2026-07-17,email_open
1470,evt_00015433,2026-07-18,email_click
1470,evt_00015421,2026-07-19,website_visit
1470,evt_00015438,2026-07-19,email_open
1470,evt_00015428,2026-07-21,email_open
1470,evt_00015442,2026-07-22,email_click
1470,evt_00015450,2026-07-22,email_open
1470,evt_00015424,2026-07-23,email_click
1470,evt_00015429,2026-07-27,website_visit
1470,evt_00015422,2026-07-28,email_open
1470,evt_00015425,2026-07-28,email_open
1470,evt_00015443,2026-07-29,website_visit
1470,evt_00015444,2026-07-29,email_open
1470,evt_00015430,2026-07-30,email_open
1470,evt_00015441,2026-07-30,email_open
1470,evt_00015439,2026-08-01,website_visit
1470,evt_00015419,2026-08-02,website_visit
1470,evt_00015446,2026-08-02,form_fill
1470,evt_00015437,2026-08-03,website_visit
1470,evt_00015445,2026-08-03,email_open
1470,evt_00015436,2026-08-04,email_open
1470,evt_00015451,2026-08-05,email_open
1470,evt_00015449,2026-08-06,website_visit
1471,evt_00015459,2026-06-11,website_visit
1471,evt_00015456,2026-06-19,email_click
1471,evt_00015468,2026-06-21,email_open
1471,evt_00015472,2026-06-24,email_open
1471,evt_00015466,2026-06-26,email_open
1471,evt_00015474,2026-06-28,email_click
1471,evt_00015462,2026-07-05,website_visit
1471,evt_00015464,2026-07-05,email_open
1471,evt_00015470,2026-07-06,email_open
1471,evt_00015467,2026-07-08,website_visit
1471,evt_00015460,2026-07-12,email_click
1471,evt_00015475,2026-07-12,email_open
1471,evt_00015465,2026-07-13,website_visit
1471,evt_00015473,2026-07-22,website_visit
1471,evt_00015463,2026-07-23,email_open
1471,evt_00015457,2026-07-24,form_fill
1471,evt_00015471,2026-07-25,email_open
1471,evt_00015458,2026-07-26,email_open
1471,evt_00015461,2026-07-27,website_visit
1471,evt_00015469,2026-08-02,email_click
1471,evt_00015476,2026-08-06,website_visit
1472,evt_00015477,2026-05-24,website_visit
1472,evt_00015479,2026-06-13,email_click
1472,evt_00015478,2026-07-23,website_visit
1473,evt_00015480,2026-07-23,email_open
1474,evt_00015485,2026-06-12,email_open
1474,evt_00015484,2026-06-13,website_visit
1474,evt_00015487,2026-06-15,website_visit
1474,evt_00015489,2026-06-30,email_click
1474,evt_00015482,2026-07-04,website_visit
1474,evt_00015488,2026-07-11,email_open
1474,evt_00015481,2026-07-19,website_visit
1474,evt_00015486,2026-07-24,website_visit
1474,evt_00015483,2026-08-03,email_click
1475,evt_00015493,2026-05-02,website_visit
1475,evt_00015490,2026-06-15,email_open
1475,evt_00015491,2026-06-27,email_click
1475,evt_00015492,2026-07-28,email_open
1476,evt_00015513,2026-07-15,email_open
1476,evt_00015494,2026-07-16,email_open
1476,evt_00015507,2026-07-17,email_open
1476,evt_00015510,2026-07-18,form_fill
1476,evt_00015499,2026-07-19,email_open
1476,evt_00015498,2026-07-21,email_click
1476,evt_00015516,2026-07-21,email_open
1476,evt_00015518,2026-07-21,form_fill
1476,evt_00015500,2026-07-22,email_open
1476,evt_00015497,2026-07-24,email_open
1476,evt_00015503,2026-07-26,website_visit
1476,evt_00015495,2026-07-30,form_fill
1476,evt_00015506,2026-07-30,email_open
1476,evt_00015509,2026-07-30,email_open
1476,evt_00015496,2026-07-31,email_click
1476,evt_00015504,2026-08-02,website_visit
1476,evt_00015508,2026-08-03,email_open
1476,evt_00015512,2026-08-03,website_visit
1476,evt_00015517,2026-08-03,email_open
1476,evt_00015511,2026-08-04,website_visit
1476,evt_00015501,2026-08-05,email_open
1476,evt_00015505,2026-08-05,email_open
1476,evt_00015502,2026-08-06,form_fill
1476,evt_00015515,2026-08-06,email_open
1476,evt_00015519,2026-08-07,email_open
1476,evt_00015514,2026-08-08,email_open
1477,evt_00015520,2026-07-27,website_visit
1477,evt_00015523,2026-07-29,email_open
1477,evt_00015526,2026-07-29,email_open
1477,evt_00015522,2026-07-30,website_visit
1477,evt_00015524,2026-07-31,email_open
1477,evt_00015525,2026-08-01,email_open
1477,evt_00015521,2026-08-05,email_open
1477,evt_00015527,2026-08-05,email_click
1478,evt_00015530,2026-06-18,email_open
1478,evt_00015532,2026-07-24,website_visit
1478,evt_00015528,2026-07-27,email_click
1478,evt_00015531,2026-08-07,website_visit
1478,evt_00015529,2026-08-08,form_fill
1479,evt_00015534,2026-07-18,website_visit
1479,evt_00015539,2026-07-18,email_click
1479,evt_00015541,2026-07-20,email_open
1479,evt_00015548,2026-07-20,email_open
1479,evt_00015535,2026-07-23,email_click
1479,evt_00015542,2026-07-24,email_open
1479,evt_00015537,2026-07-28,email_click
1479,evt_00015538,2026-07-28,email_open
1479,evt_00015536,2026-07-30,website_visit
1479,evt_00015546,2026-07-31,email_open
1479,evt_00015540,2026-08-02,website_visit
1479,evt_00015547,2026-08-02,website_visit
1479,evt_00015543,2026-08-03,email_open
1479,evt_00015544,2026-08-03,email_click
1479,evt_00015533,2026-08-06,website_visit
1479,evt_00015545,2026-08-06,email_open
1480,evt_00015549,2026-06-22,email_open
1480,evt_00015553,2026-06-25,email_open
1480,evt_00015555,2026-06-28,form_fill
1480,evt_00015550,2026-07-15,website_visit
1480,evt_00015551,2026-07-21,email_click
1480,evt_00015554,2026-07-21,email_click
1480,evt_00015556,2026-07-31,email_open
1480,evt_00015552,2026-08-02,email_click
1481,evt_00015557,2026-07-19,website_visit
1481,evt_00015558,2026-07-19,email_open
1481,evt_00015559,2026-07-28,website_visit
1482,evt_00015563,2026-04-09,website_visit
1482,evt_00015565,2026-05-11,email_click
1482,evt_00015560,2026-05-26,email_open
1482,evt_00015562,2026-06-24,website_visit
1482,evt_00015561,2026-07-02,website_visit
1482,evt_00015564,2026-07-13,email_click
1483,evt_00015566,2026-08-05,email_click
1483,evt_00015567,2026-08-06,website_visit
1483,evt_00015568,2026-08-08,website_visit
1484,evt_00015575,2026-04-12,email_open
1484,evt_00015577,2026-05-09,website_visit
1484,evt_00015573,2026-05-19,website_visit
1484,evt_00015570,2026-05-29,email_open
1484,evt_00015569,2026-05-31,website_visit
1484,evt_00015576,2026-06-23,form_fill
1484,evt_00015574,2026-06-25,website_visit
1484,evt_00015571,2026-07-06,email_open
1484,evt_00015572,2026-07-27,email_click
1485,evt_00015589,2026-05-17,email_open
1485,evt_00015601,2026-05-23,email_open
1485,evt_00015584,2026-05-27,website_visit
1485,evt_00015580,2026-06-02,email_open
1485,evt_00015579,2026-06-03,demo_request
1485,evt_00015597,2026-06-05,email_open
1485,evt_00015593,2026-06-12,form_fill
1485,evt_00015587,2026-06-14,website_visit
1485,evt_00015590,2026-06-21,email_open
1485,evt_00015591,2026-06-23,email_open
1485,evt_00015595,2026-06-23,website_visit
1485,evt_00015592,2026-07-02,email_click
1485,evt_00015583,2026-07-03,email_open
1485,evt_00015598,2026-07-07,email_open
1485,evt_00015600,2026-07-07,email_open
1485,evt_00015586,2026-07-09,email_click
1485,evt_00015588,2026-07-12,website_visit
1485,evt_00015581,2026-07-15,email_open
1485,evt_00015596,2026-07-15,form_fill
1485,evt_00015602,2026-07-21,email_open
1485,evt_00015585,2026-07-29,email_open
1485,evt_00015599,2026-07-31,email_open
1485,evt_00015594,2026-08-02,email_open
1485,evt_00015578,2026-08-05,email_open
1485,evt_00015582,2026-08-05,email_click
1486,evt_00015608,2026-07-10,website_visit
1486,evt_00015615,2026-07-10,website_visit
1486,evt_00015621,2026-07-11,email_open
1486,evt_00015610,2026-07-13,email_open
1486,evt_00015614,2026-07-14,email_open
1486,evt_00015616,2026-07-15,email_open
1486,evt_00015612,2026-07-16,email_click
1486,evt_00015620,2026-07-16,website_visit
1486,evt_00015605,2026-07-21,form_fill
1486,evt_00015607,2026-07-23,website_visit
1486,evt_00015604,2026-07-24,email_click
1486,evt_00015618,2026-07-24,email_open
1486,evt_00015617,2026-07-25,website_visit
1486,evt_00015606,2026-07-26,email_click
1486,evt_00015611,2026-07-27,email_open
1486,evt_00015609,2026-07-31,email_click
1486,evt_00015619,2026-08-01,email_open
1486,evt_00015613,2026-08-04,email_click
1486,evt_00015603,2026-08-08,email_open
1487,evt_00015626,2026-05-16,website_visit
1487,evt_00015627,2026-05-23,email_open
1487,evt_00015623,2026-05-31,email_open
1487,evt_00015625,2026-06-06,email_open
1487,evt_00015628,2026-06-21,website_visit
1487,evt_00015622,2026-06-30,form_fill
1487,evt_00015624,2026-07-09,website_visit
1488,evt_00015634,2026-03-23,email_click
1488,evt_00015631,2026-04-21,email_open
1488,evt_00015639,2026-05-10,email_open
1488,evt_00015643,2026-05-11,email_open
1488,evt_00015635,2026-05-12,email_open
1488,evt_00015630,2026-05-13,website_visit
1488,evt_00015640,2026-05-15,email_click
1488,evt_00015642,2026-06-08,form_fill
1488,evt_00015633,2026-06-19,email_open
1488,evt_00015629,2026-06-20,email_open
1488,evt_00015641,2026-06-27,email_open
1488,evt_00015638,2026-07-28,email_open
1488,evt_00015632,2026-07-30,email_click
1488,evt_00015644,2026-08-04,email_open
1488,evt_00015636,2026-08-05,email_open
1488,evt_00015637,2026-08-05,website_visit
1489,evt_00015645,2026-07-03,email_open
1489,evt_00015652,2026-07-03,form_fill
1489,evt_00015646,2026-07-06,email_open
1489,evt_00015662,2026-07-06,email_open
1489,evt_00015653,2026-07-08,email_open
1489,evt_00015656,2026-07-09,email_open
1489,evt_00015655,2026-07-11,website_visit
1489,evt_00015654,2026-07-13,email_click
1489,evt_00015651,2026-07-14,form_fill
1489,evt_00015658,2026-07-15,email_open
1489,evt_00015650,2026-07-16,website_visit
1489,evt_00015647,2026-07-20,demo_request
1489,evt_00015659,2026-07-20,email_open
1489,evt_00015661,2026-07-22,demo_request
1489,evt_00015648,2026-07-27,email_open
1489,evt_00015657,2026-07-30,email_open
1489,evt_00015663,2026-08-05,email_click
1489,evt_00015649,2026-08-06,website_visit
1489,evt_00015660,2026-08-07,website_visit
1490,evt_00015664,2026-07-14,email_open
1490,evt_00015665,2026-08-08,email_click
1491,evt_00015669,2026-04-26,email_open
1491,evt_00015670,2026-05-04,email_open
1491,evt_00015673,2026-05-20,email_open
1491,evt_00015671,2026-05-27,email_open
1491,evt_00015672,2026-05-28,email_click
1491,evt_00015667,2026-06-04,website_visit
1491,evt_00015675,2026-06-14,email_open
1491,evt_00015666,2026-07-16,email_open
1491,evt_00015668,2026-07-28,email_open
1491,evt_00015674,2026-07-29,email_open
1492,evt_00015679,2026-04-05,email_click
1492,evt_00015677,2026-05-17,website_visit
1492,evt_00015680,2026-05-24,website_visit
1492,evt_00015676,2026-05-31,email_click
1492,evt_00015678,2026-06-23,email_open
1493,evt_00015683,2026-07-26,email_open
1493,evt_00015681,2026-08-04,email_click
1493,evt_00015682,2026-08-05,demo_request
1493,evt_00015684,2026-08-08,email_open
1495,evt_00015691,2026-03-24,email_open
1495,evt_00015689,2026-03-31,demo_request
1495,evt_00015686,2026-04-05,form_fill
1495,evt_00015693,2026-04-20,email_click
1495,evt_00015685,2026-05-20,website_visit
1495,evt_00015694,2026-05-26,email_open
1495,evt_00015688,2026-06-13,website_visit
1495,evt_00015687,2026-06-19,website_visit
1495,evt_00015690,2026-07-06,email_click
1495,evt_00015692,2026-07-12,website_visit
1496,evt_00015698,2026-05-25,email_click
1496,evt_00015696,2026-05-26,demo_request
1496,evt_00015699,2026-05-28,website_visit
1496,evt_00015700,2026-06-16,email_open
1496,evt_00015697,2026-07-23,email_open
1496,evt_00015701,2026-07-27,email_click
1496,evt_00015695,2026-08-08,website_visit
1497,evt_00015703,2026-03-31,website_visit
1497,evt_00015708,2026-04-20,email_open
1497,evt_00015709,2026-04-21,form_fill
1497,evt_00015707,2026-04-24,website_visit
1497,evt_00015702,2026-05-01,website_visit
1497,evt_00015705,2026-05-22,website_visit
1497,evt_00015704,2026-05-23,email_open
1497,evt_00015711,2026-06-27,email_open
1497,evt_00015710,2026-06-29,email_open
1497,evt_00015706,2026-07-16,email_click
1498,evt_00015713,2026-04-27,email_open
1498,evt_00015712,2026-07-04,email_click
1499,evt_00015718,2026-05-03,form_fill
1499,evt_00015721,2026-05-09,website_visit
1499,evt_00015722,2026-05-24,email_click
1499,evt_00015723,2026-05-27,website_visit
1499,evt_00015719,2026-05-29,website_visit
1499,evt_00015717,2026-06-03,email_open
1499,evt_00015724,2026-06-04,form_fill
1499,evt_00015716,2026-06-10,form_fill
1499,evt_00015720,2026-06-10,website_visit
1499,evt_00015726,2026-06-17,email_open
1499,evt_00015727,2026-06-19,form_fill
1499,evt_00015714,2026-06-26,email_open
1499,evt_00015725,2026-07-06,form_fill
1499,evt_00015715,2026-07-19,email_click
1500,evt_00015733,2026-06-13,website_visit
1500,evt_00015737,2026-07-03,email_open
1500,evt_00015728,2026-07-05,form_fill
1500,evt_00015729,2026-07-06,email_open
1500,evt_00015730,2026-07-09,email_open
1500,evt_00015731,2026-07-11,email_open
1500,evt_00015736,2026-07-15,email_click
1500,evt_00015734,2026-07-20,website_visit
1500,evt_00015732,2026-07-23,email_click
1500,evt_00015735,2026-07-27,email_open
1501,evt_00015742,2026-07-15,email_open
1501,evt_00015740,2026-07-26,email_click
1501,evt_00015738,2026-07-29,website_visit
1501,evt_00015739,2026-08-02,website_visit
1501,evt_00015741,2026-08-04,email_open
1502,evt_00015744,2026-05-12,form_fill
1502,evt_00015745,2026-05-30,email_open
1502,evt_00015746,2026-07-04,email_open
1502,evt_00015743,2026-07-07,email_open
1503,evt_00015754,2026-02-13,email_click
1503,evt_00015756,2026-03-19,email_open
1503,evt_00015749,2026-04-10,email_click
1503,evt_00015755,2026-04-21,email_click
1503,evt_00015747,2026-05-15,email_open
1503,evt_00015750,2026-06-01,email_click
1503,evt_00015753,2026-07-05,website_visit
1503,evt_00015748,2026-07-22,email_click
1503,evt_00015751,2026-07-23,website_visit
1503,evt_00015752,2026-07-23,email_click
1504,evt_00015759,2026-05-28,email_click
1504,evt_00015757,2026-06-23,email_open
1504,evt_00015758,2026-08-02,email_open
1505,evt_00015772,2026-06-26,email_open
1505,evt_00015775,2026-06-29,email_open
1505,evt_00015769,2026-07-01,website_visit
1505,evt_00015773,2026-07-01,email_open
1505,evt_00015765,2026-07-04,email_open
1505,evt_00015770,2026-07-08,website_visit
1505,evt_00015777,2026-07-09,email_click
1505,evt_00015762,2026-07-11,email_open
1505,evt_00015763,2026-07-14,email_click
1505,evt_00015760,2026-07-15,email_click
1505,evt_00015768,2026-07-17,email_open
1505,evt_00015771,2026-07-20,email_open
1505,evt_00015761,2026-07-22,website_visit
1505,evt_00015766,2026-07-23,demo_request
1505,evt_00015764,2026-07-30,website_visit
1505,evt_00015774,2026-08-01,email_open
1505,evt_00015776,2026-08-02,email_open
1505,evt_00015767,2026-08-07,email_open
1506,evt_00015780,2026-03-03,email_click
1506,evt_00015779,2026-03-28,email_open
1506,evt_00015784,2026-04-03,demo_request
1506,evt_00015782,2026-04-30,email_click
1506,evt_00015778,2026-05-06,website_visit
1506,evt_00015781,2026-06-12,website_visit
1506,evt_00015783,2026-07-20,form_fill
1508,evt_00015786,2026-07-01,email_open
1508,evt_00015785,2026-07-06,website_visit
1508,evt_00015789,2026-07-31,email_open
1508,evt_00015788,2026-08-04,website_visit
1508,evt_00015787,2026-08-07,email_click
1509,evt_00015794,2026-07-04,email_open
1509,evt_00015792,2026-07-07,website_visit
1509,evt_00015791,2026-07-13,website_visit
1509,evt_00015790,2026-08-02,website_visit
1509,evt_00015793,2026-08-05,email_click
1510,evt_00015796,2026-03-23,email_click
1510,evt_00015797,2026-04-17,website_visit
1510,evt_00015795,2026-04-25,email_open
1511,evt_00015825,2026-03-15,email_open
1511,evt_00015819,2026-03-17,email_open
1511,evt_00015810,2026-03-18,form_fill
1511,evt_00015803,2026-03-22,email_open
1511,evt_00015815,2026-04-01,email_open
1511,evt_00015812,2026-04-05,email_click
1511,evt_00015805,2026-04-07,website_visit
1511,evt_00015818,2026-04-07,email_open
1511,evt_00015834,2026-04-15,email_open
1511,evt_00015828,2026-04-27,email_open
1511,evt_00015822,2026-04-28,website_visit
1511,evt_00015800,2026-05-03,email_click
1511,evt_00015830,2026-05-04,email_open
1511,evt_00015832,2026-05-11,website_visit
1511,evt_00015799,2026-05-12,email_open
1511,evt_00015821,2026-05-12,email_click
1511,evt_00015833,2026-05-13,email_open
1511,evt_00015835,2026-05-15,email_open
1511,evt_00015807,2026-05-21,website_visit
1511,evt_00015811,2026-05-26,email_open
1511,evt_00015824,2026-05-26,email_open
1511,evt_00015809,2026-05-27,website_visit
1511,evt_00015804,2026-05-28,website_visit
1511,evt_00015813,2026-05-28,email_open
1511,evt_00015817,2026-06-12,website_visit
1511,evt_00015801,2026-06-13,email_open
1511,evt_00015806,2026-06-16,email_open
1511,evt_00015816,2026-06-17,website_visit
1511,evt_00015814,2026-07-03,email_click
1511,evt_00015820,2026-07-03,email_click
1511,evt_00015798,2026-07-06,email_open
1511,evt_00015827,2026-07-07,website_visit
1511,evt_00015826,2026-07-24,email_click
1511,evt_00015808,2026-07-26,website_visit
1511,evt_00015823,2026-07-26,website_visit
1511,evt_00015829,2026-07-26,email_open
1511,evt_00015831,2026-08-06,email_click
1511,evt_00015802,2026-08-07,email_click
1512,evt_00015840,2026-07-20,website_visit
1512,evt_00015839,2026-07-21,email_open
1512,evt_00015846,2026-07-21,email_click
1512,evt_00015843,2026-07-22,website_visit
1512,evt_00015837,2026-07-23,website_visit
1512,evt_00015844,2026-07-23,email_open
1512,evt_00015838,2026-07-26,website_visit
1512,evt_00015845,2026-07-28,email_open
1512,evt_00015836,2026-08-02,email_open
1512,evt_00015841,2026-08-03,website_visit
1512,evt_00015842,2026-08-08,email_open
1513,evt_00015870,2026-03-18,email_click
1513,evt_00015851,2026-04-06,demo_request
1513,evt_00015859,2026-04-16,email_open
1513,evt_00015855,2026-04-24,form_fill
1513,evt_00015868,2026-05-04,email_click
1513,evt_00015864,2026-05-05,email_open
1513,evt_00015850,2026-05-07,email_open
1513,evt_00015847,2026-05-15,email_open
1513,evt_00015852,2026-05-27,email_open
1513,evt_00015860,2026-06-03,email_open
1513,evt_00015858,2026-06-04,email_click
1513,evt_00015856,2026-06-05,email_open
1513,evt_00015857,2026-06-09,email_open
1513,evt_00015863,2026-06-11,website_visit
1513,evt_00015854,2026-06-21,email_open
1513,evt_00015849,2026-06-24,website_visit
1513,evt_00015853,2026-07-09,website_visit
1513,evt_00015869,2026-07-14,email_open
1513,evt_00015861,2026-07-19,email_open
1513,evt_00015848,2026-07-25,website_visit
1513,evt_00015865,2026-07-27,email_open
1513,evt_00015866,2026-07-31,email_open
1513,evt_00015867,2026-08-02,email_open
1513,evt_00015862,2026-08-05,email_open
1514,evt_00015877,2026-03-03,website_visit
1514,evt_00015875,2026-03-10,email_open
1514,evt_00015871,2026-03-13,email_open
1514,evt_00015880,2026-03-13,email_open
1514,evt_00015874,2026-04-19,website_visit
1514,evt_00015872,2026-06-14,form_fill
1514,evt_00015878,2026-07-22,email_open
1514,evt_00015876,2026-07-25,email_open
1514,evt_00015879,2026-07-31,email_click
1514,evt_00015873,2026-08-07,website_visit
1515,evt_00015886,2026-04-30,email_open
1515,evt_00015885,2026-05-02,website_visit
1515,evt_00015887,2026-05-07,email_open
1515,evt_00015888,2026-06-24,email_open
1515,evt_00015883,2026-07-11,email_open
1515,evt_00015882,2026-07-17,email_open
1515,evt_00015881,2026-07-19,website_visit
1515,evt_00015884,2026-08-08,form_fill
1516,evt_00015891,2026-04-05,email_open
1516,evt_00015892,2026-06-24,email_open
1516,evt_00015890,2026-07-21,email_open
1516,evt_00015889,2026-08-01,email_open
1517,evt_00015900,2026-06-05,email_click
1517,evt_00015901,2026-06-06,email_open
1517,evt_00015898,2026-06-16,form_fill
1517,evt_00015893,2026-06-18,email_open
1517,evt_00015904,2026-06-24,email_click
1517,evt_00015903,2026-06-25,email_open
1517,evt_00015905,2026-07-02,email_open
1517,evt_00015897,2026-07-07,email_open
1517,evt_00015894,2026-07-08,form_fill
1517,evt_00015902,2026-07-12,email_open
1517,evt_00015895,2026-07-16,email_open
1517,evt_00015899,2026-07-19,website_visit
1517,evt_00015906,2026-07-19,website_visit
1517,evt_00015896,2026-08-06,website_visit
1518,evt_00015907,2026-07-14,form_fill
1518,evt_00015916,2026-07-14,form_fill
1518,evt_00015912,2026-07-15,website_visit
1518,evt_00015908,2026-07-17,email_open
1518,evt_00015909,2026-07-18,website_visit
1518,evt_00015915,2026-07-19,email_open
1518,evt_00015917,2026-07-23,email_open
1518,evt_00015913,2026-07-24,website_visit
1518,evt_00015911,2026-07-25,email_click
1518,evt_00015910,2026-07-29,website_visit
1518,evt_00015914,2026-08-05,form_fill
1518,evt_00015918,2026-08-05,email_click
1519,evt_00015929,2026-04-14,email_click
1519,evt_00015934,2026-04-14,form_fill
1519,evt_00015935,2026-04-22,email_open
1519,evt_00015928,2026-04-28,email_open
1519,evt_00015922,2026-05-13,email_open
1519,evt_00015931,2026-05-13,email_open
1519,evt_00015919,2026-05-15,website_visit
1519,evt_00015939,2026-05-20,email_click
1519,evt_00015925,2026-05-30,email_open
1519,evt_00015930,2026-05-30,website_visit
1519,evt_00015938,2026-05-31,email_open
1519,evt_00015927,2026-06-03,form_fill
1519,evt_00015920,2026-06-04,website_visit
1519,evt_00015923,2026-06-10,website_visit
1519,evt_00015936,2026-06-10,email_open
1519,evt_00015933,2026-06-11,email_click
1519,evt_00015932,2026-06-13,email_open
1519,evt_00015921,2026-06-14,email_open
1519,evt_00015924,2026-06-15,website_visit
1519,evt_00015937,2026-07-10,email_open
1519,evt_00015926,2026-07-30,website_visit
1520,evt_00015942,2026-07-21,email_open
1520,evt_00015940,2026-07-22,email_open
1520,evt_00015941,2026-08-01,email_open
1520,evt_00015943,2026-08-06,email_open
1521,evt_00015944,2026-07-11,email_open
1521,evt_00015947,2026-07-14,website_visit
1521,evt_00015946,2026-07-23,email_open
1521,evt_00015945,2026-07-31,email_click
1521,evt_00015948,2026-08-06,email_click
1522,evt_00015957,2026-07-26,email_open
1522,evt_00015951,2026-07-27,email_open
1522,evt_00015953,2026-07-28,email_open
1522,evt_00015955,2026-07-28,email_open
1522,evt_00015952,2026-08-04,email_open
1522,evt_00015950,2026-08-05,email_open
1522,evt_00015954,2026-08-07,email_open
1522,evt_00015956,2026-08-07,website_visit
1522,evt_00015949,2026-08-08,website_visit
1523,evt_00015961,2026-04-20,demo_request
1523,evt_00015962,2026-05-04,email_open
1523,evt_00015960,2026-05-16,form_fill
1523,evt_00015959,2026-07-11,demo_request
1523,evt_00015958,2026-07-25,email_click
1525,evt_00015964,2026-07-15,website_visit
1525,evt_00015963,2026-07-16,email_open
1525,evt_00015965,2026-08-05,email_open
1526,evt_00015984,2026-03-31,demo_request
1526,evt_00015985,2026-03-31,email_click
1526,evt_00015978,2026-04-06,email_open
1526,evt_00015966,2026-04-11,website_visit
1526,evt_00015968,2026-04-17,email_open
1526,evt_00015976,2026-04-17,email_open
1526,evt_00015979,2026-04-19,email_open
1526,evt_00015970,2026-05-06,email_open
1526,evt_00015981,2026-05-06,website_visit
1526,evt_00015982,2026-05-11,website_visit
1526,evt_00015983,2026-05-30,email_open
1526,evt_00015977,2026-06-18,email_open
1526,evt_00015974,2026-06-28,email_click
1526,evt_00015980,2026-06-29,email_click
1526,evt_00015967,2026-07-02,email_open
1526,evt_00015972,2026-07-03,email_click
1526,evt_00015973,2026-07-10,email_open
1526,evt_00015969,2026-07-17,form_fill
1526,evt_00015971,2026-07-19,website_visit
1526,evt_00015986,2026-07-20,email_open
1526,evt_00015975,2026-08-04,website_visit
1527,evt_00015987,2026-08-04,form_fill
1527,evt_00015989,2026-08-04,email_open
1527,evt_00015991,2026-08-04,demo_request
1527,evt_00015995,2026-08-04,email_click
1527,evt_00016002,2026-08-04,website_visit
1527,evt_00015988,2026-08-05,website_visit
1527,evt_00015990,2026-08-05,email_open
1527,evt_00015992,2026-08-05,email_click
1527,evt_00015998,2026-08-05,email_open
1527,evt_00016000,2026-08-06,website_visit
1527,evt_00016001,2026-08-06,website_visit
1527,evt_00015994,2026-08-07,email_open
1527,evt_00015996,2026-08-07,form_fill
1527,evt_00015993,2026-08-08,email_click
1527,evt_00015997,2026-08-08,form_fill
1527,evt_00015999,2026-08-08,website_visit
1528,evt_00016003,2026-03-22,website_visit
1529,evt_00016005,2026-07-16,email_open
1529,evt_00016004,2026-08-08,website_visit
1530,evt_00016008,2026-04-21,email_open
1530,evt_00016010,2026-05-03,email_open
1530,evt_00016012,2026-05-21,form_fill
1530,evt_00016006,2026-05-26,email_open
1530,evt_00016007,2026-06-02,website_visit
1530,evt_00016009,2026-06-22,email_open
1530,evt_00016011,2026-08-02,website_visit
1531,evt_00016013,2026-06-20,website_visit
1531,evt_00016015,2026-07-02,email_open
1531,evt_00016016,2026-07-24,email_open
1531,evt_00016014,2026-07-26,email_click
1532,evt_00016018,2026-04-11,email_click
1532,evt_00016017,2026-04-19,email_open
1532,evt_00016019,2026-07-04,email_open
1532,evt_00016021,2026-07-25,email_open
1532,evt_00016020,2026-07-26,website_visit
1532,evt_00016022,2026-07-26,email_open
1533,evt_00016023,2026-03-13,email_open
1533,evt_00016026,2026-03-14,form_fill
1533,evt_00016025,2026-04-01,email_open
1533,evt_00016027,2026-04-10,website_visit
1533,evt_00016031,2026-04-15,email_open
1533,evt_00016028,2026-05-02,form_fill
1533,evt_00016036,2026-05-02,website_visit
1533,evt_00016038,2026-05-03,email_open
1533,evt_00016033,2026-05-24,email_open
1533,evt_00016042,2026-05-24,email_open
1533,evt_00016024,2026-05-26,website_visit
1533,evt_00016032,2026-06-12,email_open
1533,evt_00016037,2026-06-13,email_click
1533,evt_00016034,2026-06-15,email_click
1533,evt_00016041,2026-06-19,email_click
1533,evt_00016040,2026-07-11,website_visit
1533,evt_00016029,2026-07-14,email_click
1533,evt_00016035,2026-07-20,email_open
1533,evt_00016030,2026-07-30,email_open
1533,evt_00016039,2026-08-08,email_open
1534,evt_00016045,2026-07-08,email_click
1534,evt_00016047,2026-07-08,demo_request
1534,evt_00016043,2026-07-09,email_click
1534,evt_00016048,2026-07-11,email_click
1534,evt_00016044,2026-07-24,email_click
1534,evt_00016046,2026-08-06,email_open
1535,evt_00016049,2026-07-29,email_open
1535,evt_00016051,2026-07-31,email_click
1535,evt_00016052,2026-07-31,email_click
1535,evt_00016050,2026-08-04,email_open
1536,evt_00016056,2026-06-24,email_click
1536,evt_00016070,2026-06-26,email_click
1536,evt_00016073,2026-07-01,email_open
1536,evt_00016072,2026-07-02,email_open
1536,evt_00016060,2026-07-04,website_visit
1536,evt_00016059,2026-07-09,email_click
1536,evt_00016065,2026-07-10,email_open
1536,evt_00016064,2026-07-12,email_open
1536,evt_00016068,2026-07-12,email_click
1536,evt_00016074,2026-07-12,email_open
1536,evt_00016067,2026-07-13,email_open
1536,evt_00016075,2026-07-15,email_click
1536,evt_00016079,2026-07-17,email_open
1536,evt_00016058,2026-07-20,website_visit
1536,evt_00016082,2026-07-21,email_open
1536,evt_00016077,2026-07-22,website_visit
1536,evt_00016057,2026-07-23,email_open
1536,evt_00016078,2026-07-23,website_visit
1536,evt_00016083,2026-07-23,email_open
1536,evt_00016063,2026-07-26,website_visit
1536,evt_00016081,2026-07-26,email_open
1536,evt_00016055,2026-07-28,email_open
1536,evt_00016076,2026-07-29,website_visit
1536,evt_00016053,2026-08-02,email_open
1536,evt_00016066,2026-08-02,website_visit
1536,evt_00016080,2026-08-04,website_visit
1536,evt_00016054,2026-08-05,email_click
1536,evt_00016071,2026-08-05,form_fill
1536,evt_00016061,2026-08-06,email_click
1536,evt_00016062,2026-08-06,email_open
1536,evt_00016069,2026-08-08,email_open
1537,evt_00016103,2026-05-11,email_open
1537,evt_00016086,2026-05-13,email_open
1537,evt_00016094,2026-05-13,form_fill
1537,evt_00016097,2026-05-25,email_open
1537,evt_00016090,2026-05-27,website_visit
1537,evt_00016099,2026-05-31,email_open
1537,evt_00016096,2026-06-05,email_open
1537,evt_00016088,2026-06-14,website_visit
1537,evt_00016095,2026-06-14,form_fill
1537,evt_00016084,2026-06-20,email_open
1537,evt_00016098,2026-06-22,form_fill
1537,evt_00016104,2026-06-22,email_open
1537,evt_00016085,2026-06-29,email_open
1537,evt_00016100,2026-07-03,website_visit
1537,evt_00016102,2026-07-03,email_open
1537,evt_00016092,2026-07-04,website_visit
1537,evt_00016101,2026-07-06,email_open
1537,evt_00016089,2026-07-23,website_visit
1537,evt_00016087,2026-07-27,email_open
1537,evt_00016091,2026-08-01,demo_request
1537,evt_00016093,2026-08-05,email_click
1538,evt_00016109,2026-04-04,website_visit
1538,evt_00016110,2026-04-21,email_open
1538,evt_00016111,2026-04-23,website_visit
1538,evt_00016112,2026-05-17,website_visit
1538,evt_00016106,2026-06-26,email_open
1538,evt_00016108,2026-07-06,email_click
1538,evt_00016107,2026-07-08,email_click
1538,evt_00016105,2026-07-31,email_open
1539,evt_00016116,2026-06-09,email_open
1539,evt_00016114,2026-06-12,email_open
1539,evt_00016119,2026-06-18,website_visit
1539,evt_00016121,2026-06-18,email_click
1539,evt_00016120,2026-06-23,website_visit
1539,evt_00016117,2026-06-26,email_open
1539,evt_00016123,2026-07-12,website_visit
1539,evt_00016113,2026-07-13,website_visit
1539,evt_00016115,2026-07-15,email_open
1539,evt_00016122,2026-07-15,email_open
1539,evt_00016118,2026-07-27,website_visit
1540,evt_00016135,2026-04-19,email_open
1540,evt_00016131,2026-04-22,email_open
1540,evt_00016130,2026-04-28,website_visit
1540,evt_00016127,2026-05-10,email_open
1540,evt_00016125,2026-05-15,website_visit
1540,evt_00016129,2026-05-23,email_open
1540,evt_00016134,2026-05-24,email_open
1540,evt_00016126,2026-05-25,website_visit
1540,evt_00016132,2026-05-26,website_visit
1540,evt_00016133,2026-06-21,email_open
1540,evt_00016124,2026-07-11,email_click
1540,evt_00016128,2026-07-24,website_visit
1541,evt_00016151,2026-04-12,email_click
1541,evt_00016139,2026-04-20,email_open
1541,evt_00016148,2026-04-26,email_click
1541,evt_00016144,2026-05-06,email_open
1541,evt_00016142,2026-05-16,email_open
1541,evt_00016137,2026-06-07,form_fill
1541,evt_00016147,2026-06-11,form_fill
1541,evt_00016150,2026-06-22,email_click
1541,evt_00016145,2026-07-01,email_click
1541,evt_00016138,2026-07-02,website_visit
1541,evt_00016141,2026-07-02,email_open
1541,evt_00016146,2026-07-07,email_open
1541,evt_00016149,2026-07-11,email_click
1541,evt_00016140,2026-07-12,demo_request
1541,evt_00016152,2026-07-13,website_visit
1541,evt_00016136,2026-07-26,email_open
1541,evt_00016143,2026-07-26,website_visit
1542,evt_00016154,2026-05-13,email_open
1542,evt_00016156,2026-05-18,email_click
1542,evt_00016153,2026-05-20,email_click
1542,evt_00016157,2026-07-01,email_click
1542,evt_00016155,2026-07-14,email_open
1543,evt_00016161,2026-05-16,demo_request
1543,evt_00016159,2026-05-25,email_open
1543,evt_00016158,2026-06-07,email_open
1543,evt_00016164,2026-06-16,email_open
1543,evt_00016165,2026-06-17,email_open
1543,evt_00016162,2026-06-23,email_open
1543,evt_00016163,2026-06-30,email_click
1543,evt_00016160,2026-07-11,email_click
1544,evt_00016166,2026-07-13,email_open
1544,evt_00016168,2026-07-13,email_open
1544,evt_00016172,2026-07-14,email_open
1544,evt_00016171,2026-07-20,email_open
1544,evt_00016173,2026-07-20,form_fill
1544,evt_00016169,2026-07-28,email_open
1544,evt_00016170,2026-07-29,website_visit
1544,evt_00016167,2026-08-06,form_fill
1545,evt_00016174,2026-04-20,email_open
1545,evt_00016189,2026-04-27,website_visit
1545,evt_00016186,2026-05-03,website_visit
1545,evt_00016187,2026-05-03,demo_request
1545,evt_00016180,2026-05-04,email_open
1545,evt_00016185,2026-05-09,email_open
1545,evt_00016179,2026-05-22,email_open
1545,evt_00016178,2026-05-27,email_click
1545,evt_00016175,2026-06-03,demo_request
1545,evt_00016183,2026-06-15,website_visit
1545,evt_00016188,2026-06-21,form_fill
1545,evt_00016177,2026-07-06,website_visit
1545,evt_00016182,2026-07-11,email_click
1545,evt_00016176,2026-07-13,email_open
1545,evt_00016184,2026-07-20,website_visit
1545,evt_00016181,2026-07-26,form_fill
1546,evt_00016191,2026-05-23,email_click
1546,evt_00016190,2026-05-30,email_open
1546,evt_00016192,2026-06-10,email_open
1546,evt_00016193,2026-06-28,email_click
1546,evt_00016194,2026-07-22,email_open
1547,evt_00016202,2026-03-20,email_open
1547,evt_00016199,2026-04-08,form_fill
1547,evt_00016203,2026-04-13,email_open
1547,evt_00016201,2026-04-26,email_open
1547,evt_00016195,2026-05-19,email_click
1547,evt_00016196,2026-06-18,website_visit
1547,evt_00016197,2026-07-18,demo_request
1547,evt_00016200,2026-07-19,website_visit
1547,evt_00016198,2026-08-01,email_open
1548,evt_00016205,2026-06-07,form_fill
1548,evt_00016207,2026-06-10,website_visit
1548,evt_00016211,2026-06-14,website_visit
1548,evt_00016206,2026-06-27,email_click
1548,evt_00016209,2026-06-30,demo_request
1548,evt_00016210,2026-07-09,email_click
1548,evt_00016204,2026-08-04,email_open
1548,evt_00016208,2026-08-04,website_visit
1549,evt_00016216,2026-06-07,email_open
1549,evt_00016212,2026-07-20,email_click
1549,evt_00016214,2026-07-24,email_click
1549,evt_00016215,2026-07-29,email_open
1549,evt_00016217,2026-08-01,email_click
1549,evt_00016218,2026-08-03,website_visit
1549,evt_00016213,2026-08-08,email_click
1550,evt_00016224,2026-03-24,email_open
1550,evt_00016227,2026-03-28,website_visit
1550,evt_00016234,2026-04-08,email_click
1550,evt_00016221,2026-04-09,email_open
1550,evt_00016237,2026-04-09,email_open
1550,evt_00016230,2026-04-12,email_click
1550,evt_00016229,2026-04-15,website_visit
1550,evt_00016235,2026-04-22,email_open
1550,evt_00016219,2026-04-24,website_visit
1550,evt_00016239,2026-05-19,form_fill
1550,evt_00016223,2026-05-21,email_open
1550,evt_00016225,2026-06-02,email_open
1550,evt_00016231,2026-06-02,email_open
1550,evt_00016220,2026-06-18,email_open
1550,evt_00016228,2026-06-29,email_click
1550,evt_00016226,2026-07-09,email_open
1550,evt_00016233,2026-07-23,email_open
1550,evt_00016238,2026-07-26,email_click
1550,evt_00016222,2026-07-29,email_click
1550,evt_00016232,2026-08-02,email_open
1550,evt_00016236,2026-08-04,email_click
1551,evt_00016242,2026-08-05,email_open
1551,evt_00016240,2026-08-08,email_click
1551,evt_00016241,2026-08-08,email_click
1551,evt_00016243,2026-08-08,email_open
1551,evt_00016244,2026-08-08,website_visit
1551,evt_00016245,2026-08-08,email_open
1552,evt_00016250,2026-07-19,email_open
1552,evt_00016248,2026-07-20,email_click
1552,evt_00016255,2026-07-20,email_click
1552,evt_00016247,2026-07-24,email_click
1552,evt_00016252,2026-07-24,email_open
1552,evt_00016246,2026-07-28,website_visit
1552,evt_00016249,2026-07-28,email_click
1552,evt_00016251,2026-07-28,email_open
1552,evt_00016253,2026-07-29,email_open
1552,evt_00016254,2026-07-31,email_open
1552,evt_00016256,2026-07-31,email_open
1553,evt_00016259,2026-05-19,email_open
1553,evt_00016258,2026-05-22,email_open
1553,evt_00016260,2026-06-02,email_open
1553,evt_00016266,2026-06-02,email_open
1553,evt_00016264,2026-07-01,email_open
1553,evt_00016263,2026-07-07,demo_request
1553,evt_00016265,2026-07-22,email_open
1553,evt_00016261,2026-07-30,email_open
1553,evt_00016267,2026-07-31,email_open
1553,evt_00016257,2026-08-07,email_open
1553,evt_00016262,2026-08-07,email_open
1554,evt_00016273,2026-05-11,email_click
1554,evt_00016271,2026-05-15,email_open
1554,evt_00016279,2026-05-22,website_visit
1554,evt_00016269,2026-05-29,email_click
1554,evt_00016268,2026-06-10,website_visit
1554,evt_00016272,2026-06-12,email_open
1554,evt_00016275,2026-06-14,email_click
1554,evt_00016280,2026-06-17,email_click
1554,evt_00016276,2026-06-27,email_open
1554,evt_00016270,2026-07-03,website_visit
1554,evt_00016278,2026-07-10,website_visit
1554,evt_00016277,2026-07-25,email_open
1554,evt_00016274,2026-07-30,website_visit
1555,evt_00016281,2026-05-20,website_visit
1555,evt_00016283,2026-06-12,website_visit
1555,evt_00016282,2026-06-15,email_click
1556,evt_00016284,2026-06-18,website_visit
1556,evt_00016288,2026-06-19,website_visit
1556,evt_00016289,2026-06-20,email_open
1556,evt_00016285,2026-07-05,form_fill
1556,evt_00016290,2026-07-16,website_visit
1556,evt_00016291,2026-07-23,email_open
1556,evt_00016286,2026-07-29,form_fill
1556,evt_00016287,2026-07-30,email_click
1557,evt_00016300,2026-05-19,email_click
1557,evt_00016294,2026-06-10,email_open
1557,evt_00016293,2026-06-12,email_open
1557,evt_00016296,2026-06-24,email_open
1557,evt_00016295,2026-07-02,email_open
1557,evt_00016298,2026-07-18,website_visit
1557,evt_00016292,2026-07-27,email_open
1557,evt_00016297,2026-08-03,email_open
1557,evt_00016301,2026-08-05,website_visit
1557,evt_00016299,2026-08-08,website_visit
1558,evt_00016302,2026-05-11,website_visit
1558,evt_00016304,2026-05-27,website_visit
1558,evt_00016303,2026-06-02,website_visit
1558,evt_00016305,2026-06-30,email_click
1558,evt_00016306,2026-07-17,website_visit
1559,evt_00016311,2026-07-15,demo_request
1559,evt_00016309,2026-07-20,email_open
1559,evt_00016307,2026-07-24,email_click
1559,evt_00016310,2026-08-06,email_open
1559,evt_00016308,2026-08-08,email_open
1560,evt_00016314,2026-03-24,email_open
1560,evt_00016313,2026-06-30,demo_request
1560,evt_00016312,2026-07-03,email_open
1560,evt_00016316,2026-08-03,website_visit
1560,evt_00016315,2026-08-08,form_fill
1561,evt_00016320,2026-06-16,email_open
1561,evt_00016333,2026-06-17,website_visit
1561,evt_00016329,2026-06-21,email_open
1561,evt_00016331,2026-06-27,email_click
1561,evt_00016317,2026-07-01,email_click
1561,evt_00016332,2026-07-04,website_visit
1561,evt_00016318,2026-07-15,email_open
1561,evt_00016323,2026-07-18,email_open
1561,evt_00016326,2026-07-19,form_fill
1561,evt_00016319,2026-07-26,email_open
1561,evt_00016322,2026-07-26,email_open
1561,evt_00016325,2026-07-26,demo_request
1561,evt_00016330,2026-07-28,email_open
1561,evt_00016324,2026-07-29,email_open
1561,evt_00016334,2026-08-01,email_open
1561,evt_00016327,2026-08-04,website_visit
1561,evt_00016321,2026-08-05,email_click
1561,evt_00016328,2026-08-06,website_visit
1562,evt_00016335,2026-04-17,website_visit
1562,evt_00016336,2026-05-05,email_open
1562,evt_00016337,2026-07-19,email_open
1563,evt_00016345,2026-07-05,email_open
1563,evt_00016349,2026-07-05,email_open
1563,evt_00016348,2026-07-07,email_open
1563,evt_00016343,2026-07-09,email_open
1563,evt_00016341,2026-07-15,email_click
1563,evt_00016340,2026-07-22,email_open
1563,evt_00016339,2026-07-24,demo_request
1563,evt_00016346,2026-07-29,email_open
1563,evt_00016344,2026-07-30,email_open
1563,evt_00016347,2026-08-01,email_open
1563,evt_00016338,2026-08-06,email_open
1563,evt_00016342,2026-08-06,demo_request
1563,evt_00016350,2026-08-07,email_open
1564,evt_00016353,2026-04-20,website_visit
1564,evt_00016355,2026-05-29,website_visit
1564,evt_00016351,2026-06-06,email_click
1564,evt_00016352,2026-06-20,website_visit
1564,evt_00016354,2026-06-23,website_visit
1564,evt_00016356,2026-07-06,email_click
1564,evt_00016357,2026-08-01,website_visit
1565,evt_00016358,2026-06-07,website_visit
1565,evt_00016360,2026-06-09,email_open
1565,evt_00016359,2026-06-11,website_visit
1566,evt_00016366,2026-05-20,email_open
1566,evt_00016363,2026-06-24,email_click
1566,evt_00016364,2026-06-28,email_open
1566,evt_00016365,2026-07-24,email_open
1566,evt_00016361,2026-07-25,demo_request
1566,evt_00016362,2026-08-04,email_open
1567,evt_00016372,2026-07-03,form_fill
1567,evt_00016367,2026-07-07,website_visit
1567,evt_00016369,2026-07-07,email_click
1567,evt_00016371,2026-07-11,website_visit
1567,evt_00016373,2026-07-19,email_click
1567,evt_00016370,2026-07-30,email_click
1567,evt_00016368,2026-08-06,email_open
1568,evt_00016389,2026-05-02,email_open
1568,evt_00016377,2026-05-04,form_fill
1568,evt_00016381,2026-05-15,email_click
1568,evt_00016376,2026-05-30,website_visit
1568,evt_00016383,2026-06-09,website_visit
1568,evt_00016379,2026-06-14,form_fill
1568,evt_00016386,2026-06-23,website_visit
1568,evt_00016374,2026-06-29,email_open
1568,evt_00016380,2026-06-30,email_open
1568,evt_00016384,2026-07-02,website_visit
1568,evt_00016390,2026-07-11,email_open
1568,evt_00016387,2026-07-27,email_open
1568,evt_00016378,2026-07-30,email_open
1568,evt_00016375,2026-07-31,form_fill
1568,evt_00016388,2026-08-04,email_click
1568,evt_00016382,2026-08-05,email_open
1568,evt_00016385,2026-08-08,email_open
1569,evt_00016392,2026-06-08,email_open
1569,evt_00016391,2026-06-13,website_visit
1569,evt_00016393,2026-07-08,website_visit
1569,evt_00016394,2026-07-10,form_fill
1569,evt_00016395,2026-07-16,demo_request
1570,evt_00016397,2026-03-30,email_open
1570,evt_00016402,2026-04-27,demo_request
1570,evt_00016396,2026-05-02,email_open
1570,evt_00016403,2026-05-06,email_open
1570,evt_00016400,2026-05-28,website_visit
1570,evt_00016398,2026-06-14,email_open
1570,evt_00016401,2026-06-15,email_click
1570,evt_00016399,2026-07-09,email_open
1571,evt_00016409,2026-07-01,email_open
1571,evt_00016406,2026-07-17,email_open
1571,evt_00016408,2026-07-28,email_click
1571,evt_00016407,2026-07-30,form_fill
1571,evt_00016404,2026-08-03,email_open
1571,evt_00016405,2026-08-08,email_click
1572,evt_00016412,2026-06-25,website_visit
1572,evt_00016410,2026-06-30,form_fill
1572,evt_00016411,2026-07-26,website_visit
1573,evt_00016420,2026-04-28,email_open
1573,evt_00016417,2026-05-05,email_open
1573,evt_00016414,2026-05-10,website_visit
1573,evt_00016425,2026-05-11,form_fill
1573,evt_00016415,2026-05-15,email_open
1573,evt_00016418,2026-05-18,email_open
1573,evt_00016423,2026-05-22,email_click
1573,evt_00016419,2026-06-03,form_fill
1573,evt_00016413,2026-06-10,email_open
1573,evt_00016416,2026-06-13,website_visit
1573,evt_00016426,2026-06-27,website_visit
1573,evt_00016422,2026-07-20,website_visit
1573,evt_00016424,2026-07-20,form_fill
1573,evt_00016421,2026-07-27,form_fill
1574,evt_00016435,2026-08-04,email_open
1574,evt_00016433,2026-08-05,website_visit
1574,evt_00016436,2026-08-05,email_open
1574,evt_00016429,2026-08-06,email_open
1574,evt_00016427,2026-08-07,email_open
1574,evt_00016428,2026-08-07,email_open
1574,evt_00016432,2026-08-07,email_open
1574,evt_00016434,2026-08-07,email_open
1574,evt_00016430,2026-08-08,website_visit
1574,evt_00016431,2026-08-08,email_open
1575,evt_00016437,2026-05-09,email_open
1575,evt_00016442,2026-06-11,email_open
1575,evt_00016440,2026-06-21,email_open
1575,evt_00016439,2026-06-24,email_open
1575,evt_00016438,2026-07-13,email_click
1575,evt_00016443,2026-08-05,demo_request
1575,evt_00016441,2026-08-07,email_open
1576,evt_00016454,2026-05-19,email_open
1576,evt_00016450,2026-05-24,form_fill
1576,evt_00016451,2026-05-25,email_open
1576,evt_00016446,2026-05-26,website_visit
1576,evt_00016445,2026-05-27,website_visit
1576,evt_00016459,2026-06-03,email_click
1576,evt_00016455,2026-06-12,form_fill
1576,evt_00016448,2026-06-21,email_click
1576,evt_00016449,2026-06-27,email_click
1576,evt_00016447,2026-07-02,email_open
1576,evt_00016452,2026-07-05,email_open
1576,evt_00016458,2026-07-07,website_visit
1576,evt_00016453,2026-07-09,form_fill
1576,evt_00016444,2026-07-11,email_click
1576,evt_00016456,2026-07-13,email_open
1576,evt_00016457,2026-07-27,form_fill
1577,evt_00016460,2026-08-06,email_click
1578,evt_00016474,2026-04-23,email_open
1578,evt_00016462,2026-04-29,email_click
1578,evt_00016467,2026-04-30,form_fill
1578,evt_00016466,2026-05-12,email_open
1578,evt_00016463,2026-05-21,email_open
1578,evt_00016471,2026-05-31,email_click
1578,evt_00016464,2026-06-03,website_visit
1578,evt_00016465,2026-06-03,email_open
1578,evt_00016469,2026-06-09,website_visit
1578,evt_00016470,2026-06-12,email_open
1578,evt_00016473,2026-06-27,email_open
1578,evt_00016472,2026-07-01,website_visit
1578,evt_00016468,2026-07-12,email_open
1578,evt_00016461,2026-07-20,email_open
1579,evt_00016475,2026-03-28,website_visit
1579,evt_00016476,2026-04-03,email_click
1579,evt_00016477,2026-07-06,email_click
1580,evt_00016480,2026-07-05,email_click
1580,evt_00016478,2026-07-08,email_click
1580,evt_00016481,2026-07-31,email_open
1580,evt_00016479,2026-08-06,email_click
1581,evt_00016485,2026-07-05,email_click
1581,evt_00016484,2026-07-06,email_open
1581,evt_00016483,2026-07-27,email_click
1581,evt_00016482,2026-07-29,email_open
1582,evt_00016492,2026-04-02,website_visit
1582,evt_00016489,2026-04-08,email_open
1582,evt_00016491,2026-04-25,email_click
1582,evt_00016496,2026-05-13,website_visit
1582,evt_00016488,2026-06-06,email_click
1582,evt_00016494,2026-06-13,website_visit
1582,evt_00016495,2026-06-23,email_open
1582,evt_00016493,2026-06-25,email_click
1582,evt_00016486,2026-07-12,email_open
1582,evt_00016490,2026-07-12,email_open
1582,evt_00016487,2026-07-18,website_visit
1583,evt_00016503,2026-06-06,email_open
1583,evt_00016502,2026-06-13,email_open
1583,evt_00016507,2026-06-22,email_open
1583,evt_00016497,2026-06-28,email_open
1583,evt_00016505,2026-07-06,website_visit
1583,evt_00016508,2026-07-10,email_open
1583,evt_00016509,2026-07-10,email_click
1583,evt_00016506,2026-07-11,email_open
1583,evt_00016501,2026-07-13,website_visit
1583,evt_00016498,2026-07-23,email_open
1583,evt_00016499,2026-07-28,email_click
1583,evt_00016500,2026-07-29,email_click
1583,evt_00016510,2026-07-30,email_open
1583,evt_00016504,2026-08-01,website_visit
1584,evt_00016511,2026-05-19,website_visit
1584,evt_00016513,2026-06-08,email_open
1584,evt_00016512,2026-07-11,email_open
1585,evt_00016523,2026-07-08,email_open
1585,evt_00016528,2026-07-08,email_open
1585,evt_00016516,2026-07-10,website_visit
1585,evt_00016521,2026-07-10,email_open
1585,evt_00016518,2026-07-11,email_open
1585,evt_00016530,2026-07-11,email_open
1585,evt_00016525,2026-07-15,email_click
1585,evt_00016526,2026-07-17,form_fill
1585,evt_00016520,2026-07-20,email_click
1585,evt_00016522,2026-07-22,website_visit
1585,evt_00016532,2026-07-25,email_click
1585,evt_00016517,2026-07-26,form_fill
1585,evt_00016527,2026-07-26,email_open
1585,evt_00016514,2026-07-31,email_click
1585,evt_00016524,2026-08-01,website_visit
1585,evt_00016519,2026-08-04,email_open
1585,evt_00016515,2026-08-06,email_click
1585,evt_00016529,2026-08-06,website_visit
1585,evt_00016531,2026-08-08,website_visit
1586,evt_00016538,2026-06-07,website_visit
1586,evt_00016536,2026-06-09,email_open
1586,evt_00016533,2026-06-13,email_click
1586,evt_00016540,2026-06-21,email_open
1586,evt_00016541,2026-06-25,website_visit
1586,evt_00016542,2026-06-25,email_open
1586,evt_00016544,2026-06-28,email_open
1586,evt_00016535,2026-07-02,email_open
1586,evt_00016539,2026-07-03,email_open
1586,evt_00016534,2026-07-14,email_open
1586,evt_00016537,2026-07-27,email_open
1586,evt_00016543,2026-08-07,website_visit
1587,evt_00016545,2026-04-08,form_fill
1587,evt_00016546,2026-06-07,website_visit
1587,evt_00016549,2026-06-11,email_open
1587,evt_00016547,2026-06-21,email_click
1587,evt_00016548,2026-07-15,website_visit
1588,evt_00016550,2026-08-02,website_visit
1588,evt_00016554,2026-08-02,website_visit
1588,evt_00016553,2026-08-03,website_visit
1588,evt_00016552,2026-08-04,email_open
1588,evt_00016551,2026-08-07,email_open
1588,evt_00016555,2026-08-07,email_open
1589,evt_00016562,2026-05-14,website_visit
1589,evt_00016558,2026-05-18,form_fill
1589,evt_00016559,2026-06-01,demo_request
1589,evt_00016557,2026-06-02,website_visit
1589,evt_00016564,2026-06-07,email_open
1589,evt_00016563,2026-06-16,email_open
1589,evt_00016556,2026-06-26,email_click
1589,evt_00016566,2026-07-02,website_visit
1589,evt_00016560,2026-07-09,email_open
1589,evt_00016561,2026-07-09,email_click
1589,evt_00016565,2026-08-03,website_visit
1590,evt_00016573,2026-07-29,website_visit
1590,evt_00016567,2026-07-30,form_fill
1590,evt_00016569,2026-07-30,email_open
1590,evt_00016586,2026-07-30,email_open
1590,evt_00016571,2026-07-31,website_visit
1590,evt_00016578,2026-07-31,email_open
1590,evt_00016582,2026-07-31,email_click
1590,evt_00016580,2026-08-01,website_visit
1590,evt_00016576,2026-08-03,email_open
1590,evt_00016590,2026-08-03,email_open
1590,evt_00016570,2026-08-04,email_open
1590,evt_00016584,2026-08-04,email_open
1590,evt_00016591,2026-08-04,email_open
1590,evt_00016568,2026-08-05,email_open
1590,evt_00016572,2026-08-05,website_visit
1590,evt_00016574,2026-08-05,email_open
1590,evt_00016581,2026-08-05,email_open
1590,evt_00016585,2026-08-05,website_visit
1590,evt_00016575,2026-08-06,email_open
1590,evt_00016577,2026-08-06,email_open
1590,evt_00016579,2026-08-06,website_visit
1590,evt_00016587,2026-08-06,email_open
1590,evt_00016589,2026-08-06,email_open
1590,evt_00016583,2026-08-07,email_open
1590,evt_00016588,2026-08-07,email_open
1590,evt_00016592,2026-08-08,website_visit
1591,evt_00016599,2026-07-23,form_fill
1591,evt_00016602,2026-07-23,email_click
1591,evt_00016598,2026-07-24,website_visit
1591,evt_00016596,2026-07-26,email_open
1591,evt_00016606,2026-07-26,email_open
1591,evt_00016607,2026-07-26,email_open
1591,evt_00016594,2026-07-27,email_open
1591,evt_00016597,2026-07-27,email_click
1591,evt_00016604,2026-07-30,email_open
1591,evt_00016603,2026-08-02,email_open
1591,evt_00016600,2026-08-04,email_open
1591,evt_00016593,2026-08-06,website_visit
1591,evt_00016605,2026-08-06,demo_request
1591,evt_00016601,2026-08-07,email_click
1591,evt_00016595,2026-08-08,email_click
1592,evt_00016615,2026-03-09,email_click
1592,evt_00016618,2026-03-26,email_open
1592,evt_00016617,2026-03-30,form_fill
1592,evt_00016610,2026-04-06,form_fill
1592,evt_00016619,2026-04-20,email_open
1592,evt_00016616,2026-05-20,email_click
1592,evt_00016620,2026-06-08,website_visit
1592,evt_00016608,2026-06-27,website_visit
1592,evt_00016613,2026-06-30,email_click
1592,evt_00016611,2026-07-13,email_click
1592,evt_00016609,2026-07-14,email_open
1592,evt_00016614,2026-07-23,email_open
1592,evt_00016612,2026-07-24,email_open
1593,evt_00016622,2026-03-17,email_click
1593,evt_00016623,2026-04-02,email_open
1593,evt_00016627,2026-05-03,email_open
1593,evt_00016625,2026-05-05,website_visit
1593,evt_00016621,2026-05-25,email_click
1593,evt_00016626,2026-06-08,email_open
1593,evt_00016624,2026-07-25,email_click
1594,evt_00016630,2026-05-16,website_visit
1594,evt_00016628,2026-05-27,email_open
1594,evt_00016633,2026-06-08,email_open
1594,evt_00016631,2026-06-16,website_visit
1594,evt_00016629,2026-06-30,demo_request
1594,evt_00016632,2026-08-05,email_click
1595,evt_00016635,2026-06-30,email_open
1595,evt_00016636,2026-08-02,email_open
1595,evt_00016634,2026-08-06,email_click
1596,evt_00016638,2026-06-26,email_open
1596,evt_00016640,2026-06-26,email_open
1596,evt_00016637,2026-07-12,email_click
1596,evt_00016639,2026-08-01,website_visit
1597,evt_00016648,2026-05-15,email_click
1597,evt_00016646,2026-05-23,website_visit
1597,evt_00016651,2026-05-23,website_visit
1597,evt_00016641,2026-05-26,email_open
1597,evt_00016645,2026-05-27,email_open
1597,evt_00016644,2026-06-16,email_open
1597,evt_00016650,2026-06-24,email_open
1597,evt_00016643,2026-06-27,email_click
1597,evt_00016649,2026-07-06,email_open
1597,evt_00016647,2026-07-22,email_click
1597,evt_00016642,2026-08-02,email_open
1598,evt_00016653,2026-07-11,email_open
1598,evt_00016654,2026-07-12,email_click
1598,evt_00016652,2026-08-08,email_click
1599,evt_00016657,2026-03-28,email_open
1599,evt_00016658,2026-03-29,website_visit
1599,evt_00016659,2026-04-23,email_click
1599,evt_00016655,2026-06-03,website_visit
1599,evt_00016660,2026-06-29,website_visit
1599,evt_00016656,2026-07-03,email_open
1600,evt_00016663,2026-03-26,email_click
1600,evt_00016662,2026-04-11,demo_request
1600,evt_00016669,2026-04-26,website_visit
1600,evt_00016667,2026-05-24,website_visit
1600,evt_00016666,2026-06-04,website_visit
1600,evt_00016668,2026-06-19,email_click
1600,evt_00016661,2026-06-27,email_click
1600,evt_00016664,2026-06-29,email_open
1600,evt_00016665,2026-07-22,website_visit
1601,evt_00016673,2026-06-17,email_click
1601,evt_00016675,2026-06-18,email_open
1601,evt_00016672,2026-06-20,website_visit
1601,evt_00016674,2026-06-22,email_open
1601,evt_00016676,2026-06-25,email_open
1601,evt_00016670,2026-07-19,email_open
1601,evt_00016677,2026-07-21,website_visit
1601,evt_00016679,2026-07-23,email_open
1601,evt_00016678,2026-08-05,email_open
1601,evt_00016671,2026-08-07,website_visit
1602,evt_00016688,2026-07-27,website_visit
1602,evt_00016680,2026-07-29,email_click
1602,evt_00016686,2026-07-29,email_open
1602,evt_00016682,2026-07-30,website_visit
1602,evt_00016683,2026-07-31,email_open
1602,evt_00016685,2026-08-02,email_open
1602,evt_00016684,2026-08-05,website_visit
1602,evt_00016681,2026-08-06,email_click
1602,evt_00016687,2026-08-06,form_fill
1603,evt_00016689,2026-06-30,form_fill
1604,evt_00016698,2026-03-08,demo_request
1604,evt_00016692,2026-03-20,website_visit
1604,evt_00016691,2026-03-30,email_click
1604,evt_00016695,2026-04-13,email_click
1604,evt_00016700,2026-04-17,demo_request
1604,evt_00016693,2026-05-01,email_open
1604,evt_00016697,2026-05-01,email_click
1604,evt_00016696,2026-05-16,email_open
1604,evt_00016699,2026-05-16,email_open
1604,evt_00016694,2026-06-23,email_click
1604,evt_00016690,2026-07-04,website_visit
1604,evt_00016701,2026-07-27,website_visit
1605,evt_00016708,2026-07-10,email_click
1605,evt_00016703,2026-07-11,website_visit
1605,evt_00016707,2026-07-12,email_open
1605,evt_00016706,2026-07-17,email_open
1605,evt_00016705,2026-07-22,website_visit
1605,evt_00016704,2026-07-27,email_open
1605,evt_00016702,2026-08-08,website_visit
1606,evt_00016715,2026-04-03,website_visit
1606,evt_00016711,2026-05-13,website_visit
1606,evt_00016710,2026-06-25,website_visit
1606,evt_00016713,2026-06-28,website_visit
1606,evt_00016712,2026-07-23,email_open
1606,evt_00016714,2026-07-29,email_open
1606,evt_00016709,2026-08-03,website_visit
1607,evt_00016719,2026-04-08,demo_request
1607,evt_00016720,2026-05-22,website_visit
1607,evt_00016716,2026-05-30,email_open
1607,evt_00016717,2026-06-03,email_click
1607,evt_00016718,2026-06-21,email_open
1608,evt_00016723,2026-04-11,website_visit
1608,evt_00016722,2026-06-01,form_fill
1608,evt_00016724,2026-07-05,website_visit
1608,evt_00016721,2026-07-18,website_visit
1609,evt_00016753,2026-03-20,email_open
1609,evt_00016725,2026-03-31,email_click
1609,evt_00016743,2026-03-31,email_open
1609,evt_00016744,2026-04-01,email_open
1609,evt_00016736,2026-04-02,website_visit
1609,evt_00016752,2026-04-02,email_click
1609,evt_00016731,2026-04-07,website_visit
1609,evt_00016733,2026-04-21,email_open
1609,evt_00016729,2026-04-22,email_click
1609,evt_00016756,2026-04-24,email_click
1609,evt_00016741,2026-04-28,email_open
1609,evt_00016739,2026-05-01,website_visit
1609,evt_00016745,2026-05-05,email_open
1609,evt_00016730,2026-05-08,email_click
1609,evt_00016755,2026-05-10,website_visit
1609,evt_00016727,2026-05-13,website_visit
1609,evt_00016749,2026-05-13,website_visit
1609,evt_00016747,2026-05-27,form_fill
1609,evt_00016748,2026-05-30,website_visit
1609,evt_00016751,2026-06-01,email_open
1609,evt_00016754,2026-06-04,form_fill
1609,evt_00016740,2026-06-05,email_click
1609,evt_00016726,2026-06-11,email_open
1609,evt_00016746,2026-06-11,email_click
1609,evt_00016728,2026-06-15,email_click
1609,evt_00016742,2026-06-21,email_click
1609,evt_00016737,2026-06-23,email_click
1609,evt_00016750,2026-06-26,email_open
1609,evt_00016732,2026-06-27,website_visit
1609,evt_00016734,2026-07-07,email_open
1609,evt_00016738,2026-07-16,email_click
1609,evt_00016735,2026-07-18,email_open
1610,evt_00016761,2026-02-11,form_fill
1610,evt_00016765,2026-02-21,form_fill
1610,evt_00016762,2026-02-26,website_visit
1610,evt_00016760,2026-03-05,email_open
1610,evt_00016768,2026-03-31,email_open
1610,evt_00016769,2026-04-07,website_visit
1610,evt_00016759,2026-04-25,email_open
1610,evt_00016764,2026-04-30,website_visit
1610,evt_00016767,2026-05-02,website_visit
1610,evt_00016763,2026-06-15,website_visit
1610,evt_00016770,2026-06-18,email_click
1610,evt_00016758,2026-07-17,email_open
1610,evt_00016757,2026-07-25,email_open
1610,evt_00016766,2026-07-25,email_open
1611,evt_00016775,2026-07-25,email_click
1611,evt_00016777,2026-07-25,email_open
1611,evt_00016773,2026-07-27,email_open
1611,evt_00016774,2026-07-28,email_open
1611,evt_00016776,2026-07-28,email_open
1611,evt_00016780,2026-07-31,email_click
1611,evt_00016771,2026-08-01,email_click
1611,evt_00016778,2026-08-01,email_click
1611,evt_00016772,2026-08-05,email_click
1611,evt_00016779,2026-08-06,email_open
1612,evt_00016787,2026-03-14,email_open
1612,evt_00016785,2026-03-19,website_visit
1612,evt_00016781,2026-03-31,website_visit
1612,evt_00016789,2026-04-09,website_visit
1612,evt_00016784,2026-05-30,website_visit
1612,evt_00016788,2026-06-02,email_open
1612,evt_00016783,2026-06-15,email_click
1612,evt_00016786,2026-07-18,email_open
1612,evt_00016782,2026-07-19,website_visit
1613,evt_00016795,2026-07-26,form_fill
1613,evt_00016796,2026-07-27,email_open
1613,evt_00016792,2026-07-30,website_visit
1613,evt_00016797,2026-07-31,form_fill
1613,evt_00016798,2026-08-01,website_visit
1613,evt_00016793,2026-08-02,email_click
1613,evt_00016802,2026-08-02,email_click
1613,evt_00016799,2026-08-04,email_open
1613,evt_00016801,2026-08-05,website_visit
1613,evt_00016791,2026-08-06,email_open
1613,evt_00016800,2026-08-06,email_click
1613,evt_00016790,2026-08-07,email_open
1613,evt_00016794,2026-08-07,email_open
1614,evt_00016813,2026-03-08,email_open
1614,evt_00016804,2026-03-14,email_click
1614,evt_00016811,2026-05-03,email_open
1614,evt_00016809,2026-06-13,email_open
1614,evt_00016805,2026-06-22,demo_request
1614,evt_00016803,2026-06-29,email_click
1614,evt_00016812,2026-06-30,email_click
1614,evt_00016810,2026-07-23,form_fill
1614,evt_00016806,2026-07-30,email_open
1614,evt_00016807,2026-08-04,email_click
1614,evt_00016808,2026-08-08,email_open
1615,evt_00016816,2026-07-02,demo_request
1615,evt_00016818,2026-07-16,email_open
1615,evt_00016821,2026-07-16,email_click
1615,evt_00016819,2026-07-18,email_click
1615,evt_00016814,2026-07-19,email_open
1615,evt_00016822,2026-07-19,email_open
1615,evt_00016815,2026-07-26,email_open
1615,evt_00016817,2026-07-30,email_open
1615,evt_00016820,2026-07-30,email_click
1616,evt_00016829,2026-07-24,form_fill
1616,evt_00016825,2026-07-25,email_click
1616,evt_00016828,2026-07-25,form_fill
1616,evt_00016826,2026-07-26,email_open
1616,evt_00016830,2026-07-26,email_open
1616,evt_00016824,2026-08-02,demo_request
1616,evt_00016823,2026-08-05,email_open
1616,evt_00016831,2026-08-06,email_click
1616,evt_00016827,2026-08-08,email_open
1617,evt_00016836,2026-05-15,form_fill
1617,evt_00016837,2026-05-28,email_open
1617,evt_00016832,2026-06-13,email_click
1617,evt_00016834,2026-06-24,email_open
1617,evt_00016838,2026-06-24,email_open
1617,evt_00016833,2026-07-19,website_visit
1617,evt_00016839,2026-07-27,email_open
1617,evt_00016835,2026-08-03,email_open
1618,evt_00016843,2026-06-08,website_visit
1618,evt_00016844,2026-06-28,email_open
1618,evt_00016845,2026-07-03,email_open
1618,evt_00016841,2026-07-12,website_visit
1618,evt_00016842,2026-07-19,email_open
1618,evt_00016840,2026-08-04,website_visit
1619,evt_00016848,2026-04-20,email_open
1619,evt_00016872,2026-05-04,email_open
1619,evt_00016851,2026-05-06,email_open
1619,evt_00016853,2026-05-07,email_open
1619,evt_00016847,2026-05-10,email_click
1619,evt_00016866,2026-05-11,website_visit
1619,evt_00016870,2026-05-14,website_visit
1619,evt_00016863,2026-05-27,website_visit
1619,evt_00016864,2026-05-27,website_visit
1619,evt_00016868,2026-05-28,email_open
1619,evt_00016859,2026-05-31,email_open
1619,evt_00016856,2026-06-12,website_visit
1619,evt_00016850,2026-06-16,email_click
1619,evt_00016860,2026-06-19,email_open
1619,evt_00016858,2026-06-26,email_open
1619,evt_00016871,2026-06-26,email_open
1619,evt_00016861,2026-06-29,website_visit
1619,evt_00016862,2026-06-30,email_open
1619,evt_00016865,2026-07-03,email_open
1619,evt_00016867,2026-07-04,form_fill
1619,evt_00016854,2026-07-20,email_click
1619,evt_00016846,2026-07-21,email_open
1619,evt_00016852,2026-07-25,form_fill
1619,evt_00016855,2026-07-29,email_click
1619,evt_00016857,2026-07-29,email_open
1619,evt_00016869,2026-07-29,website_visit
1619,evt_00016849,2026-08-01,email_open
1620,evt_00016873,2026-04-08,email_click
1620,evt_00016876,2026-04-09,demo_request
1620,evt_00016874,2026-05-05,email_open
1620,evt_00016882,2026-05-23,email_click
1620,evt_00016881,2026-06-07,email_click
1620,evt_00016877,2026-06-10,email_open
1620,evt_00016883,2026-07-02,email_open
1620,evt_00016878,2026-07-03,email_open
1620,evt_00016884,2026-07-04,website_visit
1620,evt_00016875,2026-07-08,email_click
1620,evt_00016880,2026-07-28,email_open
1620,evt_00016879,2026-07-29,email_open
1621,evt_00016885,2026-08-07,email_click
1621,evt_00016888,2026-08-07,email_click
1621,evt_00016889,2026-08-07,email_open
1621,evt_00016892,2026-08-07,email_open
1621,evt_00016893,2026-08-07,website_visit
1621,evt_00016886,2026-08-08,website_visit
1621,evt_00016887,2026-08-08,email_open
1621,evt_00016890,2026-08-08,email_click
1621,evt_00016891,2026-08-08,website_visit
1621,evt_00016894,2026-08-08,email_open
1622,evt_00016903,2026-06-18,email_click
1622,evt_00016902,2026-06-28,email_open
1622,evt_00016896,2026-07-13,email_click
1622,evt_00016895,2026-07-14,email_open
1622,evt_00016899,2026-07-20,email_open
1622,evt_00016901,2026-07-21,email_click
1622,evt_00016897,2026-07-22,email_click
1622,evt_00016900,2026-07-23,website_visit
1622,evt_00016898,2026-07-30,email_open
1622,evt_00016904,2026-08-07,email_open
1623,evt_00016907,2026-05-28,email_open
1623,evt_00016906,2026-06-01,email_click
1623,evt_00016905,2026-06-04,website_visit
1624,evt_00016919,2026-03-07,email_click
1624,evt_00016914,2026-03-11,email_click
1624,evt_00016922,2026-03-31,email_open
1624,evt_00016924,2026-04-05,email_open
1624,evt_00016918,2026-04-19,website_visit
1624,evt_00016925,2026-05-06,email_open
1624,evt_00016912,2026-05-09,demo_request
1624,evt_00016916,2026-05-12,website_visit
1624,evt_00016920,2026-05-15,email_open
1624,evt_00016908,2026-05-26,email_open
1624,evt_00016915,2026-06-13,website_visit
1624,evt_00016917,2026-06-18,email_open
1624,evt_00016921,2026-07-01,website_visit
1624,evt_00016909,2026-07-05,email_open
1624,evt_00016910,2026-07-05,website_visit
1624,evt_00016923,2026-07-05,website_visit
1624,evt_00016911,2026-07-22,email_open
1624,evt_00016913,2026-07-28,email_open
1625,evt_00016926,2026-04-13,email_open
1625,evt_00016928,2026-04-22,email_click
1625,evt_00016934,2026-04-27,email_open
1625,evt_00016927,2026-05-01,website_visit
1625,evt_00016933,2026-05-11,website_visit
1625,evt_00016931,2026-05-26,email_open
1625,evt_00016930,2026-06-24,website_visit
1625,evt_00016932,2026-07-12,email_click
1625,evt_00016929,2026-07-23,website_visit
1626,evt_00016938,2026-04-10,email_open
1626,evt_00016935,2026-04-19,email_open
1626,evt_00016937,2026-07-18,form_fill
1626,evt_00016936,2026-07-31,email_open
1627,evt_00016940,2026-03-22,email_open
1627,evt_00016944,2026-04-13,email_open
1627,evt_00016945,2026-05-20,website_visit
1627,evt_00016941,2026-06-13,website_visit
1627,evt_00016942,2026-07-13,email_open
1627,evt_00016939,2026-07-23,email_open
1627,evt_00016943,2026-08-01,email_open
1628,evt_00016947,2026-07-11,email_click
1628,evt_00016948,2026-07-21,email_open
1628,evt_00016946,2026-07-27,email_open
1628,evt_00016949,2026-08-06,website_visit
1629,evt_00016950,2026-05-29,email_open
1629,evt_00016951,2026-07-03,email_open
1630,evt_00016954,2026-05-05,form_fill
1630,evt_00016970,2026-05-07,email_open
1630,evt_00016968,2026-05-08,email_open
1630,evt_00016955,2026-05-17,email_open
1630,evt_00016960,2026-05-29,email_open
1630,evt_00016956,2026-05-30,demo_request
1630,evt_00016962,2026-06-03,email_open
1630,evt_00016961,2026-06-20,email_open
1630,evt_00016953,2026-06-24,email_click
1630,evt_00016971,2026-06-26,demo_request
1630,evt_00016965,2026-07-01,email_open
1630,evt_00016967,2026-07-09,email_click
1630,evt_00016966,2026-07-12,email_click
1630,evt_00016952,2026-07-13,website_visit
1630,evt_00016964,2026-07-14,website_visit
1630,evt_00016969,2026-07-22,email_open
1630,evt_00016957,2026-07-28,email_click
1630,evt_00016959,2026-07-28,email_open
1630,evt_00016958,2026-07-29,website_visit
1630,evt_00016963,2026-08-05,website_visit
1631,evt_00016980,2026-06-02,email_click
1631,evt_00016975,2026-06-06,website_visit
1631,evt_00016976,2026-06-09,email_open
1631,evt_00016972,2026-06-14,email_open
1631,evt_00016979,2026-06-16,website_visit
1631,evt_00016973,2026-06-21,website_visit
1631,evt_00016981,2026-07-18,website_visit
1631,evt_00016977,2026-07-21,form_fill
1631,evt_00016974,2026-07-27,email_open
1631,evt_00016982,2026-08-01,email_open
1631,evt_00016978,2026-08-03,website_visit
1632,evt_00016983,2026-04-02,website_visit
1632,evt_00016985,2026-04-08,website_visit
1632,evt_00016989,2026-04-23,email_open
1632,evt_00016988,2026-06-12,email_open
1632,evt_00016984,2026-07-17,email_open
1632,evt_00016987,2026-07-21,email_click
1632,evt_00016986,2026-08-06,email_open
1633,evt_00016994,2026-06-06,email_click
1633,evt_00017001,2026-06-06,form_fill
1633,evt_00016999,2026-06-07,email_open
1633,evt_00017003,2026-06-13,website_visit
1633,evt_00017012,2026-06-18,form_fill
1633,evt_00017015,2026-06-21,email_open
1633,evt_00016992,2026-06-22,email_click
1633,evt_00016993,2026-06-22,form_fill
1633,evt_00017005,2026-06-23,email_open
1633,evt_00016990,2026-06-24,email_click
1633,evt_00016991,2026-06-28,email_click
1633,evt_00016997,2026-07-01,email_open
1633,evt_00016998,2026-07-01,website_visit
1633,evt_00017010,2026-07-03,email_open
1633,evt_00017007,2026-07-04,website_visit
1633,evt_00017008,2026-07-07,email_click
1633,evt_00017011,2026-07-08,website_visit
1633,evt_00017004,2026-07-14,website_visit
1633,evt_00017009,2026-07-14,email_open
1633,evt_00017013,2026-07-23,website_visit
1633,evt_00017000,2026-07-27,email_open
1633,evt_00017006,2026-07-28,email_click
1633,evt_00017017,2026-07-28,email_open
1633,evt_00016996,2026-07-31,email_open
1633,evt_00017014,2026-07-31,form_fill
1633,evt_00017002,2026-08-02,website_visit
1633,evt_00017016,2026-08-02,email_open
1633,evt_00016995,2026-08-07,email_open
1634,evt_00017021,2026-04-28,email_click
1634,evt_00017027,2026-05-04,website_visit
1634,evt_00017023,2026-05-17,email_open
1634,evt_00017020,2026-07-06,demo_request
1634,evt_00017018,2026-07-15,website_visit
1634,evt_00017022,2026-07-16,email_open
1634,evt_00017019,2026-07-23,website_visit
1634,evt_00017026,2026-07-26,form_fill
1634,evt_00017024,2026-08-05,email_click
1634,evt_00017025,2026-08-07,email_open
1635,evt_00017029,2026-07-14,email_open
1635,evt_00017028,2026-08-03,email_open
1636,evt_00017038,2026-02-26,website_visit
1636,evt_00017039,2026-03-20,website_visit
1636,evt_00017030,2026-04-04,email_open
1636,evt_00017036,2026-05-02,website_visit
1636,evt_00017042,2026-05-09,email_click
1636,evt_00017040,2026-05-14,website_visit
1636,evt_00017032,2026-05-30,email_open
1636,evt_00017041,2026-06-25,form_fill
1636,evt_00017031,2026-07-08,website_visit
1636,evt_00017037,2026-07-08,email_open
1636,evt_00017033,2026-07-14,email_click
1636,evt_00017035,2026-07-24,email_click
1636,evt_00017034,2026-08-01,email_open
1637,evt_00017053,2026-04-17,email_open
1637,evt_00017054,2026-04-21,email_click
1637,evt_00017047,2026-05-18,email_click
1637,evt_00017049,2026-05-28,email_open
1637,evt_00017048,2026-05-29,website_visit
1637,evt_00017050,2026-06-08,email_open
1637,evt_00017051,2026-06-13,email_open
1637,evt_00017044,2026-06-14,website_visit
1637,evt_00017043,2026-06-19,email_open
1637,evt_00017055,2026-07-12,email_open
1637,evt_00017046,2026-07-17,email_open
1637,evt_00017045,2026-07-19,email_open
1637,evt_00017052,2026-07-22,email_open
1638,evt_00017058,2026-06-14,email_open
1638,evt_00017059,2026-06-18,website_visit
1638,evt_00017057,2026-07-06,form_fill
1638,evt_00017056,2026-07-21,email_open
1639,evt_00017066,2026-05-30,website_visit
1639,evt_00017065,2026-06-02,email_open
1639,evt_00017062,2026-06-03,website_visit
1639,evt_00017069,2026-06-19,email_click
1639,evt_00017063,2026-06-27,demo_request
1639,evt_00017064,2026-07-02,email_open
1639,evt_00017060,2026-07-05,email_open
1639,evt_00017070,2026-07-15,email_open
1639,evt_00017061,2026-07-21,email_open
1639,evt_00017067,2026-07-25,email_open
1639,evt_00017068,2026-07-31,email_open
1640,evt_00017075,2026-05-31,website_visit
1640,evt_00017076,2026-05-31,website_visit
1640,evt_00017071,2026-06-18,demo_request
1640,evt_00017073,2026-06-28,email_open
1640,evt_00017072,2026-07-10,website_visit
1640,evt_00017074,2026-07-10,email_open
1641,evt_00017081,2026-07-26,website_visit
1641,evt_00017077,2026-07-27,email_open
1641,evt_00017084,2026-07-27,email_open
1641,evt_00017080,2026-07-29,email_click
1641,evt_00017083,2026-08-01,email_open
1641,evt_00017078,2026-08-02,website_visit
1641,evt_00017082,2026-08-03,email_open
1641,evt_00017079,2026-08-04,email_open
1642,evt_00017099,2026-07-11,website_visit
1642,evt_00017100,2026-07-13,email_open
1642,evt_00017093,2026-07-17,email_open
1642,evt_00017089,2026-07-18,email_click
1642,evt_00017095,2026-07-18,email_open
1642,evt_00017091,2026-07-20,email_open
1642,evt_00017094,2026-07-21,email_open
1642,evt_00017097,2026-07-21,demo_request
1642,evt_00017086,2026-07-22,email_open
1642,evt_00017090,2026-07-25,email_open
1642,evt_00017098,2026-07-25,email_click
1642,evt_00017087,2026-07-29,email_open
1642,evt_00017096,2026-07-29,email_click
1642,evt_00017092,2026-08-01,website_visit
1642,evt_00017102,2026-08-01,email_open
1642,evt_00017101,2026-08-03,email_open
1642,evt_00017085,2026-08-04,website_visit
1642,evt_00017088,2026-08-08,form_fill
1642,evt_00017103,2026-08-08,email_click
1643,evt_00017109,2026-07-15,form_fill
1643,evt_00017105,2026-07-16,email_open
1643,evt_00017115,2026-07-16,email_open
1643,evt_00017110,2026-07-18,email_click
1643,evt_00017104,2026-07-21,email_click
1643,evt_00017111,2026-07-22,email_open
1643,evt_00017108,2026-07-26,website_visit
1643,evt_00017106,2026-07-27,email_open
1643,evt_00017112,2026-07-28,email_open
1643,evt_00017114,2026-07-28,email_open
1643,evt_00017116,2026-08-05,website_visit
1643,evt_00017107,2026-08-06,email_open
1643,evt_00017113,2026-08-07,email_open
1643,evt_00017117,2026-08-07,email_click
1644,evt_00017119,2026-06-26,website_visit
1644,evt_00017118,2026-07-02,website_visit
1644,evt_00017120,2026-07-16,website_visit
1644,evt_00017121,2026-07-18,email_open
1644,evt_00017122,2026-08-02,email_open
1645,evt_00017132,2026-07-10,email_click
1645,evt_00017131,2026-07-11,email_open
1645,evt_00017128,2026-07-12,website_visit
1645,evt_00017130,2026-07-20,email_open
1645,evt_00017124,2026-07-24,website_visit
1645,evt_00017126,2026-07-25,form_fill
1645,evt_00017133,2026-07-27,website_visit
1645,evt_00017129,2026-07-28,email_open
1645,evt_00017123,2026-08-02,form_fill
1645,evt_00017125,2026-08-03,email_open
1645,evt_00017127,2026-08-08,website_visit
1646,evt_00017134,2026-08-08,website_visit
1646,evt_00017135,2026-08-08,email_open
1646,evt_00017136,2026-08-08,email_open
1647,evt_00017151,2026-04-03,email_open
1647,evt_00017148,2026-04-11,demo_request
1647,evt_00017140,2026-04-12,email_open
1647,evt_00017155,2026-04-14,email_click
1647,evt_00017153,2026-04-19,demo_request
1647,evt_00017144,2026-05-04,email_open
1647,evt_00017139,2026-05-06,email_open
1647,evt_00017147,2026-05-23,email_open
1647,evt_00017149,2026-05-25,email_click
1647,evt_00017141,2026-06-03,email_click
1647,evt_00017142,2026-06-11,email_open
1647,evt_00017146,2026-06-13,demo_request
1647,evt_00017137,2026-06-14,email_open
1647,evt_00017150,2026-06-20,email_open
1647,evt_00017154,2026-07-14,email_click
1647,evt_00017143,2026-07-21,website_visit
1647,evt_00017138,2026-07-28,email_open
1647,evt_00017145,2026-07-29,website_visit
1647,evt_00017152,2026-08-07,form_fill
1648,evt_00017156,2026-06-18,demo_request
1648,evt_00017171,2026-06-19,email_open
1648,evt_00017174,2026-06-19,website_visit
1648,evt_00017164,2026-06-25,email_open
1648,evt_00017172,2026-06-27,website_visit
1648,evt_00017158,2026-06-29,form_fill
1648,evt_00017162,2026-07-03,website_visit
1648,evt_00017166,2026-07-06,form_fill
1648,evt_00017168,2026-07-06,email_open
1648,evt_00017160,2026-07-08,form_fill
1648,evt_00017167,2026-07-08,email_click
1648,evt_00017157,2026-07-09,email_open
1648,evt_00017170,2026-07-09,website_visit
1648,evt_00017169,2026-07-10,email_open
1648,evt_00017163,2026-07-12,email_open
1648,evt_00017161,2026-07-22,email_click
1648,evt_00017173,2026-07-22,website_visit
1648,evt_00017159,2026-07-23,website_visit
1648,evt_00017165,2026-07-25,email_open
1649,evt_00017178,2026-03-02,website_visit
1649,evt_00017176,2026-03-14,email_open
1649,evt_00017182,2026-03-17,website_visit
1649,evt_00017184,2026-04-02,email_open
1649,evt_00017181,2026-04-22,website_visit
1649,evt_00017180,2026-04-23,email_open
1649,evt_00017186,2026-04-28,email_open
1649,evt_00017177,2026-05-18,email_click
1649,evt_00017187,2026-06-11,email_open
1649,evt_00017175,2026-06-17,email_click
1649,evt_00017183,2026-07-02,email_open
1649,evt_00017179,2026-07-14,email_open
1649,evt_00017185,2026-07-23,form_fill
1650,evt_00017190,2026-07-20,email_open
1650,evt_00017193,2026-07-22,website_visit
1650,evt_00017191,2026-07-24,email_click
1650,evt_00017188,2026-07-28,email_open
1650,evt_00017194,2026-08-03,website_visit
1650,evt_00017192,2026-08-05,email_open
1650,evt_00017189,2026-08-07,email_open
1651,evt_00017199,2026-06-12,email_open
1651,evt_00017210,2026-06-18,email_open
1651,evt_00017203,2026-06-23,email_click
1651,evt_00017208,2026-06-23,email_open
1651,evt_00017201,2026-06-24,website_visit
1651,evt_00017206,2026-06-26,email_click
1651,evt_00017200,2026-07-02,form_fill
1651,evt_00017212,2026-07-05,website_visit
1651,evt_00017202,2026-07-08,email_open
1651,evt_00017204,2026-07-16,email_click
1651,evt_00017196,2026-07-19,website_visit
1651,evt_00017197,2026-07-19,email_click
1651,evt_00017207,2026-07-20,email_open
1651,evt_00017198,2026-07-28,email_open
1651,evt_00017205,2026-07-30,website_visit
1651,evt_00017195,2026-07-31,form_fill
1651,evt_00017209,2026-08-01,website_visit
1651,evt_00017211,2026-08-04,email_click
1652,evt_00017217,2026-03-06,email_click
1652,evt_00017216,2026-03-09,website_visit
1652,evt_00017214,2026-04-15,email_open
1652,evt_00017213,2026-04-22,website_visit
1652,evt_00017215,2026-08-01,email_open
1653,evt_00017218,2026-06-21,email_click
1654,evt_00017236,2026-07-11,website_visit
1654,evt_00017220,2026-07-13,form_fill
1654,evt_00017235,2026-07-17,email_open
1654,evt_00017227,2026-07-18,email_click
1654,evt_00017223,2026-07-20,email_open
1654,evt_00017237,2026-07-22,email_open
1654,evt_00017230,2026-07-24,website_visit
1654,evt_00017232,2026-07-24,website_visit
1654,evt_00017231,2026-07-25,email_open
1654,evt_00017226,2026-07-27,email_open
1654,evt_00017233,2026-07-29,website_visit
1654,evt_00017234,2026-07-30,website_visit
1654,evt_00017222,2026-08-01,email_open
1654,evt_00017229,2026-08-02,website_visit
1654,evt_00017228,2026-08-03,form_fill
1654,evt_00017221,2026-08-04,email_open
1654,evt_00017224,2026-08-06,email_open
1654,evt_00017225,2026-08-07,website_visit
1654,evt_00017219,2026-08-08,email_open
1655,evt_00017239,2026-08-06,email_open
1655,evt_00017240,2026-08-06,form_fill
1655,evt_00017241,2026-08-06,form_fill
1655,evt_00017245,2026-08-06,email_open
1655,evt_00017238,2026-08-07,website_visit
1655,evt_00017242,2026-08-07,email_open
1655,evt_00017243,2026-08-08,website_visit
1655,evt_00017244,2026-08-08,email_open
1656,evt_00017246,2026-05-20,email_click
1656,evt_00017248,2026-06-29,email_open
1656,evt_00017247,2026-08-01,email_open
1657,evt_00017249,2026-03-07,demo_request
1657,evt_00017252,2026-04-25,website_visit
1657,evt_00017251,2026-05-13,email_open
1657,evt_00017250,2026-06-05,email_open
1658,evt_00017256,2026-06-19,email_click
1658,evt_00017254,2026-06-25,website_visit
1658,evt_00017255,2026-07-03,email_open
1658,evt_00017253,2026-07-23,website_visit
1659,evt_00017281,2026-02-15,email_click
1659,evt_00017259,2026-02-16,email_click
1659,evt_00017285,2026-02-20,demo_request
1659,evt_00017265,2026-02-28,email_open
1659,evt_00017267,2026-03-08,email_open
1659,evt_00017296,2026-03-13,email_open
1659,evt_00017282,2026-03-14,email_click
1659,evt_00017300,2026-03-14,email_open
1659,evt_00017290,2026-03-19,email_open
1659,evt_00017258,2026-03-20,form_fill
1659,evt_00017263,2026-03-22,email_open
1659,evt_00017298,2026-03-24,email_open
1659,evt_00017293,2026-03-30,email_click
1659,evt_00017294,2026-04-02,website_visit
1659,evt_00017299,2026-04-03,form_fill
1659,evt_00017270,2026-04-09,website_visit
1659,evt_00017273,2026-04-09,email_open
1659,evt_00017288,2026-04-09,form_fill
1659,evt_00017291,2026-04-09,website_visit
1659,evt_00017292,2026-04-10,website_visit
1659,evt_00017289,2026-04-12,email_open
1659,evt_00017302,2026-04-14,email_open
1659,evt_00017272,2026-04-17,website_visit
1659,evt_00017257,2026-04-19,email_click
1659,evt_00017279,2026-04-20,email_click
1659,evt_00017275,2026-04-22,form_fill
1659,evt_00017283,2026-04-24,email_click
1659,evt_00017264,2026-04-30,website_visit
1659,evt_00017266,2026-05-01,website_visit
1659,evt_00017284,2026-05-01,form_fill
1659,evt_00017301,2026-05-05,email_open
1659,evt_00017274,2026-05-07,email_click
1659,evt_00017269,2026-05-19,email_open
1659,evt_00017278,2026-05-19,email_open
1659,evt_00017271,2026-05-24,email_open
1659,evt_00017261,2026-05-26,website_visit
1659,evt_00017287,2026-05-28,email_click
1659,evt_00017268,2026-06-01,email_open
1659,evt_00017295,2026-06-03,website_visit
1659,evt_00017297,2026-06-11,email_click
1659,evt_00017260,2026-06-16,demo_request
1659,evt_00017303,2026-06-17,email_open
1659,evt_00017305,2026-06-21,email_click
1659,evt_00017304,2026-06-27,website_visit
1659,evt_00017262,2026-07-16,email_open
1659,evt_00017276,2026-07-17,email_open
1659,evt_00017280,2026-07-18,website_visit
1659,evt_00017306,2026-07-21,email_open
1659,evt_00017277,2026-07-24,website_visit
1659,evt_00017286,2026-07-31,website_visit
1660,evt_00017308,2026-05-09,website_visit
1660,evt_00017307,2026-06-28,email_open
1661,evt_00017313,2026-06-06,website_visit
1661,evt_00017317,2026-06-06,email_open
1661,evt_00017323,2026-06-06,form_fill
1661,evt_00017319,2026-06-21,website_visit
1661,evt_00017325,2026-06-24,website_visit
1661,evt_00017312,2026-07-01,form_fill
1661,evt_00017322,2026-07-01,email_click
1661,evt_00017315,2026-07-14,email_open
1661,evt_00017311,2026-07-21,email_click
1661,evt_00017320,2026-07-21,email_open
1661,evt_00017321,2026-07-21,website_visit
1661,evt_00017310,2026-07-23,email_open
1661,evt_00017316,2026-07-24,email_click
1661,evt_00017318,2026-07-24,email_open
1661,evt_00017314,2026-07-27,email_open
1661,evt_00017324,2026-08-03,email_open
1661,evt_00017309,2026-08-04,form_fill
1662,evt_00017331,2026-05-06,email_click
1662,evt_00017330,2026-05-16,form_fill
1662,evt_00017327,2026-05-19,email_open
1662,evt_00017326,2026-05-27,email_open
1662,evt_00017337,2026-05-27,website_visit
1662,evt_00017329,2026-06-01,email_click
1662,evt_00017332,2026-06-07,form_fill
1662,evt_00017334,2026-07-16,email_open
1662,evt_00017335,2026-07-17,email_open
1662,evt_00017333,2026-07-21,email_open
1662,evt_00017328,2026-07-23,website_visit
1662,evt_00017336,2026-08-02,email_click
1663,evt_00017339,2026-04-29,email_open
1663,evt_00017338,2026-06-07,email_open
1663,evt_00017340,2026-06-26,email_open
1663,evt_00017341,2026-06-28,email_open
1664,evt_00017344,2026-05-29,email_open
1664,evt_00017347,2026-05-30,email_open
1664,evt_00017348,2026-05-31,form_fill
1664,evt_00017343,2026-06-05,email_click
1664,evt_00017345,2026-06-17,website_visit
1664,evt_00017342,2026-07-18,email_click
1664,evt_00017346,2026-08-06,email_click
1665,evt_00017355,2026-03-16,email_click
1665,evt_00017364,2026-03-23,email_open
1665,evt_00017353,2026-03-26,form_fill
1665,evt_00017365,2026-03-29,email_open
1665,evt_00017350,2026-04-07,website_visit
1665,evt_00017351,2026-04-14,website_visit
1665,evt_00017367,2026-04-15,email_open
1665,evt_00017358,2026-04-18,email_open
1665,evt_00017356,2026-04-22,website_visit
1665,evt_00017361,2026-04-29,form_fill
1665,evt_00017363,2026-05-07,email_click
1665,evt_00017349,2026-05-19,email_open
1665,evt_00017369,2026-05-25,form_fill
1665,evt_00017366,2026-05-31,email_open
1665,evt_00017362,2026-06-07,email_open
1665,evt_00017357,2026-06-18,form_fill
1665,evt_00017359,2026-06-22,email_open
1665,evt_00017352,2026-07-01,email_open
1665,evt_00017368,2026-07-19,email_open
1665,evt_00017354,2026-07-22,email_click
1665,evt_00017360,2026-08-06,email_click
1666,evt_00017386,2026-03-10,website_visit
1666,evt_00017383,2026-03-22,form_fill
1666,evt_00017372,2026-03-27,website_visit
1666,evt_00017382,2026-03-31,email_open
1666,evt_00017392,2026-04-04,email_open
1666,evt_00017373,2026-04-05,email_open
1666,evt_00017385,2026-04-05,website_visit
1666,evt_00017375,2026-04-06,email_open
1666,evt_00017387,2026-04-18,website_visit
1666,evt_00017390,2026-04-20,email_open
1666,evt_00017378,2026-04-29,email_click
1666,evt_00017377,2026-05-30,email_open
1666,evt_00017384,2026-06-21,email_open
1666,evt_00017376,2026-06-30,website_visit
1666,evt_00017388,2026-06-30,website_visit
1666,evt_00017370,2026-07-07,email_open
1666,evt_00017371,2026-07-08,form_fill
1666,evt_00017389,2026-07-09,website_visit
1666,evt_00017381,2026-07-21,email_click
1666,evt_00017374,2026-07-22,form_fill
1666,evt_00017391,2026-07-23,email_click
1666,evt_00017380,2026-07-29,email_open
1666,evt_00017379,2026-07-30,website_visit
1667,evt_00017397,2026-05-22,email_open
1667,evt_00017399,2026-05-23,email_open
1667,evt_00017401,2026-05-28,website_visit
1667,evt_00017404,2026-05-29,website_visit
1667,evt_00017396,2026-07-01,website_visit
1667,evt_00017402,2026-07-01,email_open
1667,evt_00017393,2026-07-09,email_click
1667,evt_00017394,2026-07-10,email_open
1667,evt_00017395,2026-07-14,form_fill
1667,evt_00017398,2026-07-22,form_fill
1667,evt_00017405,2026-08-02,website_visit
1667,evt_00017400,2026-08-06,email_open
1667,evt_00017403,2026-08-08,email_click
1668,evt_00017409,2026-07-15,email_open
1668,evt_00017406,2026-07-20,email_open
1668,evt_00017410,2026-07-22,email_open
1668,evt_00017407,2026-07-29,website_visit
1668,evt_00017411,2026-08-03,form_fill
1668,evt_00017408,2026-08-05,form_fill
1669,evt_00017415,2026-04-15,email_click
1669,evt_00017418,2026-04-23,demo_request
1669,evt_00017420,2026-04-27,website_visit
1669,evt_00017416,2026-04-29,email_open
1669,evt_00017412,2026-05-29,email_open
1669,evt_00017413,2026-06-12,website_visit
1669,evt_00017414,2026-07-06,email_open
1669,evt_00017417,2026-07-17,email_open
1669,evt_00017419,2026-07-17,email_open
1670,evt_00017423,2026-04-25,email_click
1670,evt_00017421,2026-04-30,email_open
1670,evt_00017424,2026-07-01,email_open
1670,evt_00017422,2026-08-08,email_open
1671,evt_00017436,2026-05-13,email_click
1671,evt_00017431,2026-05-18,email_click
1671,evt_00017427,2026-05-27,form_fill
1671,evt_00017426,2026-06-08,email_click
1671,evt_00017430,2026-06-13,website_visit
1671,evt_00017437,2026-06-19,email_open
1671,evt_00017433,2026-06-28,website_visit
1671,evt_00017434,2026-06-29,email_click
1671,evt_00017435,2026-07-05,email_click
1671,evt_00017432,2026-07-10,email_open
1671,evt_00017428,2026-07-21,email_open
1671,evt_00017429,2026-08-03,website_visit
1671,evt_00017425,2026-08-05,email_open
1672,evt_00017440,2026-04-05,email_open
1672,evt_00017443,2026-04-17,form_fill
1672,evt_00017438,2026-04-26,email_open
1672,evt_00017442,2026-06-16,email_click
1672,evt_00017441,2026-06-17,website_visit
1672,evt_00017439,2026-07-26,email_open
1673,evt_00017451,2026-06-06,email_open
1673,evt_00017449,2026-06-17,email_open
1673,evt_00017445,2026-07-16,website_visit
1673,evt_00017447,2026-07-18,website_visit
1673,evt_00017450,2026-07-23,email_open
1673,evt_00017448,2026-07-24,email_open
1673,evt_00017446,2026-07-26,email_open
1673,evt_00017444,2026-08-06,demo_request
1674,evt_00017457,2026-02-18,email_open
1674,evt_00017456,2026-02-24,email_open
1674,evt_00017463,2026-02-26,website_visit
1674,evt_00017452,2026-03-14,email_open
1674,evt_00017462,2026-04-07,website_visit
1674,evt_00017464,2026-05-14,demo_request
1674,evt_00017459,2026-05-23,email_open
1674,evt_00017454,2026-05-27,email_open
1674,evt_00017461,2026-06-08,email_open
1674,evt_00017455,2026-06-13,email_open
1674,evt_00017458,2026-06-18,email_open
1674,evt_00017453,2026-07-11,email_open
1674,evt_00017460,2026-08-03,email_click
1675,evt_00017465,2026-05-28,website_visit
1675,evt_00017468,2026-05-28,email_open
1675,evt_00017470,2026-06-28,email_open
1675,evt_00017467,2026-07-02,website_visit
1675,evt_00017469,2026-07-19,email_open
1675,evt_00017466,2026-08-05,email_open
1676,evt_00017476,2026-07-06,website_visit
1676,evt_00017472,2026-07-09,email_open
1676,evt_00017475,2026-07-09,email_open
1676,evt_00017473,2026-07-13,email_open
1676,evt_00017474,2026-07-16,email_click
1676,evt_00017471,2026-07-29,email_open
1677,evt_00017482,2026-06-08,website_visit
1677,evt_00017483,2026-06-09,website_visit
1677,evt_00017481,2026-06-25,form_fill
1677,evt_00017479,2026-07-26,form_fill
1677,evt_00017480,2026-07-28,website_visit
1677,evt_00017477,2026-07-30,email_open
1677,evt_00017478,2026-08-02,email_open
1678,evt_00017486,2026-07-27,email_click
1678,evt_00017485,2026-08-03,form_fill
1678,evt_00017488,2026-08-03,email_click
1678,evt_00017490,2026-08-04,form_fill
1678,evt_00017492,2026-08-05,email_open
1678,evt_00017493,2026-08-05,website_visit
1678,evt_00017491,2026-08-06,email_open
1678,evt_00017484,2026-08-07,email_open
1678,evt_00017487,2026-08-08,email_open
1678,evt_00017489,2026-08-08,website_visit
1679,evt_00017502,2026-03-17,website_visit
1679,evt_00017495,2026-03-26,email_open
1679,evt_00017504,2026-04-04,email_open
1679,evt_00017505,2026-04-13,demo_request
1679,evt_00017494,2026-05-11,email_click
1679,evt_00017497,2026-05-26,website_visit
1679,evt_00017500,2026-05-27,email_click
1679,evt_00017496,2026-06-20,form_fill
1679,evt_00017499,2026-06-22,email_open
1679,evt_00017503,2026-07-02,email_open
1679,evt_00017498,2026-07-20,website_visit
1679,evt_00017501,2026-08-04,email_open
1680,evt_00017507,2026-03-24,website_visit
1680,evt_00017506,2026-04-20,email_open
1680,evt_00017509,2026-06-11,website_visit
1680,evt_00017508,2026-07-28,email_open
1681,evt_00017513,2026-05-22,email_open
1681,evt_00017511,2026-06-04,email_open
1681,evt_00017514,2026-06-16,email_open
1681,evt_00017512,2026-07-27,email_open
1681,evt_00017510,2026-07-30,email_open
1682,evt_00017525,2026-07-05,email_open
1682,evt_00017521,2026-07-06,website_visit
1682,evt_00017522,2026-07-11,website_visit
1682,evt_00017520,2026-07-16,email_open
1682,evt_00017515,2026-07-18,email_open
1682,evt_00017523,2026-07-19,form_fill
1682,evt_00017517,2026-07-22,email_open
1682,evt_00017516,2026-07-26,website_visit
1682,evt_00017524,2026-08-02,website_visit
1682,evt_00017519,2026-08-03,form_fill
1682,evt_00017518,2026-08-08,email_open
1683,evt_00017533,2026-06-09,form_fill
1683,evt_00017531,2026-06-16,email_open
1683,evt_00017532,2026-06-29,email_click
1683,evt_00017528,2026-06-30,email_click
1683,evt_00017526,2026-07-20,email_click
1683,evt_00017530,2026-07-24,website_visit
1683,evt_00017529,2026-07-27,website_visit
1683,evt_00017527,2026-07-30,form_fill
1683,evt_00017534,2026-08-03,email_click
1684,evt_00017538,2026-04-21,demo_request
1684,evt_00017537,2026-04-22,email_open
1684,evt_00017536,2026-04-23,website_visit
1684,evt_00017535,2026-05-28,email_open
1684,evt_00017539,2026-06-22,email_open
1685,evt_00017544,2026-07-01,website_visit
1685,evt_00017540,2026-07-13,email_open
1685,evt_00017542,2026-07-19,website_visit
1685,evt_00017543,2026-07-19,email_open
1685,evt_00017541,2026-07-22,website_visit
1685,evt_00017547,2026-07-24,email_click
1685,evt_00017548,2026-07-24,website_visit
1685,evt_00017545,2026-08-06,email_open
1685,evt_00017546,2026-08-06,email_open
1686,evt_00017552,2026-05-05,email_open
1686,evt_00017551,2026-05-27,email_click
1686,evt_00017553,2026-06-14,demo_request
1686,evt_00017549,2026-06-25,email_click
1686,evt_00017550,2026-08-05,email_open
1687,evt_00017558,2026-03-13,form_fill
1687,evt_00017554,2026-04-24,email_open
1687,evt_00017560,2026-06-07,website_visit
1687,evt_00017561,2026-06-20,email_open
1687,evt_00017557,2026-06-26,email_open
1687,evt_00017555,2026-07-02,email_click
1687,evt_00017559,2026-07-07,email_click
1687,evt_00017556,2026-07-28,form_fill
1688,evt_00017570,2026-07-05,email_open
1688,evt_00017571,2026-07-05,form_fill
1688,evt_00017562,2026-07-10,email_open
1688,evt_00017573,2026-07-10,email_open
1688,evt_00017572,2026-07-11,email_open
1688,evt_00017564,2026-07-14,email_open
1688,evt_00017566,2026-07-14,website_visit
1688,evt_00017574,2026-07-17,email_open
1688,evt_00017575,2026-07-19,email_open
1688,evt_00017565,2026-07-26,form_fill
1688,evt_00017568,2026-07-26,email_click
1688,evt_00017567,2026-07-27,demo_request
1688,evt_00017569,2026-08-03,email_open
1688,evt_00017563,2026-08-05,email_open
1689,evt_00017578,2026-08-06,website_visit
1689,evt_00017579,2026-08-06,email_open
1689,evt_00017580,2026-08-06,email_click
1689,evt_00017581,2026-08-06,email_click
1689,evt_00017582,2026-08-06,website_visit
1689,evt_00017583,2026-08-06,email_click
1689,evt_00017584,2026-08-06,website_visit
1689,evt_00017577,2026-08-07,email_open
1689,evt_00017576,2026-08-08,website_visit
1690,evt_00017591,2026-03-22,website_visit
1690,evt_00017593,2026-03-31,website_visit
1690,evt_00017589,2026-04-24,email_open
1690,evt_00017594,2026-04-25,email_open
1690,evt_00017586,2026-05-11,website_visit
1690,evt_00017588,2026-05-18,email_open
1690,evt_00017595,2026-05-25,form_fill
1690,evt_00017587,2026-06-06,email_open
1690,evt_00017597,2026-06-07,email_click
1690,evt_00017592,2026-06-17,email_click
1690,evt_00017585,2026-06-19,email_open
1690,evt_00017590,2026-06-28,email_open
1690,evt_00017598,2026-07-13,email_open
1690,evt_00017596,2026-07-17,website_visit
1691,evt_00017599,2026-07-31,website_visit
1691,evt_00017608,2026-07-31,email_open
1691,evt_00017610,2026-07-31,email_open
1691,evt_00017612,2026-08-01,email_open
1691,evt_00017604,2026-08-03,email_open
1691,evt_00017609,2026-08-03,email_open
1691,evt_00017615,2026-08-03,email_open
1691,evt_00017600,2026-08-04,website_visit
1691,evt_00017605,2026-08-04,email_click
1691,evt_00017601,2026-08-05,email_click
1691,evt_00017607,2026-08-05,email_open
1691,evt_00017602,2026-08-06,email_open
1691,evt_00017603,2026-08-06,email_click
1691,evt_00017613,2026-08-07,website_visit
1691,evt_00017606,2026-08-08,website_visit
1691,evt_00017611,2026-08-08,email_open
1691,evt_00017614,2026-08-08,website_visit
1692,evt_00017617,2026-06-21,email_open
1692,evt_00017619,2026-07-12,website_visit
1692,evt_00017618,2026-07-13,email_click
1692,evt_00017616,2026-07-26,email_click
1693,evt_00017623,2026-07-31,email_open
1693,evt_00017624,2026-07-31,email_click
1693,evt_00017620,2026-08-01,email_click
1693,evt_00017625,2026-08-05,email_open
1693,evt_00017626,2026-08-05,demo_request
1693,evt_00017621,2026-08-06,email_open
1693,evt_00017622,2026-08-06,email_click
1694,evt_00017627,2026-02-18,website_visit
1694,evt_00017628,2026-02-23,email_open
1694,evt_00017643,2026-03-03,email_open
1694,evt_00017629,2026-03-24,email_open
1694,evt_00017639,2026-04-10,email_open
1694,evt_00017631,2026-04-29,email_open
1694,evt_00017632,2026-05-02,form_fill
1694,evt_00017638,2026-05-14,email_open
1694,evt_00017636,2026-05-16,email_open
1694,evt_00017640,2026-05-18,email_open
1694,evt_00017633,2026-05-19,website_visit
1694,evt_00017634,2026-05-21,email_open
1694,evt_00017637,2026-05-31,email_open
1694,evt_00017641,2026-06-30,email_open
1694,evt_00017642,2026-07-20,email_open
1694,evt_00017630,2026-08-06,email_open
1694,evt_00017635,2026-08-08,email_click
1695,evt_00017644,2026-07-25,website_visit
1695,evt_00017645,2026-07-25,website_visit
1695,evt_00017653,2026-07-25,email_open
1695,evt_00017648,2026-07-26,form_fill
1695,evt_00017651,2026-07-29,website_visit
1695,evt_00017650,2026-07-31,email_open
1695,evt_00017646,2026-08-01,email_click
1695,evt_00017647,2026-08-05,website_visit
1695,evt_00017652,2026-08-06,email_click
1695,evt_00017649,2026-08-08,email_open
1696,evt_00017663,2026-04-26,email_open
1696,evt_00017662,2026-04-30,email_click
1696,evt_00017659,2026-05-11,email_open
1696,evt_00017666,2026-05-19,email_open
1696,evt_00017655,2026-06-11,website_visit
1696,evt_00017657,2026-06-13,website_visit
1696,evt_00017667,2026-06-21,email_open
1696,evt_00017658,2026-06-24,email_open
1696,evt_00017661,2026-06-24,website_visit
1696,evt_00017665,2026-06-25,form_fill
1696,evt_00017660,2026-06-30,website_visit
1696,evt_00017654,2026-07-08,email_open
1696,evt_00017656,2026-07-14,email_open
1696,evt_00017664,2026-08-01,email_open
1697,evt_00017670,2026-06-03,website_visit
1697,evt_00017673,2026-06-11,email_click
1697,evt_00017671,2026-06-15,email_open
1697,evt_00017672,2026-07-09,email_open
1697,evt_00017674,2026-07-23,website_visit
1697,evt_00017669,2026-07-30,email_open
1697,evt_00017668,2026-08-08,email_open
1698,evt_00017679,2026-06-21,email_open
1698,evt_00017676,2026-07-07,email_click
1698,evt_00017678,2026-07-12,email_open
1698,evt_00017677,2026-07-18,email_open
1698,evt_00017675,2026-07-31,demo_request
1699,evt_00017683,2026-04-20,email_open
1699,evt_00017682,2026-05-08,website_visit
1699,evt_00017684,2026-05-11,email_open
1699,evt_00017686,2026-05-14,website_visit
1699,evt_00017680,2026-06-29,email_open
1699,evt_00017681,2026-06-30,website_visit
1699,evt_00017685,2026-07-01,email_open
1700,evt_00017691,2026-07-07,website_visit
1700,evt_00017690,2026-07-10,website_visit
1700,evt_00017695,2026-07-16,form_fill
1700,evt_00017693,2026-07-17,email_open
1700,evt_00017689,2026-07-18,email_open
1700,evt_00017694,2026-07-18,email_open
1700,evt_00017699,2026-07-18,email_open
1700,evt_00017696,2026-07-20,email_open
1700,evt_00017687,2026-07-21,email_click
1700,evt_00017697,2026-07-22,email_open
1700,evt_00017688,2026-07-23,email_open
1700,evt_00017704,2026-07-27,email_open
1700,evt_00017702,2026-07-29,email_open
1700,evt_00017692,2026-07-30,website_visit
1700,evt_00017698,2026-07-30,website_visit
1700,evt_00017703,2026-07-31,website_visit
1700,evt_00017701,2026-08-06,email_click
1700,evt_00017700,2026-08-08,email_open
1700,evt_00017705,2026-08-08,email_open
1702,evt_00017709,2026-03-27,email_click
1702,evt_00017706,2026-05-14,email_open
1702,evt_00017710,2026-07-31,email_click
1702,evt_00017707,2026-08-03,email_open
1702,evt_00017708,2026-08-05,email_open
1703,evt_00017713,2026-02-12,email_open
1703,evt_00017714,2026-03-30,email_open
1703,evt_00017711,2026-05-18,email_click
1703,evt_00017712,2026-06-20,email_open
1704,evt_00017717,2026-03-28,email_click
1704,evt_00017724,2026-04-11,email_open
1704,evt_00017716,2026-04-20,website_visit
1704,evt_00017726,2026-04-28,website_visit
1704,evt_00017722,2026-05-05,email_open
1704,evt_00017718,2026-05-07,email_click
1704,evt_00017725,2026-05-15,email_open
1704,evt_00017723,2026-05-31,email_click
1704,evt_00017721,2026-06-26,website_visit
1704,evt_00017720,2026-07-10,email_open
1704,evt_00017719,2026-07-15,website_visit
1704,evt_00017715,2026-08-04,email_open
1705,evt_00017728,2026-03-03,email_open
1705,evt_00017730,2026-03-24,email_click
1705,evt_00017727,2026-04-29,email_open
1705,evt_00017729,2026-05-18,email_open
1705,evt_00017731,2026-06-11,form_fill
1706,evt_00017734,2026-04-27,email_click
1706,evt_00017737,2026-05-16,website_visit
1706,evt_00017732,2026-05-26,email_open
1706,evt_00017735,2026-05-30,website_visit
1706,evt_00017736,2026-06-23,email_click
1706,evt_00017733,2026-07-04,email_open
1707,evt_00017745,2026-08-01,email_click
1707,evt_00017750,2026-08-01,email_open
1707,evt_00017752,2026-08-01,email_open
1707,evt_00017743,2026-08-02,website_visit
1707,evt_00017751,2026-08-02,email_click
1707,evt_00017754,2026-08-02,form_fill
1707,evt_00017741,2026-08-03,form_fill
1707,evt_00017753,2026-08-03,email_open
1707,evt_00017755,2026-08-03,email_click
1707,evt_00017739,2026-08-04,email_open
1707,evt_00017740,2026-08-04,email_click
1707,evt_00017746,2026-08-04,website_visit
1707,evt_00017738,2026-08-05,email_open
1707,evt_00017744,2026-08-05,email_click
1707,evt_00017742,2026-08-06,form_fill
1707,evt_00017747,2026-08-06,email_open
1707,evt_00017749,2026-08-07,email_open
1707,evt_00017748,2026-08-08,email_click
1708,evt_00017759,2026-08-01,email_open
1708,evt_00017757,2026-08-03,email_open
1708,evt_00017756,2026-08-05,email_open
1708,evt_00017758,2026-08-07,website_visit
1709,evt_00017764,2026-05-13,email_open
1709,evt_00017761,2026-05-20,form_fill
1709,evt_00017765,2026-05-21,email_open
1709,evt_00017768,2026-06-01,email_open
1709,evt_00017763,2026-06-12,email_click
1709,evt_00017766,2026-06-26,form_fill
1709,evt_00017760,2026-07-06,website_visit
1709,evt_00017767,2026-07-17,website_visit
1709,evt_00017762,2026-08-01,website_visit
1710,evt_00017773,2026-07-27,email_open
1710,evt_00017774,2026-07-28,email_click
1710,evt_00017771,2026-07-29,email_open
1710,evt_00017770,2026-08-01,email_open
1710,evt_00017775,2026-08-01,email_open
1710,evt_00017769,2026-08-07,website_visit
1710,evt_00017772,2026-08-07,website_visit
1710,evt_00017776,2026-08-07,website_visit
1711,evt_00017779,2026-04-18,form_fill
1711,evt_00017778,2026-07-14,email_click
1711,evt_00017777,2026-08-06,email_open
1712,evt_00017781,2026-03-01,website_visit
1712,evt_00017780,2026-03-05,email_open
1712,evt_00017785,2026-04-04,demo_request
1712,evt_00017782,2026-06-20,email_open
1712,evt_00017784,2026-06-25,email_open
1712,evt_00017783,2026-07-22,website_visit
1713,evt_00017786,2026-05-19,demo_request
1713,evt_00017789,2026-06-13,email_open
1713,evt_00017790,2026-07-15,email_click
1713,evt_00017787,2026-07-24,email_open
1713,evt_00017788,2026-08-03,website_visit
1714,evt_00017793,2026-05-22,email_open
1714,evt_00017795,2026-05-27,email_open
1714,evt_00017794,2026-06-12,email_click
1714,evt_00017792,2026-06-16,form_fill
1714,evt_00017791,2026-06-28,website_visit
1715,evt_00017798,2026-06-21,demo_request
1715,evt_00017800,2026-06-23,email_click
1715,evt_00017802,2026-07-08,email_open
1715,evt_00017803,2026-07-11,email_click
1715,evt_00017797,2026-07-14,email_open
1715,evt_00017799,2026-07-19,email_open
1715,evt_00017804,2026-07-19,email_open
1715,evt_00017796,2026-07-23,form_fill
1715,evt_00017801,2026-08-08,email_open
1716,evt_00017812,2026-04-06,website_visit
1716,evt_00017809,2026-04-27,email_click
1716,evt_00017811,2026-05-14,email_click
1716,evt_00017808,2026-05-15,form_fill
1716,evt_00017806,2026-05-27,website_visit
1716,evt_00017807,2026-07-07,email_open
1716,evt_00017810,2026-07-27,website_visit
1716,evt_00017805,2026-08-04,website_visit
1718,evt_00017817,2026-07-05,email_open
1718,evt_00017813,2026-07-09,email_open
1718,evt_00017814,2026-07-24,email_open
1718,evt_00017818,2026-07-26,email_open
1718,evt_00017815,2026-07-30,email_open
1718,evt_00017816,2026-08-03,email_open
1719,evt_00017830,2026-03-07,website_visit
1719,evt_00017839,2026-03-07,email_open
1719,evt_00017831,2026-03-08,form_fill
1719,evt_00017841,2026-03-15,email_open
1719,evt_00017833,2026-03-16,email_open
1719,evt_00017822,2026-03-25,demo_request
1719,evt_00017825,2026-03-30,website_visit
1719,evt_00017829,2026-03-31,email_open
1719,evt_00017847,2026-04-03,form_fill
1719,evt_00017826,2026-04-16,website_visit
1719,evt_00017828,2026-04-18,website_visit
1719,evt_00017827,2026-04-21,email_open
1719,evt_00017836,2026-04-21,email_open
1719,evt_00017837,2026-04-21,email_click
1719,evt_00017844,2026-04-25,email_open
1719,evt_00017840,2026-04-27,website_visit
1719,evt_00017848,2026-04-30,website_visit
1719,evt_00017832,2026-05-01,email_click
1719,evt_00017824,2026-05-14,email_open
1719,evt_00017845,2026-05-15,form_fill
1719,evt_00017834,2026-05-29,website_visit
1719,evt_00017846,2026-05-31,email_open
1719,evt_00017820,2026-06-08,email_open
1719,evt_00017835,2026-06-11,email_click
1719,evt_00017838,2026-06-15,email_click
1719,evt_00017843,2026-06-28,website_visit
1719,evt_00017819,2026-07-01,email_open
1719,evt_00017821,2026-07-14,email_open
1719,evt_00017842,2026-07-21,email_open
1719,evt_00017823,2026-07-23,email_open
1720,evt_00017854,2026-02-28,website_visit
1720,evt_00017851,2026-03-20,form_fill
1720,evt_00017849,2026-03-21,email_open
1720,evt_00017861,2026-03-24,email_open
1720,evt_00017860,2026-04-02,email_open
1720,evt_00017857,2026-04-11,email_click
1720,evt_00017859,2026-04-25,email_click
1720,evt_00017853,2026-04-26,email_open
1720,evt_00017850,2026-05-08,email_click
1720,evt_00017855,2026-05-15,demo_request
1720,evt_00017858,2026-05-25,email_open
1720,evt_00017852,2026-05-30,website_visit
1720,evt_00017856,2026-06-21,email_open
1722,evt_00017868,2026-04-02,email_open
1722,evt_00017870,2026-05-15,email_click
1722,evt_00017871,2026-05-29,website_visit
1722,evt_00017867,2026-06-22,email_open
1722,evt_00017869,2026-06-23,email_click
1722,evt_00017864,2026-06-26,website_visit
1722,evt_00017863,2026-07-11,website_visit
1722,evt_00017862,2026-07-22,email_open
1722,evt_00017866,2026-07-23,website_visit
1722,evt_00017865,2026-08-06,email_open
1723,evt_00017874,2026-07-12,email_open
1723,evt_00017879,2026-07-12,email_open
1723,evt_00017877,2026-07-19,email_open
1723,evt_00017876,2026-07-20,website_visit
1723,evt_00017880,2026-07-22,email_open
1723,evt_00017878,2026-07-25,email_click
1723,evt_00017875,2026-07-26,website_visit
1723,evt_00017872,2026-08-03,website_visit
1723,evt_00017873,2026-08-08,email_open
1724,evt_00017881,2026-07-09,website_visit
1724,evt_00017888,2026-07-09,email_open
1724,evt_00017882,2026-07-11,website_visit
1724,evt_00017887,2026-07-24,email_open
1724,evt_00017883,2026-07-26,email_open
1724,evt_00017885,2026-07-27,email_open
1724,evt_00017886,2026-07-27,email_open
1724,evt_00017884,2026-08-07,email_click
1725,evt_00017979,2026-05-21,email_open
1725,evt_00018065,2026-05-21,email_click
1725,evt_00018131,2026-05-21,email_click
1725,evt_00018146,2026-05-21,website_visit
1725,evt_00017892,2026-05-22,email_open
1725,evt_00017940,2026-05-22,email_open
1725,evt_00017972,2026-05-22,demo_request
1725,evt_00018039,2026-05-22,demo_request
1725,evt_00018046,2026-05-22,email_open
1725,evt_00018092,2026-05-22,email_click
1725,evt_00017893,2026-05-24,email_open
1725,evt_00017967,2026-05-24,email_open
1725,evt_00018114,2026-05-24,email_open
1725,evt_00018147,2026-05-24,website_visit
1725,evt_00017977,2026-05-25,form_fill
1725,evt_00017903,2026-05-26,website_visit
1725,evt_00017966,2026-05-26,form_fill
1725,evt_00018082,2026-05-26,email_open
1725,evt_00018091,2026-05-26,email_click
1725,evt_00018158,2026-05-26,website_visit
1725,evt_00017938,2026-05-27,email_open
1725,evt_00018006,2026-05-27,email_open
1725,evt_00018013,2026-05-27,email_open
1725,evt_00018049,2026-05-27,form_fill
1725,evt_00018167,2026-05-27,form_fill
1725,evt_00017894,2026-05-28,website_visit
1725,evt_00017951,2026-05-28,email_open
1725,evt_00017971,2026-05-28,website_visit
1725,evt_00017996,2026-05-28,email_click
1725,evt_00018032,2026-05-28,website_visit
1725,evt_00018180,2026-05-28,email_open
1725,evt_00017976,2026-05-29,email_open
1725,evt_00018150,2026-05-30,email_open
1725,evt_00018183,2026-05-30,email_click
1725,evt_00017968,2026-05-31,website_visit
1725,evt_00017946,2026-06-01,email_open
1725,evt_00017950,2026-06-01,email_click
1725,evt_00018024,2026-06-01,email_click
1725,evt_00018078,2026-06-01,form_fill
1725,evt_00018112,2026-06-01,website_visit
1725,evt_00018124,2026-06-01,email_open
1725,evt_00018136,2026-06-01,website_visit
1725,evt_00017912,2026-06-02,website_visit
1725,evt_00017949,2026-06-02,email_open
1725,evt_00018018,2026-06-02,email_click
1725,evt_00018022,2026-06-02,email_click
1725,evt_00018048,2026-06-02,website_visit
1725,evt_00018070,2026-06-02,email_open
1725,evt_00018088,2026-06-02,website_visit
1725,evt_00018113,2026-06-02,email_open
1725,evt_00018166,2026-06-02,website_visit
1725,evt_00018186,2026-06-02,website_visit
1725,evt_00017973,2026-06-03,email_open
1725,evt_00017986,2026-06-03,email_open
1725,evt_00018096,2026-06-03,email_open
1725,evt_00018119,2026-06-03,email_click
1725,evt_00017985,2026-06-04,email_open
1725,evt_00017890,2026-06-05,email_open
1725,evt_00018012,2026-06-05,email_open
1725,evt_00018128,2026-06-05,email_click
1725,evt_00017909,2026-06-06,email_open
1725,evt_00018042,2026-06-06,email_open
1725,evt_00018061,2026-06-06,website_visit
1725,evt_00018181,2026-06-06,email_open
1725,evt_00017921,2026-06-07,email_open
1725,evt_00018000,2026-06-07,form_fill
1725,evt_00018081,2026-06-08,email_open
1725,evt_00018144,2026-06-08,website_visit
1725,evt_00017897,2026-06-09,demo_request
1725,evt_00018056,2026-06-09,website_visit
1725,evt_00018076,2026-06-09,website_visit
1725,evt_00018093,2026-06-09,email_open
1725,evt_00018154,2026-06-09,email_click
1725,evt_00017898,2026-06-10,email_open
1725,evt_00017906,2026-06-10,email_open
1725,evt_00017933,2026-06-10,email_open
1725,evt_00018034,2026-06-10,email_open
1725,evt_00018038,2026-06-10,email_open
1725,evt_00018041,2026-06-10,form_fill
1725,evt_00018047,2026-06-10,email_open
1725,evt_00018148,2026-06-10,form_fill
1725,evt_00017911,2026-06-11,email_open
1725,evt_00017928,2026-06-11,email_open
1725,evt_00017962,2026-06-11,email_open
1725,evt_00017980,2026-06-11,email_click
1725,evt_00018064,2026-06-11,email_open
1725,evt_00018085,2026-06-11,email_click
1725,evt_00017922,2026-06-12,form_fill
1725,evt_00018102,2026-06-12,email_open
1725,evt_00018105,2026-06-12,email_click
1725,evt_00017970,2026-06-13,email_click
1725,evt_00018116,2026-06-13,email_open
1725,evt_00018182,2026-06-13,form_fill
1725,evt_00017902,2026-06-14,email_open
1725,evt_00018170,2026-06-14,email_click
1725,evt_00017969,2026-06-15,website_visit
1725,evt_00018007,2026-06-15,email_open
1725,evt_00018043,2026-06-15,email_open
1725,evt_00018066,2026-06-15,email_open
1725,evt_00018115,2026-06-15,email_click
1725,evt_00017904,2026-06-16,email_open
1725,evt_00017924,2026-06-16,email_open
1725,evt_00017934,2026-06-16,website_visit
1725,evt_00017961,2026-06-16,email_open
1725,evt_00018069,2026-06-16,email_open
1725,evt_00017929,2026-06-17,email_open
1725,evt_00018033,2026-06-17,email_open
1725,evt_00018080,2026-06-17,website_visit
1725,evt_00017889,2026-06-18,email_open
1725,evt_00017919,2026-06-18,email_open
1725,evt_00017920,2026-06-18,email_open
1725,evt_00017945,2026-06-18,email_open
1725,evt_00018145,2026-06-18,email_open
1725,evt_00017947,2026-06-19,website_visit
1725,evt_00017955,2026-06-19,email_open
1725,evt_00017960,2026-06-20,website_visit
1725,evt_00017982,2026-06-20,website_visit
1725,evt_00018129,2026-06-20,website_visit
1725,evt_00018139,2026-06-20,website_visit
1725,evt_00017992,2026-06-21,website_visit
1725,evt_00018090,2026-06-21,email_open
1725,evt_00018101,2026-06-21,email_open
1725,evt_00018160,2026-06-21,email_click
1725,evt_00017936,2026-06-22,demo_request
1725,evt_00018027,2026-06-22,email_click
1725,evt_00018141,2026-06-23,email_open
1725,evt_00018155,2026-06-23,email_open
1725,evt_00018004,2026-06-24,email_open
1725,evt_00018026,2026-06-24,email_open
1725,evt_00018015,2026-06-25,email_open
1725,evt_00018040,2026-06-25,website_visit
1725,evt_00018094,2026-06-25,email_open
1725,evt_00018168,2026-06-25,email_open
1725,evt_00017987,2026-06-26,form_fill
1725,evt_00017993,2026-06-26,demo_request
1725,evt_00018077,2026-06-26,email_open
1725,evt_00018079,2026-06-26,email_click
1725,evt_00018103,2026-06-26,email_click
1725,evt_00018108,2026-06-26,website_visit
1725,evt_00018117,2026-06-26,email_click
1725,evt_00018127,2026-06-26,email_click
1725,evt_00018153,2026-06-26,email_open
1725,evt_00018157,2026-06-26,email_open
1725,evt_00018072,2026-06-27,email_open
1725,evt_00017974,2026-06-28,email_open
1725,evt_00018028,2026-06-28,email_open
1725,evt_00018035,2026-06-28,form_fill
1725,evt_00018052,2026-06-28,email_open
1725,evt_00018177,2026-06-28,email_click
1725,evt_00017910,2026-06-29,demo_request
1725,evt_00017931,2026-06-29,email_click
1725,evt_00017932,2026-06-29,email_open
1725,evt_00017975,2026-06-29,email_open
1725,evt_00018005,2026-06-29,email_open
1725,evt_00018062,2026-06-29,demo_request
1725,evt_00018118,2026-06-29,email_open
1725,evt_00018151,2026-06-29,website_visit
1725,evt_00017943,2026-06-30,website_visit
1725,evt_00017958,2026-06-30,website_visit
1725,evt_00018036,2026-06-30,email_open
1725,evt_00018037,2026-06-30,email_open
1725,evt_00017918,2026-07-01,email_open
1725,evt_00017954,2026-07-01,form_fill
1725,evt_00017978,2026-07-01,email_open
1725,evt_00017999,2026-07-01,email_open
1725,evt_00018029,2026-07-02,email_open
1725,evt_00018073,2026-07-02,demo_request
1725,evt_00018086,2026-07-02,email_open
1725,evt_00018068,2026-07-03,email_click
1725,evt_00018100,2026-07-03,email_open
1725,evt_00017900,2026-07-04,website_visit
1725,evt_00017991,2026-07-04,email_click
1725,evt_00018030,2026-07-04,website_visit
1725,evt_00018060,2026-07-04,email_open
1725,evt_00017939,2026-07-05,demo_request
1725,evt_00018172,2026-07-05,email_open
1725,evt_00018176,2026-07-05,email_open
1725,evt_00017895,2026-07-06,email_open
1725,evt_00017916,2026-07-06,email_open
1725,evt_00017923,2026-07-06,email_click
1725,evt_00017953,2026-07-06,email_open
1725,evt_00018020,2026-07-06,email_open
1725,evt_00018099,2026-07-06,email_click
1725,evt_00018111,2026-07-06,form_fill
1725,evt_00018125,2026-07-06,email_click
1725,evt_00018173,2026-07-07,email_open
1725,evt_00017998,2026-07-08,email_click
1725,evt_00017907,2026-07-09,email_open
1725,evt_00017957,2026-07-09,email_click
1725,evt_00018002,2026-07-09,email_open
1725,evt_00018019,2026-07-09,email_open
1725,evt_00018142,2026-07-09,form_fill
1725,evt_00017896,2026-07-10,email_click
1725,evt_00017913,2026-07-11,email_click
1725,evt_00017915,2026-07-11,website_visit
1725,evt_00017997,2026-07-11,website_visit
1725,evt_00018055,2026-07-11,website_visit
1725,evt_00018075,2026-07-11,website_visit
1725,evt_00018175,2026-07-11,form_fill
1725,evt_00017905,2026-07-12,email_click
1725,evt_00017925,2026-07-12,website_visit
1725,evt_00017995,2026-07-12,website_visit
1725,evt_00018084,2026-07-12,email_click
1725,evt_00018104,2026-07-12,demo_request
1725,evt_00018054,2026-07-13,email_open
1725,evt_00018097,2026-07-13,email_open
1725,evt_00018106,2026-07-13,form_fill
1725,evt_00018132,2026-07-13,form_fill
1725,evt_00018152,2026-07-13,email_click
1725,evt_00017891,2026-07-14,email_open
1725,evt_00018053,2026-07-15,form_fill
1725,evt_00018169,2026-07-15,email_open
1725,evt_00018165,2026-07-16,email_click
1725,evt_00018171,2026-07-16,email_open
1725,evt_00017926,2026-07-17,email_open
1725,evt_00018044,2026-07-17,email_open
1725,evt_00018008,2026-07-18,email_click
1725,evt_00018089,2026-07-18,website_visit
1725,evt_00018109,2026-07-18,email_click
1725,evt_00017994,2026-07-19,website_visit
1725,evt_00018140,2026-07-19,email_open
1725,evt_00017935,2026-07-20,website_visit
1725,evt_00018137,2026-07-20,email_open
1725,evt_00018001,2026-07-21,website_visit
1725,evt_00018067,2026-07-21,email_click
1725,evt_00018149,2026-07-21,website_visit
1725,evt_00017981,2026-07-22,email_click
1725,evt_00018011,2026-07-22,website_visit
1725,evt_00018098,2026-07-22,website_visit
1725,evt_00018130,2026-07-22,form_fill
1725,evt_00018184,2026-07-22,email_click
1725,evt_00018163,2026-07-23,email_open
1725,evt_00017901,2026-07-24,email_open
1725,evt_00017948,2026-07-24,email_open
1725,evt_00017984,2026-07-24,email_click
1725,evt_00018138,2026-07-24,email_open
1725,evt_00018156,2026-07-24,email_open
1725,evt_00018185,2026-07-24,email_open
1725,evt_00017956,2026-07-25,email_open
1725,evt_00017988,2026-07-25,demo_request
1725,evt_00018003,2026-07-25,email_open
1725,evt_00018017,2026-07-25,email_click
1725,evt_00018087,2026-07-25,email_open
1725,evt_00018122,2026-07-25,website_visit
1725,evt_00018135,2026-07-25,email_open
1725,evt_00017927,2026-07-26,demo_request
1725,evt_00017937,2026-07-26,email_open
1725,evt_00017964,2026-07-26,email_click
1725,evt_00017983,2026-07-26,email_open
1725,evt_00018057,2026-07-26,email_open
1725,evt_00018123,2026-07-26,email_open
1725,evt_00018161,2026-07-26,email_click
1725,evt_00017908,2026-07-27,email_click
1725,evt_00017989,2026-07-27,website_visit
1725,evt_00018016,2026-07-27,email_open
1725,evt_00018021,2026-07-28,email_click
1725,evt_00018023,2026-07-28,email_open
1725,evt_00018045,2026-07-28,email_click
1725,evt_00018063,2026-07-28,website_visit
1725,evt_00018120,2026-07-28,website_visit
1725,evt_00017944,2026-07-29,website_visit
1725,evt_00017963,2026-07-29,email_click
1725,evt_00018058,2026-07-29,demo_request
1725,evt_00018164,2026-07-29,email_click
1725,evt_00018179,2026-07-29,email_open
1725,evt_00018009,2026-07-30,email_click
1725,evt_00018071,2026-07-30,website_visit
1725,evt_00018121,2026-07-30,email_click
1725,evt_00018162,2026-07-30,email_open
1725,evt_00018059,2026-07-31,email_open
1725,evt_00018110,2026-07-31,email_click
1725,evt_00017899,2026-08-01,email_click
1725,evt_00018133,2026-08-01,website_visit
1725,evt_00017990,2026-08-02,email_open
1725,evt_00018074,2026-08-02,email_open
1725,evt_00018159,2026-08-02,email_open
1725,evt_00018050,2026-08-03,email_open
1725,evt_00018095,2026-08-03,form_fill
1725,evt_00018126,2026-08-03,email_open
1725,evt_00017959,2026-08-04,email_click
1725,evt_00018025,2026-08-04,email_open
1725,evt_00018107,2026-08-04,email_open
1725,evt_00017930,2026-08-05,website_visit
1725,evt_00017941,2026-08-05,email_open
1725,evt_00017965,2026-08-06,email_open
1725,evt_00018031,2026-08-06,email_open
1725,evt_00018051,2026-08-06,email_open
1725,evt_00018083,2026-08-06,website_visit
1725,evt_00018134,2026-08-06,email_open
1725,evt_00018174,2026-08-06,email_open
1725,evt_00017942,2026-08-07,email_open
1725,evt_00018010,2026-08-07,email_click
1725,evt_00018178,2026-08-07,website_visit
1725,evt_00017914,2026-08-08,website_visit
1725,evt_00017917,2026-08-08,form_fill
1725,evt_00017952,2026-08-08,email_open
1725,evt_00018014,2026-08-08,form_fill
1725,evt_00018143,2026-08-08,email_open
1726,evt_00018191,2026-07-11,email_open
1726,evt_00018188,2026-07-13,website_visit
1726,evt_00018190,2026-07-27,email_open
1726,evt_00018189,2026-08-02,email_click
1726,evt_00018187,2026-08-05,email_open
1727,evt_00018208,2026-05-12,email_open
1727,evt_00018196,2026-05-13,email_open
1727,evt_00018205,2026-05-23,email_open
1727,evt_00018200,2026-05-25,website_visit
1727,evt_00018193,2026-06-04,email_click
1727,evt_00018201,2026-06-09,email_click
1727,evt_00018192,2026-06-28,email_open
1727,evt_00018194,2026-07-04,email_open
1727,evt_00018198,2026-07-04,email_open
1727,evt_00018195,2026-07-08,email_open
1727,evt_00018199,2026-07-08,website_visit
1727,evt_00018202,2026-07-14,email_open
1727,evt_00018203,2026-07-14,website_visit
1727,evt_00018204,2026-07-15,email_open
1727,evt_00018206,2026-07-17,email_open
1727,evt_00018207,2026-07-25,email_click
1727,evt_00018197,2026-07-31,website_visit
1728,evt_00018211,2026-03-09,email_open
1728,evt_00018212,2026-03-10,email_open
1728,evt_00018214,2026-03-15,website_visit
1728,evt_00018218,2026-03-17,form_fill
1728,evt_00018219,2026-04-23,email_click
1728,evt_00018217,2026-05-13,website_visit
1728,evt_00018222,2026-06-20,email_open
1728,evt_00018220,2026-06-26,email_open
1728,evt_00018215,2026-07-08,email_open
1728,evt_00018209,2026-07-11,email_click
1728,evt_00018221,2026-07-22,email_open
1728,evt_00018213,2026-07-24,website_visit
1728,evt_00018210,2026-08-07,email_open
1728,evt_00018216,2026-08-07,website_visit
1729,evt_00018225,2026-05-27,website_visit
1729,evt_00018227,2026-05-29,form_fill
1729,evt_00018239,2026-05-31,website_visit
1729,evt_00018251,2026-06-01,demo_request
1729,evt_00018228,2026-06-08,form_fill
1729,evt_00018231,2026-06-09,email_open
1729,evt_00018245,2026-06-15,email_open
1729,evt_00018247,2026-06-15,email_open
1729,evt_00018236,2026-06-19,email_click
1729,evt_00018229,2026-06-22,form_fill
1729,evt_00018233,2026-06-22,email_open
1729,evt_00018224,2026-06-28,form_fill
1729,evt_00018235,2026-07-01,email_open
1729,evt_00018242,2026-07-01,website_visit
1729,evt_00018246,2026-07-02,email_open
1729,evt_00018249,2026-07-05,website_visit
1729,evt_00018234,2026-07-06,website_visit
1729,evt_00018241,2026-07-07,website_visit
1729,evt_00018226,2026-07-09,email_open
1729,evt_00018232,2026-07-11,email_open
1729,evt_00018238,2026-07-17,website_visit
1729,evt_00018244,2026-07-17,email_open
1729,evt_00018243,2026-07-18,email_open
1729,evt_00018240,2026-07-21,email_click
1729,evt_00018248,2026-07-22,email_click
1729,evt_00018250,2026-07-23,email_click
1729,evt_00018223,2026-07-31,email_open
1729,evt_00018237,2026-08-03,email_open
1729,evt_00018230,2026-08-07,email_open
1730,evt_00018252,2026-07-05,website_visit
1730,evt_00018263,2026-07-06,website_visit
1730,evt_00018254,2026-07-10,email_open
1730,evt_00018259,2026-07-11,website_visit
1730,evt_00018260,2026-07-17,website_visit
1730,evt_00018261,2026-07-17,website_visit
1730,evt_00018255,2026-07-26,website_visit
1730,evt_00018257,2026-07-28,email_open
1730,evt_00018266,2026-07-31,website_visit
1730,evt_00018253,2026-08-02,email_open
1730,evt_00018264,2026-08-02,email_open
1730,evt_00018258,2026-08-04,email_open
1730,evt_00018265,2026-08-04,website_visit
1730,evt_00018256,2026-08-05,email_open
1730,evt_00018262,2026-08-06,email_open
1731,evt_00018268,2026-06-07,email_click
1731,evt_00018276,2026-06-17,website_visit
1731,evt_00018274,2026-07-02,email_open
1731,evt_00018278,2026-07-06,email_open
1731,evt_00018277,2026-07-07,website_visit
1731,evt_00018273,2026-07-13,email_open
1731,evt_00018271,2026-07-14,form_fill
1731,evt_00018270,2026-07-15,email_click
1731,evt_00018269,2026-07-17,form_fill
1731,evt_00018267,2026-07-22,email_open
1731,evt_00018272,2026-07-26,website_visit
1731,evt_00018275,2026-08-03,website_visit
1732,evt_00018280,2026-03-16,email_open
1732,evt_00018281,2026-03-16,email_click
1732,evt_00018285,2026-03-19,email_click
1732,evt_00018282,2026-03-22,website_visit
1732,evt_00018279,2026-04-14,email_click
1732,evt_00018283,2026-05-30,form_fill
1732,evt_00018284,2026-06-14,website_visit
1733,evt_00018287,2026-07-14,email_open
1733,evt_00018290,2026-07-23,email_open
1733,evt_00018286,2026-07-26,email_click
1733,evt_00018289,2026-07-26,website_visit
1733,evt_00018288,2026-07-31,website_visit
1734,evt_00018291,2026-02-19,website_visit
1734,evt_00018292,2026-06-04,email_open
1735,evt_00018310,2026-04-23,email_open
1735,evt_00018306,2026-04-24,email_open
1735,evt_00018305,2026-04-27,email_open
1735,evt_00018313,2026-04-27,website_visit
1735,evt_00018293,2026-05-05,form_fill
1735,evt_00018303,2026-05-18,website_visit
1735,evt_00018299,2026-05-24,website_visit
1735,evt_00018295,2026-05-27,email_click
1735,evt_00018307,2026-06-02,email_open
1735,evt_00018298,2026-06-09,form_fill
1735,evt_00018294,2026-06-15,email_open
1735,evt_00018304,2026-06-16,email_open
1735,evt_00018311,2026-06-16,form_fill
1735,evt_00018302,2026-06-21,email_open
1735,evt_00018312,2026-06-29,email_open
1735,evt_00018309,2026-07-08,demo_request
1735,evt_00018297,2026-07-15,form_fill
1735,evt_00018300,2026-07-16,demo_request
1735,evt_00018301,2026-07-25,email_open
1735,evt_00018296,2026-07-26,website_visit
1735,evt_00018308,2026-08-04,email_click
1736,evt_00018320,2026-06-18,email_open
1736,evt_00018322,2026-06-20,form_fill
1736,evt_00018329,2026-06-22,form_fill
1736,evt_00018321,2026-07-01,email_click
1736,evt_00018324,2026-07-01,email_click
1736,evt_00018314,2026-07-11,email_open
1736,evt_00018323,2026-07-12,email_click
1736,evt_00018318,2026-07-13,email_click
1736,evt_00018316,2026-07-20,demo_request
1736,evt_00018315,2026-07-22,website_visit
1736,evt_00018317,2026-07-29,email_open
1736,evt_00018328,2026-07-31,email_open
1736,evt_00018325,2026-08-01,email_open
1736,evt_00018326,2026-08-03,email_click
1736,evt_00018319,2026-08-04,email_open
1736,evt_00018327,2026-08-05,form_fill
1737,evt_00018331,2026-05-09,form_fill
1737,evt_00018332,2026-05-14,email_open
1737,evt_00018333,2026-05-27,email_open
1737,evt_00018334,2026-06-29,email_click
1737,evt_00018330,2026-07-05,email_open
1738,evt_00018358,2026-03-30,email_open
1738,evt_00018339,2026-04-02,email_click
1738,evt_00018352,2026-04-03,email_open
1738,evt_00018360,2026-04-04,form_fill
1738,evt_00018343,2026-04-11,website_visit
1738,evt_00018347,2026-04-12,website_visit
1738,evt_00018359,2026-04-12,email_open
1738,evt_00018362,2026-04-13,email_open
1738,evt_00018345,2026-04-15,email_open
1738,evt_00018354,2026-04-15,email_open
1738,evt_00018342,2026-04-20,email_open
1738,evt_00018357,2026-05-03,email_open
1738,evt_00018364,2026-05-05,email_open
1738,evt_00018356,2026-05-15,website_visit
1738,evt_00018338,2026-05-21,email_click
1738,evt_00018353,2026-05-27,email_open
1738,evt_00018340,2026-06-07,email_open
1738,evt_00018335,2026-06-11,email_open
1738,evt_00018341,2026-06-12,email_open
1738,evt_00018361,2026-06-19,email_open
1738,evt_00018346,2026-06-25,email_open
1738,evt_00018367,2026-06-25,email_open
1738,evt_00018349,2026-06-26,email_click
1738,evt_00018336,2026-07-01,email_open
1738,evt_00018351,2026-07-05,email_open
1738,evt_00018344,2026-07-11,website_visit
1738,evt_00018366,2026-07-13,email_open
1738,evt_00018348,2026-07-17,email_open
1738,evt_00018365,2026-07-19,email_click
1738,evt_00018337,2026-08-04,email_open
1738,evt_00018363,2026-08-05,email_open
1738,evt_00018355,2026-08-06,email_open
1738,evt_00018350,2026-08-07,form_fill
1739,evt_00018368,2026-05-03,form_fill
1739,evt_00018393,2026-05-04,email_open
1739,evt_00018390,2026-05-05,email_click
1739,evt_00018386,2026-05-11,website_visit
1739,evt_00018381,2026-05-14,email_click
1739,evt_00018369,2026-05-18,email_open
1739,evt_00018382,2026-05-18,email_click
1739,evt_00018389,2026-05-22,email_open
1739,evt_00018379,2026-05-25,email_open
1739,evt_00018371,2026-06-02,email_open
1739,evt_00018372,2026-06-02,website_visit
1739,evt_00018370,2026-06-04,website_visit
1739,evt_00018394,2026-06-06,email_click
1739,evt_00018374,2026-06-07,email_open
1739,evt_00018377,2026-06-08,email_click
1739,evt_00018373,2026-06-10,website_visit
1739,evt_00018388,2026-06-11,form_fill
1739,evt_00018395,2026-06-25,email_click
1739,evt_00018383,2026-06-26,email_click
1739,evt_00018385,2026-06-26,form_fill
1739,evt_00018380,2026-07-09,email_open
1739,evt_00018392,2026-07-14,email_open
1739,evt_00018387,2026-07-16,email_click
1739,evt_00018378,2026-07-21,email_open
1739,evt_00018375,2026-07-22,email_click
1739,evt_00018384,2026-07-25,email_open
1739,evt_00018376,2026-07-29,website_visit
1739,evt_00018391,2026-08-07,email_click
1740,evt_00018398,2026-08-04,website_visit
1740,evt_00018396,2026-08-05,email_open
1740,evt_00018399,2026-08-06,email_open
1740,evt_00018397,2026-08-07,email_open
1741,evt_00018408,2026-04-24,email_click
1741,evt_00018402,2026-05-03,email_open
1741,evt_00018403,2026-05-10,email_open
1741,evt_00018417,2026-05-11,email_click
1741,evt_00018400,2026-05-14,form_fill
1741,evt_00018416,2026-06-01,email_open
1741,evt_00018407,2026-06-09,email_open
1741,evt_00018413,2026-06-16,form_fill
1741,evt_00018415,2026-07-01,email_click
1741,evt_00018414,2026-07-06,email_open
1741,evt_00018401,2026-07-09,email_open
1741,evt_00018404,2026-07-14,form_fill
1741,evt_00018405,2026-07-14,email_click
1741,evt_00018412,2026-07-14,website_visit
1741,evt_00018419,2026-07-17,email_open
1741,evt_00018410,2026-07-20,email_click
1741,evt_00018406,2026-07-23,website_visit
1741,evt_00018409,2026-07-25,demo_request
1741,evt_00018418,2026-07-28,website_visit
1741,evt_00018411,2026-08-01,email_open
1742,evt_00018420,2026-06-11,email_open
1742,evt_00018424,2026-06-26,form_fill
1742,evt_00018421,2026-07-18,email_open
1742,evt_00018422,2026-07-20,email_click
1742,evt_00018423,2026-08-03,email_open
1743,evt_00018435,2026-06-19,website_visit
1743,evt_00018436,2026-06-25,email_open
1743,evt_00018428,2026-06-28,demo_request
1743,evt_00018427,2026-07-03,email_open
1743,evt_00018434,2026-07-10,email_open
1743,evt_00018438,2026-07-13,website_visit
1743,evt_00018433,2026-07-25,email_click
1743,evt_00018432,2026-07-27,email_click
1743,evt_00018425,2026-07-29,email_click
1743,evt_00018437,2026-08-03,email_open
1743,evt_00018430,2026-08-04,email_open
1743,evt_00018429,2026-08-05,email_open
1743,evt_00018431,2026-08-05,email_open
1743,evt_00018426,2026-08-06,email_open
1744,evt_00018442,2026-05-28,email_open
1744,evt_00018450,2026-05-29,email_open
1744,evt_00018451,2026-06-07,website_visit
1744,evt_00018453,2026-06-08,form_fill
1744,evt_00018452,2026-06-13,email_open
1744,evt_00018448,2026-06-20,website_visit
1744,evt_00018457,2026-06-22,email_open
1744,evt_00018449,2026-06-24,email_click
1744,evt_00018461,2026-06-24,email_open
1744,evt_00018446,2026-06-25,email_open
1744,evt_00018454,2026-06-25,website_visit
1744,evt_00018447,2026-06-26,email_open
1744,evt_00018456,2026-06-26,email_click
1744,evt_00018440,2026-06-27,email_open
1744,evt_00018445,2026-07-05,email_click
1744,evt_00018439,2026-07-08,email_open
1744,evt_00018444,2026-07-08,email_open
1744,evt_00018443,2026-07-12,email_click
1744,evt_00018463,2026-07-17,email_open
1744,evt_00018455,2026-07-19,email_click
1744,evt_00018459,2026-07-20,email_click
1744,evt_00018458,2026-07-27,email_click
1744,evt_00018460,2026-07-27,website_visit
1744,evt_00018462,2026-07-28,email_open
1744,evt_00018441,2026-08-05,email_open
1745,evt_00018467,2026-05-31,demo_request
1745,evt_00018481,2026-06-06,email_open
1745,evt_00018478,2026-06-07,form_fill
1745,evt_00018468,2026-06-09,form_fill
1745,evt_00018472,2026-06-10,email_open
1745,evt_00018473,2026-06-10,website_visit
1745,evt_00018479,2026-06-17,email_click
1745,evt_00018469,2026-06-23,email_open
1745,evt_00018466,2026-06-28,email_open
1745,evt_00018480,2026-06-28,email_open
1745,evt_00018470,2026-06-30,email_click
1745,evt_00018477,2026-07-02,email_click
1745,evt_00018464,2026-07-13,website_visit
1745,evt_00018475,2026-07-14,email_open
1745,evt_00018474,2026-07-16,demo_request
1745,evt_00018471,2026-07-19,email_open
1745,evt_00018476,2026-07-21,email_open
1745,evt_00018465,2026-08-02,email_open
1746,evt_00018483,2026-04-17,email_click
1746,evt_00018482,2026-05-20,email_open
1746,evt_00018484,2026-06-14,website_visit
1747,evt_00018493,2026-04-19,email_open
1747,evt_00018490,2026-04-30,demo_request
1747,evt_00018492,2026-04-30,email_open
1747,evt_00018494,2026-05-15,email_open
1747,evt_00018489,2026-06-11,email_open
1747,evt_00018496,2026-06-13,form_fill
1747,evt_00018485,2026-06-29,form_fill
1747,evt_00018495,2026-06-29,form_fill
1747,evt_00018487,2026-07-04,website_visit
1747,evt_00018488,2026-07-14,email_click
1747,evt_00018491,2026-07-16,email_open
1747,evt_00018486,2026-08-05,email_click
1748,evt_00018500,2026-04-30,email_open
1748,evt_00018498,2026-05-01,email_open
1748,evt_00018499,2026-08-02,email_click
1748,evt_00018497,2026-08-08,website_visit
1749,evt_00018506,2026-04-01,website_visit
1749,evt_00018502,2026-04-05,email_open
1749,evt_00018512,2026-04-08,website_visit
1749,evt_00018511,2026-04-11,email_open
1749,evt_00018503,2026-04-25,form_fill
1749,evt_00018509,2026-05-26,email_open
1749,evt_00018504,2026-05-31,email_open
1749,evt_00018507,2026-05-31,email_click
1749,evt_00018501,2026-06-07,email_open
1749,evt_00018510,2026-06-16,email_open
1749,evt_00018508,2026-07-02,email_open
1749,evt_00018505,2026-07-11,email_open
1750,evt_00018523,2026-05-19,website_visit
1750,evt_00018528,2026-05-23,website_visit
1750,evt_00018517,2026-05-27,email_open
1750,evt_00018520,2026-05-28,email_open
1750,evt_00018529,2026-05-28,email_open
1750,evt_00018525,2026-06-05,email_open
1750,evt_00018514,2026-06-21,email_open
1750,evt_00018515,2026-06-22,email_click
1750,evt_00018521,2026-07-04,email_open
1750,evt_00018530,2026-07-09,email_open
1750,evt_00018518,2026-07-11,form_fill
1750,evt_00018516,2026-07-12,website_visit
1750,evt_00018527,2026-07-18,email_open
1750,evt_00018513,2026-07-23,website_visit
1750,evt_00018522,2026-07-26,email_open
1750,evt_00018524,2026-07-26,email_open
1750,evt_00018519,2026-08-03,website_visit
1750,evt_00018526,2026-08-04,email_click
1751,evt_00018533,2026-04-01,email_open
1751,evt_00018531,2026-04-03,form_fill
1751,evt_00018540,2026-04-03,email_click
1751,evt_00018542,2026-04-04,email_click
1751,evt_00018534,2026-04-06,website_visit
1751,evt_00018541,2026-04-08,email_click
1751,evt_00018538,2026-05-11,email_open
1751,evt_00018535,2026-05-12,website_visit
1751,evt_00018548,2026-05-16,email_open
1751,evt_00018544,2026-05-23,email_click
1751,evt_00018543,2026-06-08,email_open
1751,evt_00018549,2026-06-19,website_visit
1751,evt_00018545,2026-06-22,email_open
1751,evt_00018546,2026-06-24,email_click
1751,evt_00018532,2026-07-06,website_visit
1751,evt_00018537,2026-07-11,form_fill
1751,evt_00018547,2026-07-12,email_open
1751,evt_00018536,2026-07-13,website_visit
1751,evt_00018539,2026-07-13,email_open
1751,evt_00018550,2026-08-04,email_open
1752,evt_00018553,2026-06-17,email_open
1752,evt_00018558,2026-06-20,website_visit
1752,evt_00018559,2026-06-20,email_open
1752,evt_00018552,2026-07-14,email_open
1752,evt_00018554,2026-07-15,website_visit
1752,evt_00018557,2026-07-16,email_click
1752,evt_00018560,2026-07-17,email_open
1752,evt_00018551,2026-07-19,email_open
1752,evt_00018556,2026-07-31,email_click
1752,evt_00018555,2026-08-02,email_open
1753,evt_00018563,2026-06-11,website_visit
1753,evt_00018562,2026-07-20,website_visit
1753,evt_00018561,2026-07-27,demo_request
1754,evt_00018564,2026-03-16,email_click
1754,evt_00018570,2026-03-22,website_visit
1754,evt_00018568,2026-03-27,form_fill
1754,evt_00018567,2026-04-05,form_fill
1754,evt_00018569,2026-04-22,website_visit
1754,evt_00018576,2026-04-25,email_click
1754,evt_00018571,2026-04-26,email_open
1754,evt_00018574,2026-05-21,form_fill
1754,evt_00018572,2026-05-27,form_fill
1754,evt_00018573,2026-06-29,email_click
1754,evt_00018566,2026-07-08,email_open
1754,evt_00018565,2026-07-13,website_visit
1754,evt_00018575,2026-07-18,email_open
1755,evt_00018577,2026-08-05,email_open
1755,evt_00018578,2026-08-06,website_visit
1755,evt_00018579,2026-08-08,email_open
1756,evt_00018585,2026-08-06,email_open
1756,evt_00018581,2026-08-07,email_click
1756,evt_00018582,2026-08-07,website_visit
1756,evt_00018587,2026-08-07,email_click
1756,evt_00018580,2026-08-08,email_click
1756,evt_00018583,2026-08-08,email_open
1756,evt_00018584,2026-08-08,website_visit
1756,evt_00018586,2026-08-08,email_open
1757,evt_00018594,2026-07-05,email_open
1757,evt_00018592,2026-07-10,website_visit
1757,evt_00018589,2026-07-11,email_open
1757,evt_00018588,2026-07-12,website_visit
1757,evt_00018593,2026-07-28,email_open
1757,evt_00018591,2026-08-05,demo_request
1757,evt_00018590,2026-08-07,email_open
1758,evt_00018596,2026-08-05,form_fill
1758,evt_00018598,2026-08-05,email_open
1758,evt_00018603,2026-08-05,website_visit
1758,evt_00018604,2026-08-05,website_visit
1758,evt_00018605,2026-08-06,email_open
1758,evt_00018595,2026-08-07,email_click
1758,evt_00018599,2026-08-07,website_visit
1758,evt_00018602,2026-08-07,email_open
1758,evt_00018597,2026-08-08,email_open
1758,evt_00018600,2026-08-08,email_open
1758,evt_00018601,2026-08-08,email_click
1759,evt_00018614,2026-02-19,email_click
1759,evt_00018618,2026-03-04,email_open
1759,evt_00018607,2026-04-05,email_click
1759,evt_00018613,2026-05-01,website_visit
1759,evt_00018608,2026-05-15,email_open
1759,evt_00018610,2026-05-15,website_visit
1759,evt_00018611,2026-05-19,email_open
1759,evt_00018615,2026-05-24,website_visit
1759,evt_00018612,2026-06-07,email_open
1759,evt_00018609,2026-06-30,email_open
1759,evt_00018616,2026-06-30,email_open
1759,evt_00018606,2026-07-04,demo_request
1759,evt_00018617,2026-07-20,website_visit
1759,evt_00018619,2026-07-27,website_visit
1760,evt_00018625,2026-04-17,email_click
1760,evt_00018620,2026-04-29,website_visit
1760,evt_00018624,2026-05-05,email_click
1760,evt_00018623,2026-05-06,email_open
1760,evt_00018621,2026-06-03,website_visit
1760,evt_00018622,2026-06-15,email_open
1761,evt_00018630,2026-03-28,form_fill
1761,evt_00018633,2026-04-14,website_visit
1761,evt_00018627,2026-04-19,email_open
1761,evt_00018629,2026-05-13,email_open
1761,evt_00018626,2026-06-07,website_visit
1761,evt_00018628,2026-06-07,website_visit
1761,evt_00018634,2026-06-08,email_open
1761,evt_00018631,2026-06-29,email_click
1761,evt_00018632,2026-07-23,website_visit
1762,evt_00018638,2026-06-03,email_open
1762,evt_00018637,2026-06-06,email_click
1762,evt_00018642,2026-06-06,email_open
1762,evt_00018635,2026-06-12,email_click
1762,evt_00018648,2026-06-14,email_open
1762,evt_00018645,2026-06-19,website_visit
1762,evt_00018643,2026-06-26,form_fill
1762,evt_00018644,2026-06-26,email_open
1762,evt_00018641,2026-07-01,email_open
1762,evt_00018639,2026-07-03,email_open
1762,evt_00018646,2026-07-03,email_open
1762,evt_00018647,2026-07-03,website_visit
1762,evt_00018650,2026-07-09,website_visit
1762,evt_00018636,2026-07-12,email_open
1762,evt_00018640,2026-07-22,email_open
1762,evt_00018651,2026-08-03,website_visit
1762,evt_00018649,2026-08-05,email_open
1763,evt_00018661,2026-07-08,email_open
1763,evt_00018656,2026-07-10,website_visit
1763,evt_00018655,2026-07-12,email_click
1763,evt_00018653,2026-07-15,email_open
1763,evt_00018657,2026-07-19,email_open
1763,evt_00018659,2026-07-25,email_open
1763,evt_00018654,2026-07-26,email_open
1763,evt_00018658,2026-07-27,email_click
1763,evt_00018660,2026-07-27,website_visit
1763,evt_00018662,2026-07-28,email_open
1763,evt_00018652,2026-08-01,email_click
1763,evt_00018663,2026-08-05,website_visit
1764,evt_00018668,2026-05-05,email_click
1764,evt_00018671,2026-05-11,email_open
1764,evt_00018667,2026-06-02,email_open
1764,evt_00018669,2026-06-24,email_open
1764,evt_00018672,2026-07-08,email_open
1764,evt_00018665,2026-07-14,email_open
1764,evt_00018666,2026-07-20,website_visit
1764,evt_00018670,2026-07-23,website_visit
1764,evt_00018664,2026-07-29,website_visit
1765,evt_00018686,2026-05-19,email_open
1765,evt_00018689,2026-05-26,website_visit
1765,evt_00018688,2026-06-01,email_click
1765,evt_00018676,2026-06-04,email_open
1765,evt_00018687,2026-06-13,website_visit
1765,evt_00018679,2026-06-19,email_open
1765,evt_00018681,2026-06-22,demo_request
1765,evt_00018690,2026-06-26,email_click
1765,evt_00018674,2026-07-04,website_visit
1765,evt_00018682,2026-07-05,email_click
1765,evt_00018685,2026-07-12,email_open
1765,evt_00018673,2026-07-16,email_open
1765,evt_00018675,2026-07-18,website_visit
1765,evt_00018678,2026-07-23,email_open
1765,evt_00018684,2026-07-28,email_open
1765,evt_00018677,2026-08-01,email_click
1765,evt_00018680,2026-08-03,email_open
1765,evt_00018683,2026-08-04,email_open
1766,evt_00018704,2026-06-06,website_visit
1766,evt_00018699,2026-06-08,email_open
1766,evt_00018705,2026-06-12,email_open
1766,evt_00018702,2026-06-14,email_click
1766,evt_00018706,2026-06-15,email_click
1766,evt_00018698,2026-06-16,website_visit
1766,evt_00018695,2026-07-01,form_fill
1766,evt_00018700,2026-07-03,email_open
1766,evt_00018711,2026-07-10,email_open
1766,evt_00018696,2026-07-17,email_open
1766,evt_00018692,2026-07-21,website_visit
1766,evt_00018708,2026-07-21,email_open
1766,evt_00018697,2026-07-27,email_open
1766,evt_00018694,2026-07-28,email_open
1766,evt_00018691,2026-07-29,email_open
1766,evt_00018693,2026-07-30,email_click
1766,evt_00018701,2026-07-31,website_visit
1766,evt_00018707,2026-08-06,website_visit
1766,evt_00018709,2026-08-06,website_visit
1766,evt_00018710,2026-08-06,website_visit
1766,evt_00018703,2026-08-08,email_open
1767,evt_00018714,2026-03-25,email_open
1767,evt_00018712,2026-05-27,email_open
1767,evt_00018713,2026-06-12,email_open
1767,evt_00018715,2026-06-15,email_open
1768,evt_00018720,2026-06-29,email_open
1768,evt_00018718,2026-07-02,form_fill
1768,evt_00018722,2026-07-03,email_open
1768,evt_00018721,2026-07-11,email_open
1768,evt_00018716,2026-07-23,email_open
1768,evt_00018723,2026-07-25,email_open
1768,evt_00018717,2026-07-26,email_open
1768,evt_00018719,2026-08-06,email_open
1769,evt_00018728,2026-05-13,website_visit
1769,evt_00018727,2026-05-15,email_open
1769,evt_00018725,2026-05-19,email_open
1769,evt_00018730,2026-05-20,email_open
1769,evt_00018729,2026-05-27,email_open
1769,evt_00018726,2026-06-24,email_click
1769,evt_00018724,2026-08-01,email_open
1770,evt_00018732,2026-07-31,demo_request
1770,evt_00018731,2026-08-03,email_click
1770,evt_00018734,2026-08-05,website_visit
1770,evt_00018733,2026-08-06,website_visit
1771,evt_00018738,2026-04-11,email_open
1771,evt_00018741,2026-04-15,website_visit
1771,evt_00018735,2026-04-25,email_click
1771,evt_00018739,2026-04-26,email_open
1771,evt_00018737,2026-05-01,website_visit
1771,evt_00018736,2026-05-07,website_visit
1771,evt_00018740,2026-05-23,email_open
1772,evt_00018743,2026-06-26,email_open
1772,evt_00018742,2026-07-12,website_visit
1772,evt_00018744,2026-07-16,email_open
1773,evt_00018750,2026-04-23,email_click
1773,evt_00018748,2026-04-24,email_click
1773,evt_00018747,2026-05-28,email_open
1773,evt_00018746,2026-06-19,email_open
1773,evt_00018749,2026-07-03,email_click
1773,evt_00018745,2026-07-30,email_open
1774,evt_00018755,2026-06-11,email_click
1774,evt_00018775,2026-06-14,email_open
1774,evt_00018753,2026-06-20,email_click
1774,evt_00018752,2026-06-21,email_open
1774,evt_00018758,2026-06-25,email_open
1774,evt_00018768,2026-06-28,email_click
1774,evt_00018774,2026-06-29,email_open
1774,evt_00018779,2026-07-02,email_open
1774,evt_00018770,2026-07-03,email_open
1774,evt_00018765,2026-07-04,website_visit
1774,evt_00018778,2026-07-04,demo_request
1774,evt_00018757,2026-07-05,email_click
1774,evt_00018763,2026-07-07,email_click
1774,evt_00018754,2026-07-08,form_fill
1774,evt_00018767,2026-07-08,email_open
1774,evt_00018771,2026-07-09,email_open
1774,evt_00018761,2026-07-10,email_open
1774,evt_00018766,2026-07-11,email_open
1774,evt_00018759,2026-07-15,email_open
1774,evt_00018760,2026-07-16,email_click
1774,evt_00018769,2026-07-28,website_visit
1774,evt_00018762,2026-08-01,email_click
1774,evt_00018777,2026-08-01,email_click
1774,evt_00018772,2026-08-03,website_visit
1774,evt_00018756,2026-08-05,website_visit
1774,evt_00018764,2026-08-06,email_click
1774,evt_00018776,2026-08-07,email_click
1774,evt_00018751,2026-08-08,email_open
1774,evt_00018773,2026-08-08,email_click
1775,evt_00018787,2026-07-24,email_open
1775,evt_00018785,2026-07-26,website_visit
1775,evt_00018786,2026-07-26,email_open
1775,evt_00018781,2026-07-27,email_open
1775,evt_00018790,2026-07-27,email_open
1775,evt_00018783,2026-07-29,email_click
1775,evt_00018782,2026-07-30,email_open
1775,evt_00018789,2026-07-30,website_visit
1775,evt_00018780,2026-08-01,website_visit
1775,evt_00018784,2026-08-01,email_click
1775,evt_00018788,2026-08-03,email_open
1776,evt_00018792,2026-04-04,demo_request
1776,evt_00018794,2026-05-03,form_fill
1776,evt_00018797,2026-05-11,email_click
1776,evt_00018795,2026-05-13,email_open
1776,evt_00018791,2026-05-17,website_visit
1776,evt_00018793,2026-06-03,email_open
1776,evt_00018796,2026-06-03,website_visit
1777,evt_00018811,2026-04-27,website_visit
1777,evt_00018800,2026-05-03,email_open
1777,evt_00018809,2026-05-06,website_visit
1777,evt_00018798,2026-05-13,email_open
1777,evt_00018802,2026-05-25,website_visit
1777,evt_00018810,2026-05-29,email_click
1777,evt_00018801,2026-06-06,website_visit
1777,evt_00018803,2026-06-18,website_visit
1777,evt_00018804,2026-07-07,website_visit
1777,evt_00018799,2026-07-08,email_open
1777,evt_00018808,2026-07-10,website_visit
1777,evt_00018807,2026-07-20,email_open
1777,evt_00018805,2026-07-26,email_click
1777,evt_00018806,2026-08-03,website_visit
1777,evt_00018812,2026-08-06,email_open
1778,evt_00018820,2026-04-28,website_visit
1778,evt_00018823,2026-04-28,email_open
1778,evt_00018831,2026-04-30,website_visit
1778,evt_00018821,2026-05-06,email_click
1778,evt_00018814,2026-05-12,email_click
1778,evt_00018825,2026-05-14,website_visit
1778,evt_00018819,2026-05-20,email_open
1778,evt_00018822,2026-05-29,email_open
1778,evt_00018826,2026-06-01,email_open
1778,evt_00018830,2026-06-03,email_open
1778,evt_00018818,2026-06-08,email_open
1778,evt_00018827,2026-06-13,demo_request
1778,evt_00018828,2026-06-13,email_open
1778,evt_00018817,2026-06-18,email_open
1778,evt_00018815,2026-06-25,website_visit
1778,evt_00018824,2026-06-26,email_open
1778,evt_00018829,2026-06-29,website_visit
1778,evt_00018816,2026-07-08,email_click
1778,evt_00018813,2026-08-04,email_open
1779,evt_00018839,2026-04-27,email_open
1779,evt_00018838,2026-05-12,website_visit
1779,evt_00018835,2026-05-29,website_visit
1779,evt_00018842,2026-06-02,email_open
1779,evt_00018833,2026-06-06,email_open
1779,evt_00018837,2026-06-10,email_click
1779,evt_00018834,2026-06-17,website_visit
1779,evt_00018836,2026-06-20,email_open
1779,evt_00018841,2026-07-20,website_visit
1779,evt_00018832,2026-07-22,email_open
1779,evt_00018840,2026-07-27,email_open
1780,evt_00018844,2026-07-01,email_open
1780,evt_00018843,2026-07-06,email_open
1781,evt_00018849,2026-06-12,email_open
1781,evt_00018845,2026-06-22,website_visit
1781,evt_00018846,2026-07-20,email_open
1781,evt_00018848,2026-07-30,form_fill
1781,evt_00018850,2026-07-31,email_open
1781,evt_00018847,2026-08-07,website_visit
1782,evt_00018851,2026-07-09,demo_request
1782,evt_00018857,2026-07-09,email_open
1782,evt_00018856,2026-07-15,email_open
1782,evt_00018852,2026-07-16,email_click
1782,evt_00018853,2026-07-26,email_click
1782,evt_00018854,2026-07-27,website_visit
1782,evt_00018855,2026-07-27,website_visit
1783,evt_00018861,2026-03-09,email_click
1783,evt_00018859,2026-03-10,website_visit
1783,evt_00018876,2026-03-25,email_open
1783,evt_00018878,2026-03-28,email_click
1783,evt_00018867,2026-03-29,website_visit
1783,evt_00018879,2026-04-12,email_click
1783,evt_00018882,2026-04-15,email_open
1783,evt_00018866,2026-04-28,email_open
1783,evt_00018863,2026-04-30,website_visit
1783,evt_00018858,2026-05-15,email_open
1783,evt_00018871,2026-05-24,email_open
1783,evt_00018877,2026-05-25,email_click
1783,evt_00018883,2026-05-29,website_visit
1783,evt_00018874,2026-06-05,website_visit
1783,evt_00018864,2026-06-14,email_click
1783,evt_00018862,2026-06-16,website_visit
1783,evt_00018870,2026-06-20,email_open
1783,evt_00018873,2026-06-27,email_click
1783,evt_00018881,2026-06-30,email_open
1783,evt_00018875,2026-07-05,email_open
1783,evt_00018872,2026-07-06,email_open
1783,evt_00018865,2026-07-12,email_open
1783,evt_00018880,2026-07-12,website_visit
1783,evt_00018869,2026-07-14,email_open
1783,evt_00018860,2026-07-31,website_visit
1783,evt_00018868,2026-08-07,email_open
1784,evt_00018893,2026-04-08,website_visit
1784,evt_00018887,2026-04-11,email_open
1784,evt_00018886,2026-04-16,website_visit
1784,evt_00018895,2026-04-17,website_visit
1784,evt_00018892,2026-04-28,website_visit
1784,evt_00018884,2026-05-05,website_visit
1784,evt_00018898,2026-05-15,email_open
1784,evt_00018891,2026-05-20,email_open
1784,evt_00018889,2026-05-21,website_visit
1784,evt_00018897,2026-05-30,email_open
1784,evt_00018896,2026-06-03,email_open
1784,evt_00018899,2026-06-18,website_visit
1784,evt_00018890,2026-06-22,email_click
1784,evt_00018894,2026-06-30,email_open
1784,evt_00018885,2026-07-01,email_click
1784,evt_00018888,2026-07-21,email_click
1785,evt_00018906,2026-05-31,website_visit
1785,evt_00018907,2026-06-02,website_visit
1785,evt_00018910,2026-06-06,email_open
1785,evt_00018908,2026-06-11,website_visit
1785,evt_00018912,2026-06-14,email_open
1785,evt_00018902,2026-06-16,email_open
1785,evt_00018903,2026-06-16,website_visit
1785,evt_00018901,2026-06-22,email_open
1785,evt_00018913,2026-06-22,form_fill
1785,evt_00018904,2026-06-25,email_open
1785,evt_00018900,2026-07-19,email_click
1785,evt_00018905,2026-07-19,email_click
1785,evt_00018911,2026-07-25,email_open
1785,evt_00018909,2026-07-26,website_visit
1786,evt_00018916,2026-07-07,website_visit
1786,evt_00018914,2026-07-08,email_open
1786,evt_00018919,2026-07-12,email_open
1786,evt_00018915,2026-07-14,email_open
1786,evt_00018917,2026-07-18,email_open
1786,evt_00018920,2026-07-28,email_open
1786,evt_00018918,2026-07-31,email_open
1787,evt_00018927,2026-03-30,email_open
1787,evt_00018922,2026-04-01,email_open
1787,evt_00018921,2026-04-03,email_open
1787,evt_00018930,2026-04-06,email_click
1787,evt_00018925,2026-04-21,email_open
1787,evt_00018932,2026-04-30,email_open
1787,evt_00018923,2026-05-03,email_click
1787,evt_00018933,2026-05-11,email_click
1787,evt_00018924,2026-05-22,website_visit
1787,evt_00018929,2026-06-30,email_click
1787,evt_00018934,2026-07-05,email_click
1787,evt_00018926,2026-07-19,email_open
1787,evt_00018928,2026-07-20,website_visit
1787,evt_00018931,2026-07-30,website_visit
1788,evt_00018935,2026-05-29,email_open
1788,evt_00018937,2026-06-22,form_fill
1788,evt_00018936,2026-08-06,website_visit
1789,evt_00018939,2026-03-19,email_open
1789,evt_00018940,2026-05-13,email_click
1789,evt_00018941,2026-07-03,email_open
1789,evt_00018938,2026-08-05,email_open
1790,evt_00018944,2026-05-21,website_visit
1790,evt_00018942,2026-07-16,website_visit
1790,evt_00018943,2026-07-20,email_click
1791,evt_00018946,2026-08-06,website_visit
1791,evt_00018947,2026-08-06,website_visit
1791,evt_00018948,2026-08-06,email_click
1791,evt_00018949,2026-08-06,email_open
1791,evt_00018945,2026-08-08,website_visit
1792,evt_00018959,2026-04-17,email_open
1792,evt_00018956,2026-04-30,email_open
1792,evt_00018957,2026-05-08,website_visit
1792,evt_00018950,2026-05-12,form_fill
1792,evt_00018951,2026-05-21,email_click
1792,evt_00018960,2026-05-30,email_open
1792,evt_00018953,2026-05-31,website_visit
1792,evt_00018954,2026-06-10,form_fill
1792,evt_00018963,2026-06-17,email_open
1792,evt_00018961,2026-06-29,email_open
1792,evt_00018952,2026-07-02,form_fill
1792,evt_00018958,2026-07-11,website_visit
1792,evt_00018955,2026-07-12,email_open
1792,evt_00018962,2026-07-17,email_open
1793,evt_00018973,2026-07-12,email_open
1793,evt_00018977,2026-07-12,email_open
1793,evt_00018975,2026-07-13,demo_request
1793,evt_00018980,2026-07-15,website_visit
1793,evt_00018964,2026-07-16,website_visit
1793,evt_00018965,2026-07-16,email_open
1793,evt_00018969,2026-07-18,email_click
1793,evt_00018970,2026-07-21,form_fill
1793,evt_00018978,2026-07-23,email_open
1793,evt_00018966,2026-07-28,website_visit
1793,evt_00018968,2026-07-28,email_open
1793,evt_00018976,2026-07-30,form_fill
1793,evt_00018979,2026-07-31,form_fill
1793,evt_00018971,2026-08-02,email_click
1793,evt_00018974,2026-08-02,email_open
1793,evt_00018972,2026-08-04,email_open
1793,evt_00018967,2026-08-06,email_open
1794,evt_00018984,2026-08-02,email_open
1794,evt_00018981,2026-08-03,website_visit
1794,evt_00018983,2026-08-06,email_open
1794,evt_00018982,2026-08-08,email_open
1794,evt_00018985,2026-08-08,website_visit
1795,evt_00018986,2026-05-17,email_click
1795,evt_00018987,2026-06-13,email_click
1796,evt_00018992,2026-07-15,email_open
1796,evt_00018994,2026-07-16,email_open
1796,evt_00019002,2026-07-16,email_open
1796,evt_00018995,2026-07-17,email_open
1796,evt_00018991,2026-07-19,email_open
1796,evt_00018988,2026-07-20,email_click
1796,evt_00019000,2026-07-20,email_open
1796,evt_00019005,2026-07-22,website_visit
1796,evt_00018997,2026-07-23,website_visit
1796,evt_00018989,2026-07-24,email_open
1796,evt_00018990,2026-07-24,email_open
1796,evt_00019006,2026-07-25,website_visit
1796,evt_00019004,2026-07-26,form_fill
1796,evt_00019011,2026-07-27,email_click
1796,evt_00019003,2026-07-29,email_open
1796,evt_00019007,2026-07-31,email_open
1796,evt_00019012,2026-07-31,demo_request
1796,evt_00018993,2026-08-01,form_fill
1796,evt_00019010,2026-08-01,form_fill
1796,evt_00019013,2026-08-01,email_open
1796,evt_00018999,2026-08-02,email_click
1796,evt_00019008,2026-08-03,email_open
1796,evt_00018998,2026-08-05,email_open
1796,evt_00019009,2026-08-05,email_click
1796,evt_00019001,2026-08-07,email_click
1796,evt_00018996,2026-08-08,website_visit
1797,evt_00019018,2026-07-22,website_visit
1797,evt_00019017,2026-07-23,form_fill
1797,evt_00019021,2026-07-27,email_open
1797,evt_00019016,2026-07-28,website_visit
1797,evt_00019020,2026-07-29,email_open
1797,evt_00019015,2026-08-01,website_visit
1797,evt_00019019,2026-08-05,email_click
1797,evt_00019014,2026-08-08,website_visit
1798,evt_00019024,2026-04-01,website_visit
1798,evt_00019023,2026-04-27,email_open
1798,evt_00019022,2026-06-30,email_open
1798,evt_00019025,2026-07-04,email_open
1799,evt_00019034,2026-05-02,email_click
1799,evt_00019031,2026-05-06,website_visit
1799,evt_00019027,2026-05-09,email_open
1799,evt_00019033,2026-05-14,email_open
1799,evt_00019029,2026-05-21,email_open
1799,evt_00019035,2026-05-21,website_visit
1799,evt_00019030,2026-06-02,email_open
1799,evt_00019026,2026-06-05,website_visit
1799,evt_00019028,2026-06-08,email_open
1799,evt_00019036,2026-06-17,email_open
1799,evt_00019032,2026-06-22,email_open
1799,evt_00019037,2026-07-24,email_open
1800,evt_00019045,2026-04-03,email_open
1800,evt_00019046,2026-04-05,email_open
1800,evt_00019044,2026-04-08,email_open
1800,evt_00019039,2026-04-11,form_fill
1800,evt_00019038,2026-05-05,website_visit
1800,evt_00019042,2026-06-04,email_open
1800,evt_00019053,2026-06-12,email_open
1800,evt_00019047,2026-06-21,email_open
1800,evt_00019049,2026-06-24,website_visit
1800,evt_00019043,2026-06-26,website_visit
1800,evt_00019040,2026-06-29,website_visit
1800,evt_00019050,2026-07-04,email_open
1800,evt_00019052,2026-07-08,email_open
1800,evt_00019051,2026-07-14,form_fill
1800,evt_00019048,2026-07-19,email_open
1800,evt_00019041,2026-08-05,website_visit
1801,evt_00019055,2026-04-23,email_click
1801,evt_00019058,2026-05-08,website_visit
1801,evt_00019062,2026-05-23,website_visit
1801,evt_00019056,2026-06-18,email_open
1801,evt_00019054,2026-07-22,email_click
1801,evt_00019060,2026-07-22,website_visit
1801,evt_00019057,2026-07-23,website_visit
1801,evt_00019059,2026-07-31,email_open
1801,evt_00019061,2026-08-08,website_visit
1802,evt_00019064,2026-04-23,email_open
1802,evt_00019063,2026-06-16,website_visit
1803,evt_00019066,2026-06-11,email_open
1803,evt_00019065,2026-07-24,website_visit
1804,evt_00019072,2026-06-14,website_visit
1804,evt_00019074,2026-06-20,email_open
1804,evt_00019073,2026-06-21,email_open
1804,evt_00019075,2026-06-29,email_open
1804,evt_00019070,2026-07-03,email_open
1804,evt_00019078,2026-07-04,email_click
1804,evt_00019068,2026-07-12,email_open
1804,evt_00019069,2026-07-13,demo_request
1804,evt_00019079,2026-07-14,email_open
1804,evt_00019071,2026-07-24,website_visit
1804,evt_00019077,2026-07-25,email_open
1804,evt_00019076,2026-07-26,email_click
1804,evt_00019080,2026-08-01,email_open
1804,evt_00019067,2026-08-02,email_open
1805,evt_00019081,2026-04-05,email_click
1805,evt_00019087,2026-04-13,email_open
1805,evt_00019083,2026-05-01,website_visit
1805,evt_00019085,2026-06-02,website_visit
1805,evt_00019084,2026-06-26,website_visit
1805,evt_00019082,2026-07-06,website_visit
1805,evt_00019086,2026-08-02,email_open
1806,evt_00019101,2026-06-30,form_fill
1806,evt_00019092,2026-07-05,email_open
1806,evt_00019100,2026-07-06,email_open
1806,evt_00019088,2026-07-08,email_open
1806,evt_00019093,2026-07-08,email_open
1806,evt_00019096,2026-07-10,email_open
1806,evt_00019091,2026-07-19,form_fill
1806,evt_00019089,2026-07-21,email_open
1806,evt_00019095,2026-07-25,email_open
1806,evt_00019090,2026-07-31,email_open
1806,evt_00019099,2026-08-05,email_click
1806,evt_00019097,2026-08-06,email_open
1806,evt_00019094,2026-08-07,email_open
1806,evt_00019098,2026-08-07,email_click
1807,evt_00019107,2026-05-22,email_open
1807,evt_00019113,2026-05-23,email_open
1807,evt_00019115,2026-05-24,form_fill
1807,evt_00019109,2026-06-03,email_open
1807,evt_00019106,2026-06-06,email_open
1807,evt_00019102,2026-06-07,email_click
1807,evt_00019112,2026-06-09,website_visit
1807,evt_00019117,2026-06-15,email_open
1807,evt_00019105,2026-06-19,email_open
1807,evt_00019118,2026-06-25,email_open
1807,evt_00019111,2026-06-26,form_fill
1807,evt_00019116,2026-06-26,website_visit
1807,evt_00019104,2026-07-01,email_open
1807,evt_00019110,2026-07-06,email_open
1807,evt_00019108,2026-07-21,email_open
1807,evt_00019103,2026-08-08,website_visit
1807,evt_00019114,2026-08-08,email_click
1808,evt_00019119,2026-03-20,website_visit
1808,evt_00019123,2026-04-14,email_open
1808,evt_00019124,2026-05-14,email_click
1808,evt_00019120,2026-06-15,email_click
1808,evt_00019121,2026-06-26,website_visit
1808,evt_00019122,2026-06-26,email_open
1809,evt_00019125,2026-05-28,email_click
1809,evt_00019131,2026-06-13,email_open
1809,evt_00019132,2026-06-23,website_visit
1809,evt_00019135,2026-06-25,email_open
1809,evt_00019129,2026-06-26,email_open
1809,evt_00019130,2026-06-26,email_click
1809,evt_00019127,2026-06-28,website_visit
1809,evt_00019126,2026-06-30,email_click
1809,evt_00019134,2026-06-30,website_visit
1809,evt_00019136,2026-07-10,email_open
1809,evt_00019128,2026-07-13,email_open
1809,evt_00019133,2026-07-29,website_visit
1810,evt_00019140,2026-05-07,email_open
1810,evt_00019137,2026-05-26,website_visit
1810,evt_00019141,2026-06-23,email_open
1810,evt_00019138,2026-07-24,email_open
1810,evt_00019139,2026-08-08,email_open
1811,evt_00019146,2026-05-29,email_open
1811,evt_00019145,2026-06-06,email_open
1811,evt_00019157,2026-06-08,email_open
1811,evt_00019155,2026-06-15,email_open
1811,evt_00019158,2026-06-16,form_fill
1811,evt_00019152,2026-06-17,email_open
1811,evt_00019160,2026-06-17,email_open
1811,evt_00019150,2026-06-18,website_visit
1811,evt_00019144,2026-06-28,form_fill
1811,evt_00019159,2026-07-07,email_open
1811,evt_00019153,2026-07-15,email_open
1811,evt_00019151,2026-07-25,email_open
1811,evt_00019148,2026-07-29,email_open
1811,evt_00019142,2026-07-30,email_click
1811,evt_00019149,2026-08-01,email_open
1811,evt_00019156,2026-08-01,form_fill
1811,evt_00019147,2026-08-05,email_click
1811,evt_00019154,2026-08-06,email_click
1811,evt_00019143,2026-08-08,email_open
1812,evt_00019180,2026-06-13,website_visit
1812,evt_00019176,2026-06-22,email_click
1812,evt_00019167,2026-06-23,email_click
1812,evt_00019179,2026-06-24,email_open
1812,evt_00019162,2026-06-28,email_open
1812,evt_00019165,2026-06-29,email_open
1812,evt_00019177,2026-07-06,email_open
1812,evt_00019170,2026-07-10,email_open
1812,evt_00019172,2026-07-12,website_visit
1812,evt_00019173,2026-07-13,email_open
1812,evt_00019164,2026-07-17,website_visit
1812,evt_00019163,2026-07-20,email_open
1812,evt_00019168,2026-07-26,email_click
1812,evt_00019174,2026-07-27,email_click
1812,evt_00019171,2026-07-28,email_open
1812,evt_00019169,2026-07-29,email_click
1812,evt_00019161,2026-07-31,email_click
1812,evt_00019178,2026-07-31,email_open
1812,evt_00019166,2026-08-05,email_open
1812,evt_00019175,2026-08-08,email_open
1813,evt_00019184,2026-03-25,email_click
1813,evt_00019185,2026-04-05,email_open
1813,evt_00019183,2026-04-29,email_click
1813,evt_00019181,2026-05-09,email_open
1813,evt_00019182,2026-05-20,email_open
1814,evt_00019191,2026-06-10,email_open
1814,evt_00019196,2026-06-18,website_visit
1814,evt_00019194,2026-06-23,website_visit
1814,evt_00019192,2026-07-04,website_visit
1814,evt_00019195,2026-07-05,website_visit
1814,evt_00019187,2026-07-07,email_open
1814,evt_00019193,2026-07-08,email_open
1814,evt_00019186,2026-07-12,website_visit
1814,evt_00019197,2026-07-22,demo_request
1814,evt_00019198,2026-07-25,form_fill
1814,evt_00019188,2026-07-26,email_click
1814,evt_00019190,2026-08-01,email_open
1814,evt_00019189,2026-08-07,email_click
1815,evt_00019216,2026-06-09,email_open
1815,evt_00019210,2026-06-10,email_open
1815,evt_00019203,2026-06-18,email_open
1815,evt_00019200,2026-06-24,website_visit
1815,evt_00019204,2026-07-02,email_open
1815,evt_00019209,2026-07-12,email_open
1815,evt_00019205,2026-07-13,email_open
1815,evt_00019215,2026-07-18,website_visit
1815,evt_00019211,2026-07-19,email_click
1815,evt_00019214,2026-07-20,email_open
1815,evt_00019199,2026-07-23,email_open
1815,evt_00019206,2026-07-27,email_open
1815,evt_00019207,2026-07-27,email_click
1815,evt_00019201,2026-07-29,website_visit
1815,evt_00019212,2026-07-30,email_click
1815,evt_00019208,2026-07-31,website_visit
1815,evt_00019202,2026-08-03,website_visit
1815,evt_00019213,2026-08-03,email_open
1816,evt_00019218,2026-05-12,email_open
1816,evt_00019222,2026-05-19,website_visit
1816,evt_00019219,2026-05-28,email_open
1816,evt_00019217,2026-07-01,email_open
1816,evt_00019223,2026-07-01,email_open
1816,evt_00019220,2026-07-27,email_open
1816,evt_00019221,2026-08-08,email_open
1817,evt_00019225,2026-07-17,email_open
1817,evt_00019224,2026-07-19,email_click
1818,evt_00019226,2026-07-10,email_open
1819,evt_00019229,2026-05-24,email_open
1819,evt_00019227,2026-06-12,website_visit
1819,evt_00019228,2026-07-10,email_open
1820,evt_00019230,2026-08-02,email_open
1820,evt_00019231,2026-08-02,email_open
1820,evt_00019232,2026-08-05,email_open
1821,evt_00019233,2026-07-23,email_open
1821,evt_00019235,2026-07-23,email_open
1821,evt_00019234,2026-07-31,email_open
1821,evt_00019237,2026-08-03,email_open
1821,evt_00019236,2026-08-08,form_fill
1822,evt_00019238,2026-03-18,email_open
1822,evt_00019239,2026-05-07,email_open
1822,evt_00019243,2026-06-19,email_open
1822,evt_00019240,2026-07-13,email_open
1822,evt_00019242,2026-07-13,form_fill
1822,evt_00019241,2026-07-26,website_visit
1823,evt_00019260,2026-03-30,email_click
1823,evt_00019251,2026-04-01,website_visit
1823,evt_00019248,2026-04-05,email_click
1823,evt_00019258,2026-04-20,email_open
1823,evt_00019252,2026-04-24,website_visit
1823,evt_00019257,2026-04-26,website_visit
1823,evt_00019253,2026-05-07,email_open
1823,evt_00019256,2026-05-09,website_visit
1823,evt_00019246,2026-05-13,website_visit
1823,evt_00019250,2026-05-17,website_visit
1823,evt_00019255,2026-06-08,form_fill
1823,evt_00019244,2026-06-12,website_visit
1823,evt_00019254,2026-06-13,website_visit
1823,evt_00019249,2026-06-18,email_open
1823,evt_00019247,2026-07-01,email_click
1823,evt_00019245,2026-07-06,email_click
1823,evt_00019259,2026-08-02,website_visit
1824,evt_00019262,2026-03-26,website_visit
1824,evt_00019261,2026-04-25,email_open
1824,evt_00019266,2026-05-03,email_open
1824,evt_00019264,2026-05-26,email_open
1824,evt_00019265,2026-06-18,website_visit
1824,evt_00019267,2026-07-11,demo_request
1824,evt_00019263,2026-07-24,email_open
1825,evt_00019278,2026-04-22,email_click
1825,evt_00019279,2026-04-29,website_visit
1825,evt_00019276,2026-05-01,email_open
1825,evt_00019273,2026-05-13,email_open
1825,evt_00019268,2026-05-17,email_click
1825,evt_00019274,2026-05-23,email_open
1825,evt_00019275,2026-05-25,email_click
1825,evt_00019269,2026-05-30,website_visit
1825,evt_00019271,2026-06-13,email_click
1825,evt_00019280,2026-06-24,website_visit
1825,evt_00019272,2026-07-14,website_visit
1825,evt_00019282,2026-07-16,website_visit
1825,evt_00019270,2026-07-24,website_visit
1825,evt_00019277,2026-08-01,email_open
1825,evt_00019281,2026-08-05,email_open
1826,evt_00019288,2026-03-21,email_click
1826,evt_00019287,2026-03-22,website_visit
1826,evt_00019286,2026-03-23,email_open
1826,evt_00019283,2026-04-16,email_click
1826,evt_00019289,2026-04-17,email_click
1826,evt_00019284,2026-07-02,email_open
1826,evt_00019285,2026-07-27,email_open
1827,evt_00019300,2026-04-17,website_visit
1827,evt_00019298,2026-04-28,website_visit
1827,evt_00019294,2026-04-29,email_open
1827,evt_00019290,2026-05-05,email_open
1827,evt_00019292,2026-05-05,email_open
1827,evt_00019308,2026-05-05,email_open
1827,evt_00019301,2026-05-13,website_visit
1827,evt_00019291,2026-05-14,email_open
1827,evt_00019303,2026-05-22,email_open
1827,evt_00019309,2026-05-24,email_open
1827,evt_00019313,2026-06-13,email_open
1827,evt_00019304,2026-06-17,email_open
1827,evt_00019312,2026-06-19,email_open
1827,evt_00019307,2026-06-25,email_open
1827,evt_00019297,2026-06-29,form_fill
1827,evt_00019302,2026-06-29,email_open
1827,evt_00019306,2026-07-04,email_open
1827,evt_00019305,2026-07-09,email_open
1827,evt_00019310,2026-07-11,website_visit
1827,evt_00019315,2026-07-12,email_open
1827,evt_00019316,2026-07-13,email_open
1827,evt_00019299,2026-07-14,email_click
1827,evt_00019314,2026-07-14,demo_request
1827,evt_00019295,2026-07-15,email_open
1827,evt_00019296,2026-07-28,form_fill
1827,evt_00019311,2026-08-03,email_open
1827,evt_00019293,2026-08-08,form_fill
1828,evt_00019334,2026-07-22,website_visit
1828,evt_00019336,2026-07-22,form_fill
1828,evt_00019326,2026-07-24,email_open
1828,evt_00019338,2026-07-24,email_click
1828,evt_00019323,2026-07-27,email_open
1828,evt_00019327,2026-07-27,email_open
1828,evt_00019328,2026-07-29,email_click
1828,evt_00019329,2026-07-29,form_fill
1828,evt_00019318,2026-07-30,website_visit
1828,evt_00019319,2026-07-30,email_click
1828,evt_00019324,2026-07-30,email_open
1828,evt_00019321,2026-08-01,email_open
1828,evt_00019337,2026-08-01,email_open
1828,evt_00019322,2026-08-02,email_open
1828,evt_00019317,2026-08-03,form_fill
1828,evt_00019325,2026-08-03,email_open
1828,evt_00019330,2026-08-04,email_click
1828,evt_00019331,2026-08-04,email_open
1828,evt_00019333,2026-08-04,demo_request
1828,evt_00019320,2026-08-05,form_fill
1828,evt_00019332,2026-08-07,website_visit
1828,evt_00019335,2026-08-07,website_visit
1829,evt_00019340,2026-06-11,website_visit
1829,evt_00019342,2026-07-07,email_open
1829,evt_00019341,2026-07-11,email_open
1829,evt_00019339,2026-07-23,email_open
1830,evt_00019354,2026-07-28,email_open
1830,evt_00019350,2026-07-30,email_open
1830,evt_00019349,2026-08-01,form_fill
1830,evt_00019346,2026-08-02,website_visit
1830,evt_00019347,2026-08-02,form_fill
1830,evt_00019352,2026-08-02,website_visit
1830,evt_00019353,2026-08-02,email_open
1830,evt_00019345,2026-08-03,email_open
1830,evt_00019351,2026-08-04,website_visit
1830,evt_00019348,2026-08-05,website_visit
1830,evt_00019343,2026-08-06,website_visit
1830,evt_00019344,2026-08-07,website_visit
1832,evt_00019357,2026-04-19,email_click
1832,evt_00019355,2026-05-10,email_click
1832,evt_00019356,2026-06-14,website_visit
1832,evt_00019358,2026-06-27,form_fill
1833,evt_00019361,2026-07-12,email_click
1833,evt_00019359,2026-07-13,email_open
1833,evt_00019360,2026-08-01,email_open
1834,evt_00019363,2026-05-30,email_open
1834,evt_00019368,2026-06-04,form_fill
1834,evt_00019366,2026-06-14,email_open
1834,evt_00019364,2026-06-18,email_open
1834,evt_00019365,2026-06-23,email_open
1834,evt_00019362,2026-07-16,email_open
1834,evt_00019370,2026-07-16,email_open
1834,evt_00019369,2026-07-18,email_click
1834,evt_00019367,2026-07-25,website_visit
1835,evt_00019377,2026-04-11,email_open
1835,evt_00019375,2026-04-24,email_open
1835,evt_00019372,2026-05-03,email_open
1835,evt_00019371,2026-05-06,email_click
1835,evt_00019373,2026-05-21,form_fill
1835,evt_00019374,2026-07-21,email_open
1835,evt_00019376,2026-08-04,email_open
1836,evt_00019379,2026-07-12,email_open
1836,evt_00019380,2026-07-19,form_fill
1836,evt_00019378,2026-07-25,email_click
1837,evt_00019382,2026-02-18,email_click
1837,evt_00019390,2026-04-18,email_open
1837,evt_00019384,2026-04-21,email_open
1837,evt_00019383,2026-04-26,website_visit
1837,evt_00019385,2026-05-17,website_visit
1837,evt_00019387,2026-05-30,website_visit
1837,evt_00019381,2026-06-05,email_open
1837,evt_00019386,2026-07-16,email_open
1837,evt_00019388,2026-07-16,email_open
1837,evt_00019389,2026-07-20,email_open
1837,evt_00019391,2026-07-20,email_open
1838,evt_00019400,2026-07-18,email_click
1838,evt_00019401,2026-07-20,website_visit
1838,evt_00019396,2026-07-24,email_open
1838,evt_00019397,2026-07-25,email_open
1838,evt_00019394,2026-07-26,email_open
1838,evt_00019399,2026-07-26,email_open
1838,evt_00019393,2026-07-30,email_click
1838,evt_00019395,2026-07-31,form_fill
1838,evt_00019398,2026-07-31,email_open
1838,evt_00019392,2026-08-04,email_open
1839,evt_00019402,2026-06-14,email_open
1839,evt_00019406,2026-06-16,website_visit
1839,evt_00019411,2026-06-24,email_click
1839,evt_00019409,2026-06-30,email_open
1839,evt_00019403,2026-07-10,website_visit
1839,evt_00019408,2026-07-11,email_open
1839,evt_00019405,2026-07-17,email_click
1839,evt_00019404,2026-07-18,email_click
1839,evt_00019407,2026-07-24,email_open
1839,evt_00019410,2026-07-29,email_open
1840,evt_00019415,2026-07-15,email_open
1840,evt_00019413,2026-07-16,email_open
1840,evt_00019417,2026-07-17,website_visit
1840,evt_00019416,2026-07-18,email_open
1840,evt_00019414,2026-07-20,email_open
1840,evt_00019412,2026-07-26,email_open
1841,evt_00019419,2026-07-06,website_visit
1841,evt_00019420,2026-07-06,email_open
1841,evt_00019418,2026-07-23,email_open
1841,evt_00019421,2026-08-04,email_open
1842,evt_00019422,2026-04-01,website_visit
1842,evt_00019423,2026-07-28,demo_request
1843,evt_00019424,2026-04-03,email_click
1843,evt_00019425,2026-05-02,website_visit
1843,evt_00019426,2026-07-03,email_open
1844,evt_00019454,2026-03-19,demo_request
1844,evt_00019455,2026-03-23,website_visit
1844,evt_00019448,2026-03-26,email_open
1844,evt_00019471,2026-03-30,email_open
1844,evt_00019447,2026-04-09,email_open
1844,evt_00019442,2026-04-15,website_visit
1844,evt_00019445,2026-04-16,website_visit
1844,evt_00019457,2026-04-19,email_open
1844,evt_00019462,2026-04-20,email_click
1844,evt_00019432,2026-04-23,website_visit
1844,evt_00019451,2026-04-24,website_visit
1844,evt_00019433,2026-04-27,website_visit
1844,evt_00019452,2026-04-28,website_visit
1844,evt_00019469,2026-04-30,email_open
1844,evt_00019464,2026-05-02,email_open
1844,evt_00019440,2026-05-03,website_visit
1844,evt_00019431,2026-05-10,email_open
1844,evt_00019466,2026-05-14,form_fill
1844,evt_00019449,2026-05-18,email_open
1844,evt_00019450,2026-05-21,email_open
1844,evt_00019468,2026-05-30,form_fill
1844,evt_00019439,2026-05-31,email_open
1844,evt_00019436,2026-06-01,email_open
1844,evt_00019437,2026-06-02,email_click
1844,evt_00019459,2026-06-03,form_fill
1844,evt_00019441,2026-06-04,email_open
1844,evt_00019465,2026-06-06,email_open
1844,evt_00019444,2026-06-10,email_open
1844,evt_00019460,2026-06-12,website_visit
1844,evt_00019446,2026-06-15,email_open
1844,evt_00019467,2026-06-20,email_open
1844,evt_00019453,2026-06-21,email_open
1844,evt_00019435,2026-06-27,form_fill
1844,evt_00019443,2026-06-29,email_open
1844,evt_00019428,2026-07-05,email_open
1844,evt_00019427,2026-07-06,email_open
1844,evt_00019438,2026-07-07,email_open
1844,evt_00019434,2026-07-08,email_open
1844,evt_00019429,2026-07-10,email_open
1844,evt_00019456,2026-07-13,website_visit
1844,evt_00019430,2026-07-17,website_visit
1844,evt_00019458,2026-07-24,website_visit
1844,evt_00019461,2026-07-29,email_click
1844,evt_00019463,2026-07-31,website_visit
1844,evt_00019470,2026-08-06,email_open
1845,evt_00019472,2026-07-04,website_visit
1846,evt_00019473,2026-07-15,email_open
1846,evt_00019474,2026-07-15,email_click
1846,evt_00019475,2026-07-25,email_open
1847,evt_00019486,2026-05-28,email_open
1847,evt_00019478,2026-06-07,website_visit
1847,evt_00019483,2026-06-15,email_click
1847,evt_00019477,2026-06-19,email_click
1847,evt_00019479,2026-06-21,email_open
1847,evt_00019487,2026-06-30,email_open
1847,evt_00019490,2026-06-30,email_click
1847,evt_00019488,2026-07-08,email_open
1847,evt_00019482,2026-07-10,website_visit
1847,evt_00019485,2026-07-11,email_open
1847,evt_00019481,2026-07-16,email_open
1847,evt_00019491,2026-07-16,demo_request
1847,evt_00019476,2026-07-19,email_open
1847,evt_00019484,2026-07-23,website_visit
1847,evt_00019489,2026-07-23,email_open
1847,evt_00019480,2026-07-26,email_open
1848,evt_00019501,2026-03-12,email_click
1848,evt_00019499,2026-03-14,email_open
1848,evt_00019516,2026-03-15,email_open
1848,evt_00019505,2026-03-22,website_visit
1848,evt_00019497,2026-03-25,email_open
1848,evt_00019510,2026-03-26,email_click
1848,evt_00019512,2026-03-28,email_open
1848,evt_00019496,2026-04-02,email_click
1848,evt_00019492,2026-04-12,email_open
1848,evt_00019504,2026-04-14,email_open
1848,evt_00019515,2026-04-17,email_click
1848,evt_00019494,2026-04-29,email_open
1848,evt_00019502,2026-05-10,email_open
1848,evt_00019495,2026-05-14,email_open
1848,evt_00019509,2026-05-23,website_visit
1848,evt_00019493,2026-05-27,demo_request
1848,evt_00019508,2026-05-28,website_visit
1848,evt_00019506,2026-06-03,email_click
1848,evt_00019503,2026-06-13,email_click
1848,evt_00019507,2026-06-21,email_click
1848,evt_00019513,2026-06-22,email_open
1848,evt_00019500,2026-07-09,email_open
1848,evt_00019514,2026-07-17,form_fill
1848,evt_00019511,2026-08-02,website_visit
1848,evt_00019498,2026-08-03,website_visit
1849,evt_00019532,2026-03-16,email_open
1849,evt_00019541,2026-03-23,email_click
1849,evt_00019528,2026-03-28,email_open
1849,evt_00019530,2026-03-28,demo_request
1849,evt_00019519,2026-04-07,demo_request
1849,evt_00019521,2026-04-10,email_open
1849,evt_00019535,2026-04-14,email_click
1849,evt_00019531,2026-04-19,email_click
1849,evt_00019520,2026-04-28,email_click
1849,evt_00019537,2026-05-05,email_open
1849,evt_00019547,2026-05-08,email_open
1849,evt_00019543,2026-05-28,website_visit
1849,evt_00019529,2026-06-03,website_visit
1849,evt_00019517,2026-06-07,email_open
1849,evt_00019533,2026-06-15,email_click
1849,evt_00019524,2026-06-21,email_open
1849,evt_00019539,2026-06-23,email_open
1849,evt_00019523,2026-06-25,email_open
1849,evt_00019540,2026-07-03,email_open
1849,evt_00019538,2026-07-05,email_click
1849,evt_00019522,2026-07-06,email_open
1849,evt_00019526,2026-07-11,email_click
1849,evt_00019542,2026-07-18,email_open
1849,evt_00019545,2026-07-18,email_open
1849,evt_00019544,2026-07-19,email_open
1849,evt_00019546,2026-07-20,email_open
1849,evt_00019525,2026-07-31,website_visit
1849,evt_00019527,2026-08-02,email_click
1849,evt_00019534,2026-08-02,website_visit
1849,evt_00019536,2026-08-04,email_open
1849,evt_00019518,2026-08-07,email_click
1850,evt_00019550,2026-07-09,email_open
1850,evt_00019548,2026-07-13,website_visit
1850,evt_00019552,2026-07-13,email_click
1850,evt_00019549,2026-07-16,website_visit
1850,evt_00019556,2026-07-16,email_open
1850,evt_00019553,2026-07-26,email_open
1850,evt_00019554,2026-07-30,email_open
1850,evt_00019555,2026-07-31,website_visit
1850,evt_00019551,2026-08-04,email_open
1851,evt_00019561,2026-05-18,email_open
1851,evt_00019564,2026-05-19,email_open
1851,evt_00019565,2026-05-23,email_click
1851,evt_00019571,2026-05-23,website_visit
1851,evt_00019572,2026-05-25,email_open
1851,evt_00019557,2026-06-02,email_open
1851,evt_00019569,2026-06-04,website_visit
1851,evt_00019560,2026-06-14,email_open
1851,evt_00019558,2026-06-19,email_click
1851,evt_00019570,2026-06-19,website_visit
1851,evt_00019559,2026-06-29,email_open
1851,evt_00019562,2026-06-29,form_fill
1851,evt_00019563,2026-06-29,email_open
1851,evt_00019573,2026-06-29,email_open
1851,evt_00019566,2026-07-07,email_open
1851,evt_00019567,2026-07-29,email_open
1851,evt_00019568,2026-08-02,email_click
1852,evt_00019578,2026-06-09,email_open
1852,evt_00019575,2026-06-12,form_fill
1852,evt_00019574,2026-06-25,email_click
1852,evt_00019579,2026-06-26,website_visit
1852,evt_00019576,2026-06-28,website_visit
1852,evt_00019581,2026-08-01,email_open
1852,evt_00019577,2026-08-07,website_visit
1852,evt_00019580,2026-08-07,email_click
1853,evt_00019582,2026-04-27,website_visit
1853,evt_00019585,2026-06-16,website_visit
1853,evt_00019584,2026-07-04,email_open
1853,evt_00019583,2026-07-26,email_open
1854,evt_00019594,2026-04-26,email_open
1854,evt_00019588,2026-05-04,email_open
1854,evt_00019586,2026-05-09,email_click
1854,evt_00019597,2026-05-15,email_open
1854,evt_00019595,2026-05-21,email_open
1854,evt_00019591,2026-05-22,demo_request
1854,evt_00019593,2026-06-01,email_open
1854,evt_00019589,2026-06-13,website_visit
1854,evt_00019596,2026-06-15,email_open
1854,evt_00019592,2026-06-16,email_open
1854,evt_00019590,2026-06-28,email_open
1854,evt_00019587,2026-07-30,email_open
1855,evt_00019599,2026-07-17,email_open
1855,evt_00019602,2026-07-17,email_open
1855,evt_00019605,2026-07-20,email_open
1855,evt_00019603,2026-07-23,form_fill
1855,evt_00019600,2026-07-24,email_open
1855,evt_00019598,2026-07-28,website_visit
1855,evt_00019606,2026-07-29,email_open
1855,evt_00019601,2026-08-02,email_open
1855,evt_00019604,2026-08-04,email_open
1856,evt_00019611,2026-06-24,email_click
1856,evt_00019625,2026-06-24,website_visit
1856,evt_00019626,2026-06-24,email_open
1856,evt_00019634,2026-06-24,email_open
1856,evt_00019608,2026-06-26,email_open
1856,evt_00019630,2026-06-27,email_open
1856,evt_00019620,2026-06-28,website_visit
1856,evt_00019615,2026-06-29,form_fill
1856,evt_00019623,2026-06-29,email_open
1856,evt_00019632,2026-06-29,email_open
1856,evt_00019633,2026-06-29,website_visit
1856,evt_00019619,2026-07-03,website_visit
1856,evt_00019609,2026-07-04,website_visit
1856,evt_00019614,2026-07-09,form_fill
1856,evt_00019617,2026-07-09,email_open
1856,evt_00019621,2026-07-10,website_visit
1856,evt_00019610,2026-07-11,email_open
1856,evt_00019629,2026-07-14,email_open
1856,evt_00019631,2026-07-17,email_open
1856,evt_00019618,2026-07-19,website_visit
1856,evt_00019622,2026-07-19,email_open
1856,evt_00019628,2026-07-21,email_open
1856,evt_00019612,2026-07-22,email_open
1856,evt_00019624,2026-07-24,website_visit
1856,evt_00019627,2026-07-25,email_open
1856,evt_00019616,2026-07-27,email_open
1856,evt_00019613,2026-07-30,demo_request
1856,evt_00019607,2026-08-03,website_visit
1857,evt_00019650,2026-04-21,website_visit
1857,evt_00019649,2026-04-27,email_click
1857,evt_00019647,2026-04-29,email_open
1857,evt_00019642,2026-05-09,email_click
1857,evt_00019641,2026-05-10,email_open
1857,evt_00019639,2026-05-11,email_click
1857,evt_00019637,2026-05-14,website_visit
1857,evt_00019643,2026-05-16,email_open
1857,evt_00019638,2026-05-21,email_click
1857,evt_00019644,2026-06-17,website_visit
1857,evt_00019645,2026-07-01,website_visit
1857,evt_00019640,2026-07-05,form_fill
1857,evt_00019646,2026-07-12,email_open
1857,evt_00019635,2026-07-22,website_visit
1857,evt_00019648,2026-07-24,email_open
1857,evt_00019636,2026-08-05,email_open
1858,evt_00019654,2026-04-22,form_fill
1858,evt_00019652,2026-05-11,demo_request
1858,evt_00019653,2026-05-20,website_visit
1858,evt_00019651,2026-05-22,email_click
1858,evt_00019656,2026-06-14,website_visit
1858,evt_00019655,2026-08-05,website_visit
1859,evt_00019659,2026-03-28,email_click
1859,evt_00019666,2026-03-30,email_open
1859,evt_00019661,2026-04-06,email_open
1859,evt_00019662,2026-04-13,form_fill
1859,evt_00019663,2026-04-13,website_visit
1859,evt_00019667,2026-06-06,email_click
1859,evt_00019668,2026-06-06,demo_request
1859,evt_00019664,2026-06-10,email_open
1859,evt_00019660,2026-06-14,email_open
1859,evt_00019657,2026-06-24,email_open
1859,evt_00019665,2026-06-26,form_fill
1859,evt_00019658,2026-07-09,email_click
1860,evt_00019672,2026-05-17,email_open
1860,evt_00019671,2026-05-31,email_click
1860,evt_00019674,2026-06-03,email_open
1860,evt_00019675,2026-06-06,email_open
1860,evt_00019670,2026-06-23,email_click
1860,evt_00019669,2026-07-13,website_visit
1860,evt_00019673,2026-07-24,form_fill
1860,evt_00019676,2026-08-03,website_visit
1861,evt_00019681,2026-07-02,website_visit
1861,evt_00019680,2026-07-07,email_click
1861,evt_00019682,2026-07-08,email_click
1861,evt_00019679,2026-07-12,form_fill
1861,evt_00019678,2026-07-21,website_visit
1861,evt_00019677,2026-07-24,email_open
1862,evt_00019684,2026-05-28,email_open
1862,evt_00019685,2026-05-31,form_fill
1862,evt_00019683,2026-06-13,website_visit
1862,evt_00019687,2026-07-04,email_open
1862,evt_00019686,2026-07-25,website_visit
1863,evt_00019692,2026-05-18,form_fill
1863,evt_00019691,2026-06-02,email_click
1863,evt_00019693,2026-06-02,email_open
1863,evt_00019689,2026-06-16,email_click
1863,evt_00019688,2026-06-25,email_click
1863,evt_00019690,2026-07-25,email_open
1864,evt_00019699,2026-06-29,email_click
1864,evt_00019694,2026-06-30,form_fill
1864,evt_00019698,2026-06-30,email_open
1864,evt_00019696,2026-07-06,email_click
1864,evt_00019695,2026-07-15,email_open
1864,evt_00019697,2026-07-15,email_open
1864,evt_00019700,2026-07-25,email_click
1864,evt_00019701,2026-07-28,email_open
1865,evt_00019703,2026-07-14,website_visit
1865,evt_00019702,2026-07-30,email_click
1866,evt_00019709,2026-04-29,demo_request
1866,evt_00019705,2026-05-03,email_open
1866,evt_00019708,2026-05-05,form_fill
1866,evt_00019704,2026-05-22,website_visit
1866,evt_00019707,2026-06-13,email_open
1866,evt_00019710,2026-06-18,website_visit
1866,evt_00019711,2026-06-22,email_open
1866,evt_00019712,2026-07-19,email_click
1866,evt_00019706,2026-07-25,email_click
1867,evt_00019715,2026-04-30,email_open
1867,evt_00019716,2026-05-19,email_click
1867,evt_00019714,2026-05-24,email_open
1867,evt_00019718,2026-06-08,email_open
1867,evt_00019717,2026-06-28,email_open
1867,evt_00019713,2026-07-02,email_open
1868,evt_00019723,2026-04-28,email_open
1868,evt_00019724,2026-05-31,email_open
1868,evt_00019728,2026-05-31,website_visit
1868,evt_00019727,2026-06-12,email_click
1868,evt_00019721,2026-07-04,demo_request
1868,evt_00019720,2026-07-20,email_open
1868,evt_00019722,2026-08-01,email_click
1868,evt_00019725,2026-08-04,email_open
1868,evt_00019719,2026-08-07,email_open
1868,evt_00019726,2026-08-07,email_open
1869,evt_00019743,2026-02-18,email_click
1869,evt_00019745,2026-02-23,email_open
1869,evt_00019730,2026-02-27,email_open
1869,evt_00019737,2026-03-04,email_open
1869,evt_00019729,2026-03-16,email_open
1869,evt_00019733,2026-03-16,email_open
1869,evt_00019738,2026-03-17,demo_request
1869,evt_00019736,2026-03-22,email_open
1869,evt_00019741,2026-04-09,email_open
1869,evt_00019746,2026-04-16,website_visit
1869,evt_00019747,2026-04-17,email_click
1869,evt_00019731,2026-04-25,email_open
1869,evt_00019748,2026-04-25,email_open
1869,evt_00019734,2026-05-03,form_fill
1869,evt_00019735,2026-05-08,email_open
1869,evt_00019739,2026-05-20,website_visit
1869,evt_00019740,2026-06-23,form_fill
1869,evt_00019732,2026-06-24,email_click
1869,evt_00019742,2026-07-21,demo_request
1869,evt_00019744,2026-07-23,website_visit
1870,evt_00019771,2026-07-01,email_open
1870,evt_00019772,2026-07-01,email_open
1870,evt_00019753,2026-07-02,email_open
1870,evt_00019752,2026-07-03,form_fill
1870,evt_00019764,2026-07-03,email_open
1870,evt_00019766,2026-07-04,email_open
1870,evt_00019761,2026-07-05,email_click
1870,evt_00019786,2026-07-05,email_open
1870,evt_00019749,2026-07-06,email_open
1870,evt_00019759,2026-07-08,email_open
1870,evt_00019775,2026-07-08,form_fill
1870,evt_00019750,2026-07-09,website_visit
1870,evt_00019782,2026-07-12,email_open
1870,evt_00019767,2026-07-13,email_click
1870,evt_00019784,2026-07-14,website_visit
1870,evt_00019773,2026-07-15,email_open
1870,evt_00019776,2026-07-15,email_click
1870,evt_00019758,2026-07-17,email_click
1870,evt_00019756,2026-07-18,email_open
1870,evt_00019779,2026-07-18,email_open
1870,evt_00019755,2026-07-21,email_open
1870,evt_00019754,2026-07-22,website_visit
1870,evt_00019765,2026-07-24,email_open
1870,evt_00019762,2026-07-26,email_open
1870,evt_00019783,2026-07-28,email_open
1870,evt_00019768,2026-07-29,email_open
1870,evt_00019769,2026-07-29,email_open
1870,evt_00019785,2026-07-29,website_visit
1870,evt_00019757,2026-07-30,email_open
1870,evt_00019763,2026-07-30,email_click
1870,evt_00019777,2026-08-01,email_open
1870,evt_00019780,2026-08-01,email_click
1870,evt_00019778,2026-08-02,email_open
1870,evt_00019770,2026-08-03,email_open
1870,evt_00019774,2026-08-03,email_click
1870,evt_00019781,2026-08-05,email_open
1870,evt_00019751,2026-08-08,website_visit
1870,evt_00019760,2026-08-08,email_open
1871,evt_00019787,2026-07-12,email_open
1871,evt_00019789,2026-07-20,email_open
1871,evt_00019790,2026-07-20,website_visit
1871,evt_00019794,2026-07-20,email_click
1871,evt_00019792,2026-07-22,email_open
1871,evt_00019791,2026-07-25,email_click
1871,evt_00019788,2026-07-30,website_visit
1871,evt_00019793,2026-08-04,email_click
1872,evt_00019798,2026-04-29,website_visit
1872,evt_00019803,2026-04-30,website_visit
1872,evt_00019797,2026-05-24,email_click
1872,evt_00019800,2026-06-03,website_visit
1872,evt_00019801,2026-06-15,email_open
1872,evt_00019795,2026-07-04,email_click
1872,evt_00019799,2026-07-19,email_open
1872,evt_00019802,2026-07-26,form_fill
1872,evt_00019796,2026-08-07,email_open
1873,evt_00019811,2026-04-16,email_open
1873,evt_00019804,2026-04-20,website_visit
1873,evt_00019806,2026-05-10,email_open
1873,evt_00019809,2026-06-01,email_open
1873,evt_00019810,2026-06-21,email_open
1873,evt_00019805,2026-07-02,website_visit
1873,evt_00019807,2026-07-15,email_click
1873,evt_00019808,2026-07-28,email_open
1874,evt_00019812,2026-07-19,email_open
1874,evt_00019818,2026-07-19,website_visit
1874,evt_00019820,2026-07-19,email_click
1874,evt_00019813,2026-07-23,email_click
1874,evt_00019819,2026-07-23,email_open
1874,evt_00019815,2026-07-24,email_open
1874,evt_00019824,2026-07-30,email_open
1874,evt_00019823,2026-07-31,email_open
1874,evt_00019817,2026-08-01,demo_request
1874,evt_00019814,2026-08-02,email_open
1874,evt_00019822,2026-08-03,email_open
1874,evt_00019827,2026-08-03,email_open
1874,evt_00019821,2026-08-06,website_visit
1874,evt_00019826,2026-08-06,email_open
1874,evt_00019816,2026-08-07,email_open
1874,evt_00019825,2026-08-08,website_visit
1876,evt_00019830,2026-07-02,email_open
1876,evt_00019838,2026-07-05,email_open
1876,evt_00019829,2026-07-08,email_open
1876,evt_00019837,2026-07-08,website_visit
1876,evt_00019840,2026-07-11,email_open
1876,evt_00019833,2026-07-12,demo_request
1876,evt_00019834,2026-07-15,email_open
1876,evt_00019832,2026-07-18,email_click
1876,evt_00019831,2026-07-21,email_open
1876,evt_00019839,2026-07-22,email_open
1876,evt_00019841,2026-07-22,website_visit
1876,evt_00019828,2026-07-23,demo_request
1876,evt_00019843,2026-07-23,email_open
1876,evt_00019835,2026-08-01,form_fill
1876,evt_00019842,2026-08-01,form_fill
1876,evt_00019836,2026-08-07,email_click
1877,evt_00019844,2026-08-08,email_open
1877,evt_00019845,2026-08-08,website_visit
1877,evt_00019846,2026-08-08,email_open
1877,evt_00019847,2026-08-08,form_fill
1877,evt_00019848,2026-08-08,website_visit
1878,evt_00019861,2026-04-25,email_click
1878,evt_00019862,2026-05-03,email_open
1878,evt_00019852,2026-05-17,email_click
1878,evt_00019853,2026-05-24,website_visit
1878,evt_00019856,2026-05-27,email_open
1878,evt_00019858,2026-05-31,website_visit
1878,evt_00019857,2026-06-09,email_open
1878,evt_00019851,2026-06-19,email_open
1878,evt_00019849,2026-06-21,email_open
1878,evt_00019860,2026-06-21,email_open
1878,evt_00019850,2026-06-24,website_visit
1878,evt_00019854,2026-07-05,website_visit
1878,evt_00019859,2026-07-12,email_click
1878,evt_00019863,2026-07-21,email_click
1878,evt_00019855,2026-07-27,email_click
1879,evt_00019865,2026-04-13,website_visit
1879,evt_00019864,2026-05-14,email_open
1880,evt_00019870,2026-04-19,email_click
1880,evt_00019866,2026-04-30,website_visit
1880,evt_00019867,2026-05-02,form_fill
1880,evt_00019869,2026-05-12,email_click
1880,evt_00019874,2026-05-12,email_open
1880,evt_00019871,2026-05-28,demo_request
1880,evt_00019868,2026-06-20,email_open
1880,evt_00019873,2026-07-06,email_open
1880,evt_00019872,2026-07-18,email_click
1881,evt_00019876,2026-06-16,email_click
1881,evt_00019877,2026-06-25,email_click
1881,evt_00019875,2026-07-15,email_open
1882,evt_00019879,2026-03-24,email_click
1882,evt_00019878,2026-08-03,form_fill
1883,evt_00019896,2026-05-03,email_click
1883,evt_00019899,2026-05-08,email_open
1883,evt_00019891,2026-05-14,website_visit
1883,evt_00019886,2026-05-15,email_open
1883,evt_00019888,2026-05-16,email_open
1883,evt_00019889,2026-05-17,website_visit
1883,evt_00019887,2026-05-30,email_open
1883,evt_00019895,2026-06-09,website_visit
1883,evt_00019893,2026-06-20,email_open
1883,evt_00019894,2026-06-22,email_open
1883,evt_00019900,2026-06-27,email_open
1883,evt_00019883,2026-07-05,email_open
1883,evt_00019885,2026-07-09,email_open
1883,evt_00019892,2026-07-10,email_open
1883,evt_00019881,2026-07-13,email_open
1883,evt_00019898,2026-07-17,email_click
1883,evt_00019897,2026-07-20,email_open
1883,evt_00019882,2026-07-22,email_click
1883,evt_00019890,2026-07-26,demo_request
1883,evt_00019884,2026-08-03,form_fill
1883,evt_00019880,2026-08-07,email_open
1884,evt_00019903,2026-06-09,email_open
1884,evt_00019902,2026-07-03,email_open
1884,evt_00019901,2026-07-20,form_fill
1884,evt_00019904,2026-08-01,email_open
1885,evt_00019905,2026-06-18,email_open
1885,evt_00019906,2026-07-24,email_open
1886,evt_00019912,2026-05-08,form_fill
1886,evt_00019911,2026-06-11,email_open
1886,evt_00019910,2026-06-14,email_open
1886,evt_00019908,2026-06-19,email_open
1886,evt_00019907,2026-07-25,website_visit
1886,evt_00019909,2026-07-26,email_click
1887,evt_00019938,2026-06-21,email_click
1887,evt_00019920,2026-06-22,email_click
1887,evt_00019922,2026-06-25,website_visit
1887,evt_00019940,2026-06-26,email_open
1887,evt_00019926,2026-06-28,email_click
1887,evt_00019942,2026-06-28,email_open
1887,evt_00019941,2026-06-30,email_open
1887,evt_00019931,2026-07-01,website_visit
1887,evt_00019944,2026-07-02,website_visit
1887,evt_00019929,2026-07-03,website_visit
1887,evt_00019933,2026-07-03,email_open
1887,evt_00019934,2026-07-05,email_open
1887,evt_00019930,2026-07-07,email_click
1887,evt_00019914,2026-07-08,form_fill
1887,evt_00019927,2026-07-08,email_click
1887,evt_00019917,2026-07-12,email_click
1887,evt_00019936,2026-07-13,website_visit
1887,evt_00019946,2026-07-13,email_click
1887,evt_00019945,2026-07-14,email_open
1887,evt_00019916,2026-07-17,website_visit
1887,evt_00019913,2026-07-18,email_click
1887,evt_00019921,2026-07-19,email_open
1887,evt_00019937,2026-07-19,email_open
1887,evt_00019915,2026-07-24,website_visit
1887,evt_00019923,2026-07-25,form_fill
1887,evt_00019925,2026-07-25,email_open
1887,evt_00019943,2026-07-25,email_open
1887,evt_00019939,2026-07-26,email_click
1887,evt_00019918,2026-07-28,email_click
1887,evt_00019928,2026-07-31,email_open
1887,evt_00019935,2026-07-31,website_visit
1887,evt_00019919,2026-08-03,demo_request
1887,evt_00019924,2026-08-05,email_click
1887,evt_00019932,2026-08-05,email_open
1888,evt_00019947,2026-06-29,email_open
1888,evt_00019950,2026-07-06,email_open
1888,evt_00019949,2026-07-09,email_click
1888,evt_00019948,2026-08-08,email_open
1889,evt_00019952,2026-03-18,demo_request
1889,evt_00019953,2026-07-09,email_open
1889,evt_00019951,2026-07-28,form_fill
1890,evt_00019955,2026-04-16,email_open
1890,evt_00019958,2026-05-14,demo_request
1890,evt_00019959,2026-05-29,email_open
1890,evt_00019957,2026-06-10,email_open
1890,evt_00019954,2026-06-24,demo_request
1890,evt_00019956,2026-07-07,email_open
1891,evt_00019973,2026-05-20,email_click
1891,evt_00019979,2026-05-22,email_open
1891,evt_00019971,2026-05-23,email_open
1891,evt_00019964,2026-05-24,website_visit
1891,evt_00019975,2026-06-07,demo_request
1891,evt_00019968,2026-06-12,website_visit
1891,evt_00019969,2026-06-12,email_open
1891,evt_00019962,2026-06-14,website_visit
1891,evt_00019966,2026-06-17,email_open
1891,evt_00019970,2026-06-30,website_visit
1891,evt_00019976,2026-06-30,email_click
1891,evt_00019961,2026-07-08,website_visit
1891,evt_00019972,2026-07-09,email_click
1891,evt_00019978,2026-07-10,website_visit
1891,evt_00019963,2026-07-16,email_click
1891,evt_00019967,2026-07-24,website_visit
1891,evt_00019965,2026-07-27,email_click
1891,evt_00019980,2026-07-30,email_open
1891,evt_00019974,2026-08-02,email_open
1891,evt_00019977,2026-08-06,email_click
1891,evt_00019960,2026-08-07,email_open
1892,evt_00019984,2026-06-03,email_open
1892,evt_00019981,2026-06-20,website_visit
1892,evt_00019982,2026-07-04,form_fill
1892,evt_00019983,2026-07-12,form_fill
1892,evt_00019985,2026-07-24,form_fill
1893,evt_00019990,2026-06-02,email_open
1893,evt_00019989,2026-06-04,email_open
1893,evt_00019987,2026-06-18,demo_request
1893,evt_00019992,2026-07-15,website_visit
1893,evt_00019988,2026-07-20,email_open
1893,evt_00019986,2026-08-04,form_fill
1893,evt_00019991,2026-08-06,email_open
1894,evt_00019996,2026-07-17,email_open
1894,evt_00019995,2026-07-20,email_open
1894,evt_00019997,2026-07-26,email_open
1894,evt_00019993,2026-07-31,email_open
1894,evt_00019994,2026-08-05,demo_request
1895,evt_00020002,2026-05-20,email_open
1895,evt_00020001,2026-06-06,website_visit
1895,evt_00019999,2026-06-10,email_open
1895,evt_00020000,2026-06-13,email_open
1895,evt_00019998,2026-06-15,email_open
1895,evt_00020003,2026-07-23,email_open
1896,evt_00020019,2026-02-28,email_click
1896,evt_00020007,2026-03-11,email_open
1896,evt_00020013,2026-03-25,website_visit
1896,evt_00020018,2026-04-19,email_open
1896,evt_00020006,2026-05-15,email_open
1896,evt_00020008,2026-05-18,website_visit
1896,evt_00020005,2026-05-22,email_click
1896,evt_00020020,2026-06-12,form_fill
1896,evt_00020016,2026-06-15,email_open
1896,evt_00020009,2026-06-16,form_fill
1896,evt_00020012,2026-06-21,website_visit
1896,evt_00020014,2026-06-24,email_open
1896,evt_00020015,2026-06-26,website_visit
1896,evt_00020017,2026-06-27,email_click
1896,evt_00020004,2026-07-09,email_open
1896,evt_00020011,2026-07-31,email_click
1896,evt_00020010,2026-08-01,email_click
1897,evt_00020022,2026-07-14,email_open
1897,evt_00020025,2026-07-15,email_click
1897,evt_00020023,2026-07-18,email_open
1897,evt_00020026,2026-07-27,email_open
1897,evt_00020024,2026-07-31,email_open
1897,evt_00020021,2026-08-08,email_open
1898,evt_00020033,2026-06-26,email_click
1898,evt_00020030,2026-06-29,email_open
1898,evt_00020028,2026-07-04,form_fill
1898,evt_00020029,2026-07-04,email_open
1898,evt_00020034,2026-07-08,form_fill
1898,evt_00020032,2026-07-10,website_visit
1898,evt_00020031,2026-07-19,website_visit
1898,evt_00020027,2026-07-25,website_visit
1898,evt_00020035,2026-07-28,email_open
1899,evt_00020036,2026-06-05,email_open
1899,evt_00020037,2026-07-12,website_visit
1900,evt_00020040,2026-06-03,website_visit
1900,evt_00020042,2026-06-04,email_click
1900,evt_00020043,2026-06-15,website_visit
1900,evt_00020039,2026-06-28,email_open
1900,evt_00020038,2026-07-05,website_visit
1900,evt_00020041,2026-08-04,email_open
1901,evt_00020046,2026-07-11,demo_request
1901,evt_00020047,2026-07-22,email_open
1901,evt_00020044,2026-08-05,email_open
1901,evt_00020045,2026-08-05,website_visit
1902,evt_00020048,2026-06-16,form_fill
1902,evt_00020049,2026-08-04,email_click
1903,evt_00020054,2026-05-05,email_click
1903,evt_00020057,2026-05-05,email_open
1903,evt_00020055,2026-05-09,email_click
1903,evt_00020050,2026-05-12,website_visit
1903,evt_00020053,2026-05-13,email_open
1903,evt_00020060,2026-06-01,website_visit
1903,evt_00020056,2026-06-05,email_open
1903,evt_00020051,2026-06-08,website_visit
1903,evt_00020059,2026-06-10,website_visit
1903,evt_00020058,2026-06-14,website_visit
1903,evt_00020052,2026-07-02,email_open
1904,evt_00020085,2026-05-30,website_visit
1904,evt_00020093,2026-06-01,website_visit
1904,evt_00020094,2026-06-03,website_visit
1904,evt_00020089,2026-06-05,email_open
1904,evt_00020061,2026-06-10,email_click
1904,evt_00020078,2026-06-10,email_click
1904,evt_00020064,2026-06-18,website_visit
1904,evt_00020065,2026-06-18,email_click
1904,evt_00020072,2026-06-20,email_click
1904,evt_00020066,2026-06-23,email_open
1904,evt_00020069,2026-06-24,email_open
1904,evt_00020074,2026-06-27,email_open
1904,evt_00020070,2026-06-29,email_click
1904,evt_00020086,2026-07-02,form_fill
1904,evt_00020076,2026-07-03,email_click
1904,evt_00020095,2026-07-03,email_open
1904,evt_00020073,2026-07-05,website_visit
1904,evt_00020062,2026-07-06,email_open
1904,evt_00020088,2026-07-09,email_click
1904,evt_00020079,2026-07-14,email_open
1904,evt_00020063,2026-07-15,email_open
1904,evt_00020080,2026-07-15,website_visit
1904,evt_00020083,2026-07-17,form_fill
1904,evt_00020068,2026-07-23,website_visit
1904,evt_00020084,2026-07-23,email_open
1904,evt_00020071,2026-07-24,email_open
1904,evt_00020090,2026-07-25,website_visit
1904,evt_00020091,2026-07-26,email_click
1904,evt_00020077,2026-07-27,website_visit
1904,evt_00020082,2026-07-27,email_open
1904,evt_00020087,2026-07-31,email_open
1904,evt_00020092,2026-08-04,form_fill
1904,evt_00020067,2026-08-06,website_visit
1904,evt_00020075,2026-08-07,email_open
1904,evt_00020081,2026-08-08,email_click
1906,evt_00020107,2026-04-26,email_open
1906,evt_00020106,2026-04-29,email_open
1906,evt_00020110,2026-04-30,email_open
1906,evt_00020109,2026-05-01,email_open
1906,evt_00020111,2026-05-03,email_open
1906,evt_00020113,2026-05-03,email_open
1906,evt_00020112,2026-05-07,email_open
1906,evt_00020102,2026-05-08,email_open
1906,evt_00020100,2026-05-12,website_visit
1906,evt_00020104,2026-05-22,email_click
1906,evt_00020096,2026-05-28,email_click
1906,evt_00020114,2026-06-13,email_click
1906,evt_00020105,2026-06-20,email_open
1906,evt_00020115,2026-06-24,form_fill
1906,evt_00020103,2026-06-27,email_open
1906,evt_00020116,2026-07-02,email_open
1906,evt_00020099,2026-07-12,form_fill
1906,evt_00020108,2026-07-13,email_open
1906,evt_00020097,2026-07-15,email_open
1906,evt_00020098,2026-07-23,email_open
1906,evt_00020101,2026-08-01,form_fill
1907,evt_00020119,2026-07-19,email_open
1907,evt_00020118,2026-07-21,website_visit
1907,evt_00020121,2026-07-22,email_open
1907,evt_00020123,2026-07-25,website_visit
1907,evt_00020122,2026-07-30,form_fill
1907,evt_00020124,2026-07-30,email_open
1907,evt_00020120,2026-07-31,form_fill
1907,evt_00020117,2026-08-04,email_click
1908,evt_00020128,2026-05-20,email_click
1908,evt_00020127,2026-07-25,email_open
1908,evt_00020125,2026-07-27,email_open
1908,evt_00020126,2026-08-05,form_fill
1909,evt_00020133,2026-04-14,email_click
1909,evt_00020130,2026-04-19,email_open
1909,evt_00020131,2026-05-07,email_open
1909,evt_00020134,2026-05-28,email_open
1909,evt_00020129,2026-06-14,website_visit
1909,evt_00020132,2026-07-14,website_visit
1910,evt_00020136,2026-06-23,website_visit
1910,evt_00020137,2026-07-22,form_fill
1910,evt_00020138,2026-07-29,website_visit
1910,evt_00020135,2026-08-02,email_open
1911,evt_00020141,2026-05-19,website_visit
1911,evt_00020140,2026-07-11,website_visit
1911,evt_00020139,2026-07-30,website_visit
1912,evt_00020150,2026-07-01,email_open
1912,evt_00020156,2026-07-04,email_click
1912,evt_00020158,2026-07-09,website_visit
1912,evt_00020163,2026-07-09,website_visit
1912,evt_00020148,2026-07-13,form_fill
1912,evt_00020149,2026-07-14,email_open
1912,evt_00020164,2026-07-14,email_open
1912,evt_00020155,2026-07-17,email_click
1912,evt_00020142,2026-07-20,email_click
1912,evt_00020154,2026-07-20,email_open
1912,evt_00020157,2026-07-20,email_open
1912,evt_00020159,2026-07-20,email_open
1912,evt_00020147,2026-07-22,website_visit
1912,evt_00020144,2026-07-23,website_visit
1912,evt_00020161,2026-07-23,email_open
1912,evt_00020143,2026-07-24,website_visit
1912,evt_00020165,2026-07-27,email_click
1912,evt_00020162,2026-07-30,email_open
1912,evt_00020145,2026-07-31,email_open
1912,evt_00020153,2026-08-01,website_visit
1912,evt_00020160,2026-08-01,website_visit
1912,evt_00020151,2026-08-02,form_fill
1912,evt_00020152,2026-08-07,email_click
1912,evt_00020146,2026-08-08,website_visit
1913,evt_00020168,2026-03-31,email_click
1913,evt_00020169,2026-04-10,website_visit
1913,evt_00020170,2026-04-30,email_open
1913,evt_00020166,2026-06-07,email_click
1913,evt_00020167,2026-06-24,email_open
1913,evt_00020172,2026-07-02,form_fill
1913,evt_00020171,2026-07-09,email_open
1914,evt_00020185,2026-06-02,demo_request
1914,evt_00020183,2026-06-06,email_click
1914,evt_00020182,2026-06-14,email_open
1914,evt_00020174,2026-06-18,email_open
1914,evt_00020173,2026-06-21,website_visit
1914,evt_00020175,2026-06-30,email_click
1914,evt_00020176,2026-07-01,website_visit
1914,evt_00020178,2026-07-04,email_click
1914,evt_00020177,2026-07-10,email_click
1914,evt_00020179,2026-07-17,email_click
1914,evt_00020181,2026-07-27,email_open
1914,evt_00020184,2026-07-28,website_visit
1914,evt_00020180,2026-07-30,email_open
1915,evt_00020186,2026-06-23,email_open
1915,evt_00020187,2026-07-09,email_open
1915,evt_00020188,2026-07-30,website_visit
1916,evt_00020201,2026-04-22,email_open
1916,evt_00020202,2026-04-23,email_click
1916,evt_00020200,2026-04-28,website_visit
1916,evt_00020208,2026-05-09,email_open
1916,evt_00020196,2026-05-12,email_open
1916,evt_00020195,2026-05-21,email_click
1916,evt_00020191,2026-05-24,email_open
1916,evt_00020204,2026-05-26,email_open
1916,evt_00020193,2026-06-05,email_open
1916,evt_00020197,2026-06-09,email_open
1916,evt_00020203,2026-06-10,email_click
1916,evt_00020189,2026-06-11,email_click
1916,evt_00020192,2026-06-14,website_visit
1916,evt_00020194,2026-06-17,demo_request
1916,evt_00020198,2026-06-17,form_fill
1916,evt_00020206,2026-07-04,email_open
1916,evt_00020199,2026-07-20,website_visit
1916,evt_00020207,2026-07-27,form_fill
1916,evt_00020205,2026-07-30,form_fill
1916,evt_00020190,2026-08-05,form_fill
1917,evt_00020209,2026-07-25,email_click
1917,evt_00020210,2026-07-29,email_open
1917,evt_00020211,2026-08-01,demo_request
1918,evt_00020215,2026-07-09,form_fill
1918,evt_00020213,2026-07-10,email_open
1918,evt_00020212,2026-07-15,email_click
1918,evt_00020218,2026-07-23,email_open
1918,evt_00020214,2026-07-25,website_visit
1918,evt_00020217,2026-08-02,form_fill
1918,evt_00020216,2026-08-05,email_click
1919,evt_00020222,2026-06-03,website_visit
1919,evt_00020221,2026-06-08,demo_request
1919,evt_00020220,2026-06-26,email_open
1919,evt_00020219,2026-07-02,email_open
1920,evt_00020232,2026-06-11,email_click
1920,evt_00020235,2026-06-21,email_open
1920,evt_00020233,2026-06-24,email_click
1920,evt_00020224,2026-06-25,email_click
1920,evt_00020226,2026-06-27,website_visit
1920,evt_00020238,2026-06-27,website_visit
1920,evt_00020236,2026-07-01,website_visit
1920,evt_00020240,2026-07-13,email_open
1920,evt_00020229,2026-07-15,email_click
1920,evt_00020239,2026-07-17,email_click
1920,evt_00020228,2026-07-18,website_visit
1920,evt_00020237,2026-07-19,email_click
1920,evt_00020230,2026-07-20,website_visit
1920,evt_00020231,2026-07-22,email_click
1920,evt_00020223,2026-07-27,email_open
1920,evt_00020227,2026-07-29,website_visit
1920,evt_00020234,2026-08-01,email_open
1920,evt_00020225,2026-08-05,form_fill
1921,evt_00020241,2026-04-05,website_visit
1921,evt_00020242,2026-05-04,email_open
1921,evt_00020244,2026-05-20,email_click
1921,evt_00020248,2026-06-01,email_click
1921,evt_00020243,2026-06-03,email_click
1921,evt_00020247,2026-06-12,website_visit
1921,evt_00020245,2026-06-13,email_open
1921,evt_00020246,2026-08-06,email_open
1922,evt_00020250,2026-06-07,email_open
1922,evt_00020251,2026-06-07,email_open
1922,evt_00020249,2026-07-28,email_open
1923,evt_00020252,2026-05-17,email_open
1923,evt_00020253,2026-07-24,form_fill
1924,evt_00020257,2026-03-23,email_open
1924,evt_00020256,2026-03-31,email_open
1924,evt_00020255,2026-05-21,email_open
1924,evt_00020254,2026-06-14,email_open
1924,evt_00020258,2026-06-28,email_click
1925,evt_00020265,2026-05-29,email_open
1925,evt_00020263,2026-06-02,email_open
1925,evt_00020266,2026-06-05,form_fill
1925,evt_00020259,2026-06-09,website_visit
1925,evt_00020262,2026-06-23,email_click
1925,evt_00020261,2026-07-04,email_open
1925,evt_00020264,2026-07-10,email_open
1925,evt_00020260,2026-07-29,form_fill
1926,evt_00020269,2026-04-14,email_click
1926,evt_00020271,2026-05-22,website_visit
1926,evt_00020272,2026-06-06,email_open
1926,evt_00020267,2026-06-11,form_fill
1926,evt_00020268,2026-07-10,email_open
1926,evt_00020273,2026-07-29,email_click
1926,evt_00020270,2026-08-03,email_open
1927,evt_00020274,2026-06-06,form_fill
1927,evt_00020275,2026-06-12,email_open
1927,evt_00020280,2026-06-30,form_fill
1927,evt_00020279,2026-07-02,email_click
1927,evt_00020276,2026-07-05,email_open
1927,evt_00020277,2026-07-17,website_visit
1927,evt_00020278,2026-08-02,website_visit
1928,evt_00020285,2026-08-03,email_open
1928,evt_00020288,2026-08-03,email_open
1928,evt_00020282,2026-08-04,email_open
1928,evt_00020284,2026-08-05,email_open
1928,evt_00020281,2026-08-07,email_open
1928,evt_00020286,2026-08-07,website_visit
1928,evt_00020287,2026-08-07,email_open
1928,evt_00020283,2026-08-08,website_visit
1929,evt_00020292,2026-03-29,email_open
1929,evt_00020294,2026-04-12,email_open
1929,evt_00020291,2026-05-19,email_open
1929,evt_00020293,2026-05-28,demo_request
1929,evt_00020289,2026-06-26,email_open
1929,evt_00020290,2026-07-13,website_visit
1930,evt_00020308,2026-05-31,email_open
1930,evt_00020298,2026-06-02,email_open
1930,evt_00020300,2026-06-04,email_open
1930,evt_00020296,2026-06-06,email_open
1930,evt_00020307,2026-06-20,website_visit
1930,evt_00020310,2026-06-20,email_open
1930,evt_00020311,2026-06-21,email_open
1930,evt_00020297,2026-06-25,demo_request
1930,evt_00020299,2026-06-29,email_click
1930,evt_00020295,2026-07-03,email_open
1930,evt_00020302,2026-07-03,email_open
1930,evt_00020304,2026-07-03,website_visit
1930,evt_00020303,2026-07-14,email_open
1930,evt_00020306,2026-07-16,email_click
1930,evt_00020301,2026-07-23,email_open
1930,evt_00020312,2026-07-30,website_visit
1930,evt_00020305,2026-07-31,website_visit
1930,evt_00020309,2026-08-01,website_visit
1931,evt_00020316,2026-06-16,email_click
1931,evt_00020315,2026-06-22,email_open
1931,evt_00020313,2026-06-26,website_visit
1931,evt_00020314,2026-08-04,email_open
1932,evt_00020318,2026-05-26,email_open
1932,evt_00020317,2026-06-28,email_open
1932,evt_00020319,2026-07-05,email_open
1932,evt_00020321,2026-07-12,email_open
1932,evt_00020323,2026-07-19,email_click
1932,evt_00020322,2026-07-20,email_open
1932,evt_00020320,2026-08-03,email_click
1933,evt_00020343,2026-03-10,email_open
1933,evt_00020340,2026-03-14,email_open
1933,evt_00020338,2026-03-15,email_open
1933,evt_00020327,2026-03-19,email_open
1933,evt_00020332,2026-03-30,email_open
1933,evt_00020325,2026-04-06,email_open
1933,evt_00020328,2026-04-10,website_visit
1933,evt_00020347,2026-04-18,website_visit
1933,evt_00020346,2026-04-24,email_open
1933,evt_00020334,2026-04-26,email_click
1933,evt_00020344,2026-05-07,email_click
1933,evt_00020333,2026-05-08,form_fill
1933,evt_00020350,2026-05-09,email_open
1933,evt_00020336,2026-05-10,form_fill
1933,evt_00020341,2026-05-12,email_open
1933,evt_00020349,2026-05-21,form_fill
1933,evt_00020339,2026-06-02,email_open
1933,evt_00020330,2026-06-03,email_open
1933,evt_00020331,2026-06-08,form_fill
1933,evt_00020345,2026-06-11,email_open
1933,evt_00020342,2026-06-14,website_visit
1933,evt_00020326,2026-06-16,email_open
1933,evt_00020329,2026-06-30,email_open
1933,evt_00020335,2026-07-07,email_open
1933,evt_00020348,2026-07-17,email_open
1933,evt_00020351,2026-07-19,website_visit
1933,evt_00020337,2026-07-22,email_open
1933,evt_00020324,2026-08-06,website_visit
1934,evt_00020365,2026-05-29,form_fill
1934,evt_00020353,2026-05-30,email_open
1934,evt_00020355,2026-06-04,email_open
1934,evt_00020356,2026-06-04,website_visit
1934,evt_00020352,2026-06-07,email_click
1934,evt_00020360,2026-06-08,website_visit
1934,evt_00020370,2026-06-09,form_fill
1934,evt_00020354,2026-06-11,email_open
1934,evt_00020364,2026-06-26,website_visit
1934,evt_00020366,2026-07-06,website_visit
1934,evt_00020357,2026-07-09,email_click
1934,evt_00020362,2026-07-11,email_open
1934,evt_00020358,2026-07-13,website_visit
1934,evt_00020363,2026-07-13,email_open
1934,evt_00020367,2026-07-19,email_click
1934,evt_00020371,2026-07-22,email_click
1934,evt_00020361,2026-08-01,email_click
1934,evt_00020368,2026-08-01,website_visit
1934,evt_00020369,2026-08-01,email_open
1934,evt_00020359,2026-08-02,email_open
1935,evt_00020372,2026-07-05,email_open
1935,evt_00020380,2026-07-06,form_fill
1935,evt_00020384,2026-07-06,email_open
1935,evt_00020374,2026-07-10,website_visit
1935,evt_00020375,2026-07-13,email_open
1935,evt_00020379,2026-07-16,website_visit
1935,evt_00020378,2026-07-26,website_visit
1935,evt_00020377,2026-07-29,form_fill
1935,evt_00020382,2026-08-01,website_visit
1935,evt_00020383,2026-08-01,email_click
1935,evt_00020385,2026-08-02,email_open
1935,evt_00020376,2026-08-04,website_visit
1935,evt_00020373,2026-08-07,email_open
1935,evt_00020381,2026-08-07,form_fill
1935,evt_00020386,2026-08-08,email_open
1936,evt_00020388,2026-05-10,email_open
1936,evt_00020392,2026-05-20,email_open
1936,evt_00020391,2026-06-20,email_click
1936,evt_00020389,2026-07-06,form_fill
1936,evt_00020390,2026-07-06,email_open
1936,evt_00020387,2026-07-21,form_fill
1937,evt_00020397,2026-06-10,email_click
1937,evt_00020395,2026-06-12,website_visit
1937,evt_00020396,2026-07-04,email_open
1937,evt_00020393,2026-07-29,form_fill
1937,evt_00020394,2026-07-30,email_open
1938,evt_00020399,2026-06-15,form_fill
1938,evt_00020403,2026-06-21,email_open
1938,evt_00020406,2026-06-27,email_open
1938,evt_00020407,2026-07-03,email_open
1938,evt_00020398,2026-07-06,email_open
1938,evt_00020402,2026-07-17,website_visit
1938,evt_00020405,2026-07-27,website_visit
1938,evt_00020401,2026-07-29,website_visit
1938,evt_00020400,2026-08-04,email_open
1938,evt_00020404,2026-08-07,website_visit
1939,evt_00020411,2026-05-22,website_visit
1939,evt_00020419,2026-05-23,email_click
1939,evt_00020412,2026-05-24,website_visit
1939,evt_00020409,2026-05-27,email_open
1939,evt_00020410,2026-05-30,email_open
1939,evt_00020426,2026-06-04,email_open
1939,evt_00020416,2026-06-10,email_open
1939,evt_00020425,2026-06-11,email_click
1939,evt_00020423,2026-06-15,email_open
1939,evt_00020414,2026-06-19,form_fill
1939,evt_00020413,2026-06-23,website_visit
1939,evt_00020420,2026-06-23,email_open
1939,evt_00020421,2026-06-27,website_visit
1939,evt_00020408,2026-07-01,website_visit
1939,evt_00020422,2026-07-01,email_open
1939,evt_00020424,2026-07-01,email_click
1939,evt_00020417,2026-07-04,email_open
1939,evt_00020418,2026-07-12,email_open
1939,evt_00020415,2026-07-18,website_visit
1940,evt_00020428,2026-08-05,email_click
1940,evt_00020434,2026-08-05,email_open
1940,evt_00020438,2026-08-05,email_click
1940,evt_00020443,2026-08-05,website_visit
1940,evt_00020433,2026-08-06,email_open
1940,evt_00020437,2026-08-06,email_click
1940,evt_00020429,2026-08-07,email_open
1940,evt_00020431,2026-08-07,email_open
1940,evt_00020432,2026-08-07,website_visit
1940,evt_00020435,2026-08-07,email_open
1940,evt_00020436,2026-08-07,form_fill
1940,evt_00020440,2026-08-07,email_click
1940,evt_00020427,2026-08-08,form_fill
1940,evt_00020430,2026-08-08,email_click
1940,evt_00020439,2026-08-08,email_open
1940,evt_00020441,2026-08-08,email_click
1940,evt_00020442,2026-08-08,email_open
1941,evt_00020444,2026-03-24,website_visit
1941,evt_00020448,2026-04-05,form_fill
1941,evt_00020450,2026-04-17,email_open
1941,evt_00020446,2026-05-27,demo_request
1941,evt_00020449,2026-07-04,website_visit
1941,evt_00020445,2026-08-06,email_open
1941,evt_00020447,2026-08-08,email_open
1942,evt_00020453,2026-07-07,website_visit
1942,evt_00020451,2026-07-14,email_open
1942,evt_00020452,2026-08-07,website_visit
1943,evt_00020465,2026-05-24,email_open
1943,evt_00020458,2026-05-29,email_open
1943,evt_00020456,2026-06-14,email_open
1943,evt_00020462,2026-06-16,email_open
1943,evt_00020459,2026-06-24,email_open
1943,evt_00020455,2026-06-29,email_click
1943,evt_00020457,2026-07-03,website_visit
1943,evt_00020466,2026-07-03,website_visit
1943,evt_00020460,2026-07-08,website_visit
1943,evt_00020464,2026-07-11,email_click
1943,evt_00020463,2026-08-01,email_open
1943,evt_00020461,2026-08-02,email_click
1943,evt_00020454,2026-08-07,email_click
1944,evt_00020468,2026-06-23,email_click
1944,evt_00020471,2026-06-25,email_click
1944,evt_00020467,2026-07-09,email_open
1944,evt_00020472,2026-07-22,email_click
1944,evt_00020473,2026-07-26,website_visit
1944,evt_00020470,2026-07-27,email_click
1944,evt_00020469,2026-07-29,demo_request
1945,evt_00020476,2026-04-04,website_visit
1945,evt_00020478,2026-04-07,form_fill
1945,evt_00020474,2026-04-27,email_click
1945,evt_00020479,2026-05-30,email_open
1945,evt_00020477,2026-06-26,website_visit
1945,evt_00020475,2026-07-21,email_open
1946,evt_00020482,2026-04-05,website_visit
1946,evt_00020485,2026-04-07,email_click
1946,evt_00020484,2026-04-10,email_open
1946,evt_00020481,2026-05-21,email_click
1946,evt_00020483,2026-06-10,website_visit
1946,evt_00020486,2026-06-15,email_open
1946,evt_00020480,2026-06-29,demo_request
1946,evt_00020487,2026-07-28,email_click
1947,evt_00020488,2026-03-05,email_open
1947,evt_00020491,2026-04-13,website_visit
1947,evt_00020489,2026-06-08,demo_request
1947,evt_00020490,2026-07-11,website_visit
1947,evt_00020492,2026-08-07,email_click
1948,evt_00020494,2026-05-30,form_fill
1948,evt_00020496,2026-06-01,email_open
1948,evt_00020495,2026-06-12,website_visit
1948,evt_00020493,2026-07-01,website_visit
1948,evt_00020498,2026-07-05,email_click
1948,evt_00020497,2026-08-08,website_visit
1949,evt_00020503,2026-07-28,email_open
1949,evt_00020509,2026-07-29,website_visit
1949,evt_00020504,2026-07-30,email_click
1949,evt_00020513,2026-07-30,email_open
1949,evt_00020502,2026-07-31,form_fill
1949,evt_00020512,2026-07-31,email_open
1949,evt_00020505,2026-08-02,website_visit
1949,evt_00020507,2026-08-02,form_fill
1949,evt_00020508,2026-08-02,email_open
1949,evt_00020511,2026-08-02,email_click
1949,evt_00020514,2026-08-02,email_open
1949,evt_00020510,2026-08-03,email_open
1949,evt_00020506,2026-08-05,email_click
1949,evt_00020500,2026-08-06,email_open
1949,evt_00020499,2026-08-08,form_fill
1949,evt_00020501,2026-08-08,email_click
1950,evt_00020515,2026-07-19,email_open
1950,evt_00020516,2026-07-19,website_visit
1950,evt_00020535,2026-07-20,email_click
1950,evt_00020517,2026-07-21,email_open
1950,evt_00020524,2026-07-21,website_visit
1950,evt_00020525,2026-07-21,email_open
1950,evt_00020526,2026-07-21,website_visit
1950,evt_00020521,2026-07-23,email_click
1950,evt_00020522,2026-07-23,email_click
1950,evt_00020528,2026-07-23,email_open
1950,evt_00020523,2026-07-24,email_open
1950,evt_00020529,2026-07-24,email_click
1950,evt_00020527,2026-07-27,email_open
1950,evt_00020532,2026-07-28,website_visit
1950,evt_00020531,2026-08-01,website_visit
1950,evt_00020519,2026-08-03,website_visit
1950,evt_00020520,2026-08-05,email_open
1950,evt_00020530,2026-08-05,website_visit
1950,evt_00020518,2026-08-06,website_visit
1950,evt_00020534,2026-08-06,email_open
1950,evt_00020533,2026-08-07,website_visit
1951,evt_00020540,2026-06-22,email_open
1951,evt_00020541,2026-06-26,website_visit
1951,evt_00020543,2026-06-28,email_click
1951,evt_00020539,2026-07-01,email_open
1951,evt_00020538,2026-07-22,email_open
1951,evt_00020537,2026-07-27,email_click
1951,evt_00020542,2026-07-27,form_fill
1951,evt_00020536,2026-07-31,website_visit
1952,evt_00020547,2026-07-13,website_visit
1952,evt_00020544,2026-07-22,email_click
1952,evt_00020545,2026-07-25,email_click
1952,evt_00020546,2026-07-26,email_open
1952,evt_00020549,2026-07-26,email_open
1952,evt_00020548,2026-08-03,email_open
1952,evt_00020550,2026-08-05,email_click
1953,evt_00020552,2026-08-05,website_visit
1953,evt_00020551,2026-08-07,form_fill
1954,evt_00020558,2026-02-23,website_visit
1954,evt_00020561,2026-02-24,email_click
1954,evt_00020566,2026-03-30,email_click
1954,evt_00020569,2026-04-04,demo_request
1954,evt_00020564,2026-04-13,form_fill
1954,evt_00020553,2026-05-02,email_open
1954,evt_00020565,2026-05-10,email_open
1954,evt_00020560,2026-05-16,email_open
1954,evt_00020555,2026-05-28,form_fill
1954,evt_00020562,2026-06-15,email_open
1954,evt_00020556,2026-06-16,email_open
1954,evt_00020554,2026-06-23,email_open
1954,evt_00020559,2026-06-23,email_open
1954,evt_00020568,2026-06-28,email_open
1954,evt_00020563,2026-07-26,email_open
1954,evt_00020567,2026-07-26,email_open
1954,evt_00020557,2026-07-28,email_open
1955,evt_00020577,2026-03-20,email_open
1955,evt_00020571,2026-03-30,email_open
1955,evt_00020579,2026-05-01,email_click
1955,evt_00020581,2026-05-02,form_fill
1955,evt_00020580,2026-05-15,email_open
1955,evt_00020572,2026-05-22,email_open
1955,evt_00020576,2026-05-27,email_open
1955,evt_00020573,2026-06-08,email_open
1955,evt_00020570,2026-06-12,website_visit
1955,evt_00020574,2026-06-19,form_fill
1955,evt_00020578,2026-07-07,email_open
1955,evt_00020575,2026-07-09,email_open
1956,evt_00020584,2026-04-26,email_open
1956,evt_00020587,2026-05-09,email_open
1956,evt_00020586,2026-05-15,email_open
1956,evt_00020585,2026-05-24,demo_request
1956,evt_00020582,2026-07-16,email_click
1956,evt_00020588,2026-08-01,email_open
1956,evt_00020583,2026-08-05,email_open
1958,evt_00020594,2026-07-23,email_open
1958,evt_00020596,2026-07-23,email_click
1958,evt_00020598,2026-07-23,website_visit
1958,evt_00020603,2026-07-23,website_visit
1958,evt_00020591,2026-07-25,email_open
1958,evt_00020600,2026-07-25,email_open
1958,evt_00020599,2026-07-26,email_click
1958,evt_00020601,2026-07-26,email_open
1958,evt_00020602,2026-07-28,email_open
1958,evt_00020589,2026-08-01,email_open
1958,evt_00020597,2026-08-01,website_visit
1958,evt_00020593,2026-08-02,website_visit
1958,evt_00020590,2026-08-03,website_visit
1958,evt_00020595,2026-08-04,website_visit
1958,evt_00020592,2026-08-08,email_open
1959,evt_00020609,2026-05-11,website_visit
1959,evt_00020608,2026-05-12,website_visit
1959,evt_00020611,2026-05-14,email_open
1959,evt_00020605,2026-05-17,email_click
1959,evt_00020606,2026-05-18,email_open
1959,evt_00020614,2026-05-22,email_open
1959,evt_00020612,2026-05-27,email_click
1959,evt_00020607,2026-06-19,email_open
1959,evt_00020610,2026-06-19,form_fill
1959,evt_00020617,2026-06-22,website_visit
1959,evt_00020616,2026-07-06,email_open
1959,evt_00020618,2026-07-10,email_open
1959,evt_00020604,2026-07-31,email_click
1959,evt_00020615,2026-08-05,email_open
1959,evt_00020613,2026-08-08,website_visit
1960,evt_00020619,2026-08-05,website_visit
1960,evt_00020620,2026-08-06,email_open
1960,evt_00020623,2026-08-06,email_open
1960,evt_00020624,2026-08-06,email_open
1960,evt_00020625,2026-08-07,email_open
1960,evt_00020621,2026-08-08,email_click
1960,evt_00020622,2026-08-08,email_open
1961,evt_00020631,2026-04-30,email_open
1961,evt_00020630,2026-05-10,email_open
1961,evt_00020628,2026-05-30,email_open
1961,evt_00020627,2026-06-06,email_click
1961,evt_00020636,2026-06-07,email_open
1961,evt_00020635,2026-06-15,email_open
1961,evt_00020633,2026-06-16,email_open
1961,evt_00020626,2026-06-19,email_click
1961,evt_00020634,2026-07-15,website_visit
1961,evt_00020629,2026-07-25,website_visit
1961,evt_00020632,2026-08-08,email_open
1962,evt_00020637,2026-06-21,email_open
1962,evt_00020638,2026-07-06,website_visit
1962,evt_00020639,2026-07-15,email_open
1963,evt_00020640,2026-08-08,email_open
1963,evt_00020641,2026-08-08,website_visit
1963,evt_00020642,2026-08-08,email_open
1963,evt_00020643,2026-08-08,email_click
1963,evt_00020644,2026-08-08,email_open
1963,evt_00020645,2026-08-08,website_visit
1963,evt_00020646,2026-08-08,email_open
1963,evt_00020647,2026-08-08,email_click
1963,evt_00020648,2026-08-08,website_visit
1964,evt_00020649,2026-03-14,email_open
1964,evt_00020650,2026-03-28,website_visit
1964,evt_00020651,2026-04-19,website_visit
1964,evt_00020652,2026-04-23,email_open
1965,evt_00020676,2026-06-17,email_open
1965,evt_00020655,2026-06-20,website_visit
1965,evt_00020666,2026-06-20,email_click
1965,evt_00020677,2026-06-21,email_open
1965,evt_00020669,2026-06-23,website_visit
1965,evt_00020670,2026-06-25,form_fill
1965,evt_00020672,2026-06-25,email_open
1965,evt_00020661,2026-06-27,website_visit
1965,evt_00020675,2026-06-28,email_open
1965,evt_00020656,2026-06-29,website_visit
1965,evt_00020659,2026-07-03,email_open
1965,evt_00020673,2026-07-03,form_fill
1965,evt_00020654,2026-07-09,website_visit
1965,evt_00020657,2026-07-09,email_open
1965,evt_00020653,2026-07-10,email_click
1965,evt_00020674,2026-07-10,email_click
1965,evt_00020658,2026-07-21,email_open
1965,evt_00020667,2026-07-22,website_visit
1965,evt_00020660,2026-07-23,email_click
1965,evt_00020663,2026-07-25,website_visit
1965,evt_00020668,2026-07-25,email_click
1965,evt_00020662,2026-07-28,website_visit
1965,evt_00020664,2026-08-04,email_open
1965,evt_00020665,2026-08-07,email_click
1965,evt_00020671,2026-08-08,email_open
1966,evt_00020678,2026-05-04,email_open
1966,evt_00020680,2026-05-10,email_open
1966,evt_00020679,2026-05-12,email_open
1966,evt_00020681,2026-05-19,email_open
1966,evt_00020682,2026-05-20,email_open
1966,evt_00020683,2026-05-27,email_open
1966,evt_00020684,2026-06-10,website_visit
1967,evt_00020689,2026-04-10,email_open
1967,evt_00020688,2026-05-16,form_fill
1967,evt_00020686,2026-05-28,website_visit
1967,evt_00020691,2026-06-21,website_visit
1967,evt_00020687,2026-07-01,website_visit
1967,evt_00020685,2026-07-22,email_open
1967,evt_00020690,2026-08-08,email_open
1968,evt_00020692,2026-05-27,email_open
1968,evt_00020695,2026-07-02,email_open
1968,evt_00020696,2026-07-13,form_fill
1968,evt_00020693,2026-07-15,email_click
1968,evt_00020697,2026-07-19,email_open
1968,evt_00020694,2026-07-30,email_open
1969,evt_00020706,2026-07-16,email_click
1969,evt_00020698,2026-07-19,website_visit
1969,evt_00020701,2026-07-20,email_open
1969,evt_00020700,2026-07-23,website_visit
1969,evt_00020699,2026-07-25,email_open
1969,evt_00020705,2026-07-25,email_open
1969,evt_00020702,2026-08-02,email_open
1969,evt_00020703,2026-08-07,email_open
1969,evt_00020704,2026-08-08,website_visit
1970,evt_00020715,2026-04-23,email_open
1970,evt_00020713,2026-05-01,form_fill
1970,evt_00020711,2026-05-06,email_click
1970,evt_00020714,2026-05-09,email_click
1970,evt_00020708,2026-05-10,email_open
1970,evt_00020710,2026-05-20,email_click
1970,evt_00020712,2026-05-25,email_open
1970,evt_00020716,2026-06-30,email_open
1970,evt_00020707,2026-07-18,email_open
1970,evt_00020709,2026-07-29,website_visit
1971,evt_00020722,2026-03-24,email_click
1971,evt_00020718,2026-04-06,website_visit
1971,evt_00020719,2026-04-20,email_click
1971,evt_00020717,2026-04-25,email_click
1971,evt_00020723,2026-04-25,email_open
1971,evt_00020724,2026-05-12,email_open
1971,evt_00020721,2026-06-26,email_open
1971,evt_00020720,2026-07-14,email_open
1971,evt_00020725,2026-07-31,email_open
1972,evt_00020727,2026-07-24,website_visit
1972,evt_00020726,2026-07-27,email_click
1973,evt_00020728,2026-07-18,website_visit
1973,evt_00020729,2026-08-08,email_click
1974,evt_00020731,2026-05-18,website_visit
1974,evt_00020730,2026-07-03,website_visit
1975,evt_00020738,2026-07-09,form_fill
1975,evt_00020743,2026-07-15,email_click
1975,evt_00020739,2026-07-18,email_click
1975,evt_00020734,2026-07-22,email_open
1975,evt_00020736,2026-07-27,website_visit
1975,evt_00020741,2026-07-27,email_click
1975,evt_00020740,2026-07-29,email_open
1975,evt_00020732,2026-07-30,website_visit
1975,evt_00020742,2026-08-01,email_open
1975,evt_00020733,2026-08-03,email_open
1975,evt_00020737,2026-08-05,email_open
1975,evt_00020735,2026-08-08,email_open
1976,evt_00020746,2026-06-03,email_open
1976,evt_00020744,2026-06-21,email_click
1976,evt_00020745,2026-06-24,email_open
1976,evt_00020748,2026-06-26,email_open
1976,evt_00020749,2026-07-05,website_visit
1976,evt_00020752,2026-07-12,email_open
1976,evt_00020754,2026-07-19,form_fill
1976,evt_00020751,2026-07-20,email_open
1976,evt_00020753,2026-07-27,website_visit
1976,evt_00020755,2026-07-30,email_open
1976,evt_00020750,2026-07-31,website_visit
1976,evt_00020747,2026-08-02,email_open
1977,evt_00020763,2026-06-03,email_click
1977,evt_00020765,2026-06-17,website_visit
1977,evt_00020760,2026-06-29,email_click
1977,evt_00020761,2026-06-30,website_visit
1977,evt_00020757,2026-07-05,website_visit
1977,evt_00020756,2026-07-13,email_open
1977,evt_00020764,2026-07-17,website_visit
1977,evt_00020758,2026-07-19,email_open
1977,evt_00020759,2026-07-21,website_visit
1977,evt_00020762,2026-07-31,email_open
1978,evt_00020767,2026-04-12,email_click
1978,evt_00020766,2026-04-29,email_click
1978,evt_00020771,2026-05-08,email_open
1978,evt_00020768,2026-05-09,email_open
1978,evt_00020770,2026-07-01,email_open
1978,evt_00020769,2026-07-17,website_visit
1978,evt_00020773,2026-07-20,website_visit
1978,evt_00020772,2026-07-28,form_fill
1979,evt_00020783,2026-06-16,email_open
1979,evt_00020782,2026-06-23,email_open
1979,evt_00020786,2026-06-26,email_open
1979,evt_00020785,2026-06-28,email_open
1979,evt_00020781,2026-07-03,email_open
1979,evt_00020774,2026-07-06,email_open
1979,evt_00020775,2026-07-10,email_open
1979,evt_00020776,2026-07-16,email_open
1979,evt_00020777,2026-07-21,email_open
1979,evt_00020778,2026-07-21,email_click
1979,evt_00020779,2026-07-25,email_open
1979,evt_00020784,2026-08-01,website_visit
1979,evt_00020780,2026-08-03,email_open
1980,evt_00020788,2026-04-29,email_open
1980,evt_00020787,2026-05-03,email_open
1980,evt_00020789,2026-05-20,website_visit
1980,evt_00020798,2026-06-26,email_open
1980,evt_00020790,2026-07-04,email_click
1980,evt_00020795,2026-07-08,email_open
1980,evt_00020799,2026-07-10,website_visit
1980,evt_00020792,2026-07-12,website_visit
1980,evt_00020793,2026-07-14,email_open
1980,evt_00020791,2026-07-25,website_visit
1980,evt_00020797,2026-08-02,website_visit
1980,evt_00020794,2026-08-03,email_open
1980,evt_00020796,2026-08-03,email_open
1981,evt_00020811,2026-04-02,website_visit
1981,evt_00020808,2026-04-07,email_open
1981,evt_00020804,2026-04-13,email_open
1981,evt_00020810,2026-05-06,email_open
1981,evt_00020805,2026-05-21,email_open
1981,evt_00020806,2026-05-29,email_open
1981,evt_00020803,2026-06-06,email_open
1981,evt_00020800,2026-06-19,email_click
1981,evt_00020807,2026-07-11,website_visit
1981,evt_00020809,2026-07-13,email_open
1981,evt_00020802,2026-07-29,email_open
1981,evt_00020801,2026-08-01,form_fill
1982,evt_00020814,2026-03-13,email_open
1982,evt_00020816,2026-03-20,website_visit
1982,evt_00020819,2026-04-07,email_click
1982,evt_00020821,2026-05-03,email_click
1982,evt_00020818,2026-05-12,email_click
1982,evt_00020817,2026-05-22,website_visit
1982,evt_00020812,2026-06-17,email_open
1982,evt_00020820,2026-07-04,form_fill
1982,evt_00020813,2026-07-24,email_open
1982,evt_00020815,2026-07-24,website_visit
1983,evt_00020822,2026-06-30,email_open
1983,evt_00020824,2026-07-26,website_visit
1983,evt_00020825,2026-07-27,email_open
1983,evt_00020826,2026-07-29,email_open
1983,evt_00020823,2026-08-03,website_visit
1984,evt_00020827,2026-05-19,website_visit
1984,evt_00020828,2026-05-27,email_click
1984,evt_00020834,2026-05-27,email_open
1984,evt_00020832,2026-06-09,website_visit
1984,evt_00020833,2026-07-01,email_open
1984,evt_00020831,2026-07-19,email_open
1984,evt_00020830,2026-07-22,email_open
1984,evt_00020829,2026-08-07,email_click
1986,evt_00020837,2026-07-14,website_visit
1986,evt_00020835,2026-07-26,email_open
1986,evt_00020836,2026-08-05,email_open
1987,evt_00020842,2026-07-18,website_visit
1987,evt_00020845,2026-07-21,email_open
1987,evt_00020838,2026-07-22,email_open
1987,evt_00020846,2026-07-22,website_visit
1987,evt_00020844,2026-07-23,email_open
1987,evt_00020841,2026-07-24,form_fill
1987,evt_00020848,2026-07-24,website_visit
1987,evt_00020843,2026-07-29,email_open
1987,evt_00020839,2026-08-01,email_open
1987,evt_00020849,2026-08-06,email_open
1987,evt_00020840,2026-08-07,email_click
1987,evt_00020847,2026-08-07,website_visit
1988,evt_00020872,2026-02-26,email_click
1988,evt_00020892,2026-03-04,email_open
1988,evt_00020860,2026-03-08,email_open
1988,evt_00020868,2026-03-09,website_visit
1988,evt_00020878,2026-03-12,email_open
1988,evt_00020867,2026-03-21,email_click
1988,evt_00020859,2026-03-24,email_click
1988,evt_00020864,2026-03-31,email_click
1988,evt_00020874,2026-04-04,email_open
1988,evt_00020879,2026-04-04,email_open
1988,evt_00020883,2026-04-05,website_visit
1988,evt_00020880,2026-04-09,email_open
1988,evt_00020873,2026-04-10,email_open
1988,evt_00020854,2026-04-16,email_open
1988,evt_00020891,2026-04-18,website_visit
1988,evt_00020890,2026-04-27,website_visit
1988,evt_00020884,2026-05-01,email_open
1988,evt_00020871,2026-05-05,website_visit
1988,evt_00020882,2026-05-13,email_click
1988,evt_00020885,2026-05-14,demo_request
1988,evt_00020861,2026-05-16,email_open
1988,evt_00020850,2026-05-22,website_visit
1988,evt_00020853,2026-05-26,email_click
1988,evt_00020862,2026-05-29,email_open
1988,evt_00020876,2026-06-04,email_open
1988,evt_00020877,2026-06-06,email_click
1988,evt_00020875,2026-06-09,email_click
1988,evt_00020856,2026-06-14,email_open
1988,evt_00020863,2026-06-16,email_open
1988,evt_00020858,2026-06-17,email_click
1988,evt_00020889,2026-06-30,email_open
1988,evt_00020888,2026-07-03,email_open
1988,evt_00020855,2026-07-05,form_fill
1988,evt_00020870,2026-07-07,demo_request
1988,evt_00020886,2026-07-10,website_visit
1988,evt_00020852,2026-07-17,email_open
1988,evt_00020881,2026-07-23,form_fill
1988,evt_00020869,2026-07-27,email_open
1988,evt_00020887,2026-07-27,email_open
1988,evt_00020857,2026-07-30,email_open
1988,evt_00020866,2026-08-01,demo_request
1988,evt_00020865,2026-08-04,website_visit
1988,evt_00020851,2026-08-07,email_open
1989,evt_00020896,2026-05-10,website_visit
1989,evt_00020897,2026-05-14,website_visit
1989,evt_00020894,2026-05-30,website_visit
1989,evt_00020895,2026-07-18,website_visit
1989,evt_00020893,2026-08-08,form_fill
1990,evt_00020901,2026-04-13,email_open
1990,evt_00020903,2026-04-16,email_open
1990,evt_00020905,2026-05-12,email_open
1990,evt_00020898,2026-06-05,form_fill
1990,evt_00020904,2026-07-01,form_fill
1990,evt_00020899,2026-07-15,form_fill
1990,evt_00020900,2026-07-30,email_click
1990,evt_00020902,2026-08-04,email_open
1991,evt_00020909,2026-07-11,email_open
1991,evt_00020913,2026-07-11,website_visit
1991,evt_00020906,2026-07-15,email_open
1991,evt_00020907,2026-07-15,email_open
1991,evt_00020911,2026-07-15,website_visit
1991,evt_00020910,2026-07-20,email_click
1991,evt_00020908,2026-07-22,demo_request
1991,evt_00020912,2026-07-22,website_visit
1992,evt_00020915,2026-07-06,email_open
1992,evt_00020923,2026-07-08,email_click
1992,evt_00020916,2026-07-11,form_fill
1992,evt_00020922,2026-07-18,email_click
1992,evt_00020914,2026-07-19,demo_request
1992,evt_00020918,2026-07-21,email_open
1992,evt_00020919,2026-07-22,website_visit
1992,evt_00020917,2026-07-30,email_open
1992,evt_00020921,2026-08-03,email_open
1992,evt_00020920,2026-08-04,email_open
1992,evt_00020924,2026-08-06,website_visit
1993,evt_00020925,2026-04-15,email_open
1993,evt_00020926,2026-06-18,email_open
1993,evt_00020927,2026-07-21,form_fill
1994,evt_00020934,2026-05-26,website_visit
1994,evt_00020938,2026-05-30,email_open
1994,evt_00020933,2026-06-04,email_click
1994,evt_00020931,2026-06-10,email_open
1994,evt_00020929,2026-06-20,email_open
1994,evt_00020932,2026-06-20,email_click
1994,evt_00020928,2026-06-25,email_open
1994,evt_00020937,2026-06-25,email_open
1994,evt_00020935,2026-07-26,email_click
1994,evt_00020936,2026-07-30,email_open
1994,evt_00020930,2026-08-07,email_click
1995,evt_00020941,2026-06-12,email_click
1995,evt_00020940,2026-07-02,website_visit
1995,evt_00020939,2026-07-19,website_visit
1996,evt_00020946,2026-06-28,email_open
1996,evt_00020944,2026-07-11,form_fill
1996,evt_00020948,2026-07-11,email_open
1996,evt_00020949,2026-07-16,website_visit
1996,evt_00020945,2026-07-19,email_open
1996,evt_00020943,2026-07-29,email_open
1996,evt_00020947,2026-08-01,website_visit
1996,evt_00020942,2026-08-08,website_visit
1997,evt_00020950,2026-08-05,website_visit
1997,evt_00020954,2026-08-05,email_click
1997,evt_00020953,2026-08-07,email_open
1997,evt_00020956,2026-08-07,form_fill
1997,evt_00020951,2026-08-08,form_fill
1997,evt_00020952,2026-08-08,website_visit
1997,evt_00020955,2026-08-08,email_click
1997,evt_00020957,2026-08-08,email_open
1999,evt_00020958,2026-07-18,form_fill
2000,evt_00020960,2026-07-31,email_click
2000,evt_00020961,2026-08-02,email_open
2000,evt_00020959,2026-08-07,email_click
2000,evt_00020962,2026-08-07,email_open
